Location Properties,,,In-Situ Vulink,,A,PFE,,,
Location Name = CLH_Adobe_AC4_PT-529155,,,Stage of Zero Flow (SZF),0.25,7.15,1.278,,Low Flow,
Location ID = 6423718288687104,,,Crossover,1,7.17,2.992,,High Flow,
Latitude = 38.95669174194336 °,,,,,,,,,
Longitude = -122.89144897460938 °,,,,,,,,,
Time shown in UTC,CHECK PDT / PST STUFF,,is this water or air temperature?,,,,,,
Date Time (UTC),Date Time (PST),Date Time (PDT),Temperature (F),Pressure (psi),Depth (ft),Water Level above SZF (ft),,Flow (cfs),
2/16/23 20:00,2/16/23 12:00,2/16/23 13:00,45.99183044,0.654766083,1.520776272,1.2708,2/16/23 13:00,14.686,
2/16/23 21:00,2/16/23 13:00,2/16/23 14:00,45.56177063,0.651285172,1.504598856,1.2546,2/16/23 14:00,14.133,
2/16/23 22:00,2/16/23 14:00,2/16/23 15:00,46.66240845,0.658103943,1.524016619,1.2740,2/16/23 15:00,14.798,
2/16/23 23:00,2/16/23 15:00,2/16/23 16:00,47.36045227,0.659492493,1.521858573,1.2719,2/16/23 16:00,14.723,
2/17/23 0:00,2/16/23 16:00,2/16/23 17:00,47.8148468,0.658180237,1.521436214,1.2714,2/16/23 17:00,14.709,
2/17/23 1:00,2/16/23 17:00,2/16/23 18:00,48.00348206,0.660849571,1.523266435,1.2733,2/16/23 18:00,14.772,
2/17/23 2:00,2/16/23 18:00,2/16/23 19:00,47.72453918,0.664512634,1.533906817,1.2839,2/16/23 19:00,15.144,
2/17/23 3:00,2/16/23 19:00,2/16/23 20:00,47.22883606,0.666377068,1.539001584,1.2890,2/16/23 20:00,15.325,
2/17/23 4:00,2/16/23 20:00,2/16/23 21:00,46.54139404,0.666849136,1.539017081,1.2890,2/16/23 21:00,15.325,
2/17/23 5:00,2/16/23 21:00,2/16/23 22:00,45.76952209,0.667437553,1.541280627,1.2913,2/16/23 22:00,15.406,
2/17/23 6:00,2/16/23 22:00,2/16/23 23:00,45.21281738,0.666012764,1.539540529,1.2895,2/16/23 23:00,15.344,
2/17/23 7:00,2/16/23 23:00,2/17/23 0:00,44.84636841,0.66652298,1.540548086,1.2905,2/17/23 0:00,15.380,
2/17/23 8:00,2/17/23 0:00,2/17/23 1:00,44.5611084,0.667067528,1.542109966,1.2921,2/17/23 1:00,15.436,
2/17/23 9:00,2/17/23 1:00,2/17/23 2:00,44.33443298,0.667807579,1.544729948,1.2947,2/17/23 2:00,15.530,
2/17/23 10:00,2/17/23 2:00,2/17/23 3:00,44.1197052,0.667373657,1.543667436,1.2937,2/17/23 3:00,15.491,
2/17/23 11:00,2/17/23 3:00,2/17/23 4:00,43.93027344,0.667838097,1.54538548,1.2954,2/17/23 4:00,15.553,
2/17/23 12:00,2/17/23 4:00,2/17/23 5:00,43.70744324,0.667206764,1.542796373,1.2928,2/17/23 5:00,15.460,
2/17/23 13:00,2/17/23 5:00,2/17/23 6:00,43.51391907,0.668420792,1.542200208,1.2922,2/17/23 6:00,15.439,
2/17/23 14:00,2/17/23 6:00,2/17/23 7:00,43.3884552,0.668310165,1.542787552,1.2928,2/17/23 7:00,15.460,
2/17/23 15:00,2/17/23 7:00,2/17/23 8:00,43.2282196,0.666047096,1.539850831,1.2899,2/17/23 8:00,15.355,
2/17/23 16:00,2/17/23 8:00,2/17/23 9:00,43.17746277,0.661380768,1.527617693,1.2776,2/17/23 9:00,14.924,
2/17/23 17:00,2/17/23 9:00,2/17/23 10:00,43.33503418,0.647583961,1.494834065,1.2448,2/17/23 10:00,13.807,
2/17/23 18:00,2/17/23 10:00,2/17/23 11:00,43.73812256,0.642605782,1.48621738,1.2362,2/17/23 11:00,13.523,
2/17/23 19:00,2/17/23 11:00,2/17/23 12:00,44.55844421,0.640030861,1.478942633,1.2289,2/17/23 12:00,13.286,
2/17/23 20:00,2/17/23 12:00,2/17/23 13:00,45.65899963,0.637420654,1.470972776,1.2210,2/17/23 13:00,13.030,
2/17/23 21:00,2/17/23 13:00,2/17/23 14:00,46.94302673,0.636135101,1.469692469,1.2197,2/17/23 14:00,12.989,
2/17/23 22:00,2/17/23 14:00,2/17/23 15:00,48.27965088,0.63514328,1.465257645,1.2153,2/17/23 15:00,12.848,
2/17/23 23:00,2/17/23 15:00,2/17/23 16:00,49.23908691,0.634508133,1.468550801,1.2186,2/17/23 16:00,12.953,
2/18/23 0:00,2/17/23 16:00,2/17/23 17:00,49.68326416,0.635872841,1.464450359,1.2145,2/17/23 17:00,12.823,
2/18/23 1:00,2/17/23 17:00,2/17/23 18:00,49.73231812,0.63694191,1.474070072,1.2241,2/17/23 18:00,13.129,
2/18/23 2:00,2/17/23 18:00,2/17/23 19:00,49.36372681,0.645974159,1.488890052,1.2389,2/17/23 19:00,13.610,
2/18/23 3:00,2/17/23 19:00,2/17/23 20:00,48.63937073,0.652968407,1.50636971,1.2564,2/17/23 20:00,14.193,
2/18/23 4:00,2/17/23 20:00,2/17/23 21:00,47.67672119,0.655958176,1.512782216,1.2628,2/17/23 21:00,14.411,
2/18/23 5:00,2/17/23 21:00,2/17/23 22:00,46.54007568,0.656164169,1.515637517,1.2656,2/17/23 22:00,14.509,
2/18/23 6:00,2/17/23 22:00,2/17/23 23:00,45.52318115,0.658351898,1.519436598,1.2694,2/17/23 23:00,14.639,
2/18/23 7:00,2/17/23 23:00,2/18/23 0:00,44.75974121,0.655869484,1.517755985,1.2678,2/18/23 0:00,14.581,
2/18/23 8:00,2/18/23 0:00,2/18/23 1:00,44.27442017,0.65802002,1.51888442,1.2689,2/18/23 1:00,14.620,
2/18/23 9:00,2/18/23 1:00,2/18/23 2:00,43.93961182,0.656245232,1.517124534,1.2671,2/18/23 2:00,14.560,
2/18/23 10:00,2/18/23 2:00,2/18/23 3:00,43.63270874,0.655961037,1.513268352,1.2633,2/18/23 3:00,14.428,
2/18/23 11:00,2/18/23 3:00,2/18/23 4:00,43.37241516,0.656329155,1.515461564,1.2655,2/18/23 4:00,14.503,
2/18/23 12:00,2/18/23 4:00,2/18/23 5:00,43.16414185,0.655412674,1.513138533,1.2631,2/18/23 5:00,14.423,
2/18/23 13:00,2/18/23 5:00,2/18/23 6:00,42.97850037,0.655073166,1.517381907,1.2674,2/18/23 6:00,14.569,
2/18/23 14:00,2/18/23 6:00,2/18/23 7:00,42.81018982,0.654308319,1.512887835,1.2629,2/18/23 7:00,14.415,
2/18/23 15:00,2/18/23 7:00,2/18/23 8:00,42.65121765,0.652615547,1.508888602,1.2589,2/18/23 8:00,14.278,
2/18/23 16:00,2/18/23 8:00,2/18/23 9:00,42.58307495,0.647485733,1.497695923,1.2477,2/18/23 9:00,13.902,
2/18/23 17:00,2/18/23 9:00,2/18/23 10:00,42.71002197,0.631203651,1.458946347,1.2089,2/18/23 10:00,12.650,
2/18/23 18:00,2/18/23 10:00,2/18/23 11:00,43.18015442,0.62853241,1.447769284,1.1978,2/18/23 11:00,12.303,
2/18/23 19:00,2/18/23 11:00,2/18/23 12:00,44.02766724,0.625638962,1.441917777,1.1919,2/18/23 12:00,12.124,
2/18/23 20:00,2/18/23 12:00,2/18/23 13:00,45.09290161,0.625761032,1.443301439,1.1933,2/18/23 13:00,12.166,
2/18/23 21:00,2/18/23 13:00,2/18/23 14:00,46.54139404,0.624148369,1.439178944,1.1892,2/18/23 14:00,12.041,
2/18/23 22:00,2/18/23 14:00,2/18/23 15:00,47.90518188,0.621918678,1.434948802,1.1849,2/18/23 15:00,11.913,
2/18/23 23:00,2/18/23 15:00,2/18/23 16:00,48.99233398,0.622313499,1.437531352,1.1875,2/18/23 16:00,11.991,
2/19/23 0:00,2/18/23 16:00,2/18/23 17:00,49.53873901,0.627486229,1.443209052,1.1932,2/18/23 17:00,12.163,
2/19/23 1:00,2/18/23 17:00,2/18/23 18:00,49.78930969,0.627692223,1.447082877,1.1971,2/18/23 18:00,12.282,
2/19/23 2:00,2/18/23 18:00,2/18/23 19:00,49.59842224,0.632590294,1.46225059,1.2123,2/18/23 19:00,12.753,
2/19/23 3:00,2/18/23 19:00,2/18/23 20:00,48.94591675,0.638979912,1.473960161,1.2240,2/18/23 20:00,13.126,
2/19/23 4:00,2/18/23 20:00,2/18/23 21:00,48.05923767,0.641509056,1.480130553,1.2301,2/18/23 21:00,13.325,
2/19/23 5:00,2/18/23 21:00,2/18/23 22:00,47.04009094,0.642825127,1.484596133,1.2346,2/18/23 22:00,13.470,
2/19/23 6:00,2/18/23 22:00,2/18/23 23:00,46.06236267,0.642892838,1.487717628,1.2377,2/18/23 23:00,13.572,
2/19/23 7:00,2/18/23 23:00,2/19/23 0:00,45.24613342,0.64413929,1.486397743,1.2364,2/19/23 0:00,13.529,
2/19/23 8:00,2/19/23 0:00,2/19/23 1:00,44.61046448,0.643633842,1.485909343,1.2359,2/19/23 1:00,13.513,
2/19/23 9:00,2/19/23 1:00,2/19/23 2:00,44.20108643,0.643853188,1.486076593,1.2361,2/19/23 2:00,13.518,
2/19/23 10:00,2/19/23 2:00,2/19/23 3:00,43.93293762,0.641798973,1.483597517,1.2336,2/19/23 3:00,13.437,
2/19/23 11:00,2/19/23 3:00,2/19/23 4:00,43.75814514,0.643382072,1.483579874,1.2336,2/19/23 4:00,13.437,
2/19/23 12:00,2/19/23 4:00,2/19/23 5:00,43.60466614,0.640600204,1.482853889,1.2329,2/19/23 5:00,13.413,
2/19/23 13:00,2/19/23 5:00,2/19/23 6:00,43.46719971,0.641223907,1.479780793,1.2298,2/19/23 6:00,13.313,
2/19/23 14:00,2/19/23 6:00,2/19/23 7:00,43.32434998,0.641291618,1.4801085,1.2301,2/19/23 7:00,13.324,
2/19/23 15:00,2/19/23 7:00,2/19/23 8:00,43.19218445,0.641096115,1.480821252,1.2308,2/19/23 8:00,13.347,
2/19/23 16:00,2/19/23 8:00,2/19/23 9:00,43.14675598,0.634399414,1.465686679,1.2157,2/19/23 9:00,12.862,
2/19/23 17:00,2/19/23 9:00,2/19/23 10:00,43.32033997,0.618107796,1.427766442,1.1778,2/19/23 10:00,11.698,
2/19/23 18:00,2/19/23 10:00,2/19/23 11:00,43.86355896,0.61096096,1.413927436,1.1639,2/19/23 11:00,11.292,
2/19/23 19:00,2/19/23 11:00,2/19/23 12:00,44.7104126,0.61005497,1.407842875,1.1578,2/19/23 12:00,11.116,
2/19/23 20:00,2/19/23 12:00,2/19/23 13:00,45.84538269,0.607966423,1.401307106,1.1513,2/19/23 13:00,10.930,
2/19/23 21:00,2/19/23 13:00,2/19/23 14:00,47.39500427,0.605050087,1.398638844,1.1486,2/19/23 14:00,10.854,
2/19/23 22:00,2/19/23 14:00,2/19/23 15:00,48.84907227,0.604034424,1.396410465,1.1464,2/19/23 15:00,10.791,
2/19/23 23:00,2/19/23 15:00,2/19/23 16:00,50.07954102,0.604535103,1.395845056,1.1458,2/19/23 16:00,10.775,
2/20/23 0:00,2/19/23 16:00,2/19/23 17:00,50.80801697,0.60381794,1.391434431,1.1414,2/19/23 17:00,10.652,
2/20/23 1:00,2/19/23 17:00,2/19/23 18:00,51.05424805,0.603473663,1.394377828,1.1444,2/19/23 18:00,10.734,
2/20/23 2:00,2/19/23 18:00,2/19/23 19:00,50.92848206,0.610830307,1.412911177,1.1629,2/19/23 19:00,11.262,
2/20/23 3:00,2/19/23 19:00,2/19/23 20:00,50.48224487,0.620639801,1.430745006,1.1807,2/19/23 20:00,11.787,
2/20/23 4:00,2/19/23 20:00,2/19/23 21:00,49.74555664,0.62346077,1.436640382,1.1866,2/19/23 21:00,11.964,
2/20/23 5:00,2/19/23 21:00,2/19/23 22:00,48.69246216,0.624357224,1.440569282,1.1906,2/19/23 22:00,12.083,
2/20/23 6:00,2/19/23 22:00,2/19/23 23:00,47.59698792,0.625247955,1.441660404,1.1917,2/19/23 23:00,12.116,
2/20/23 7:00,2/19/23 23:00,2/20/23 0:00,46.69168701,0.626023293,1.449834943,1.1998,2/20/23 0:00,12.367,
2/20/23 8:00,2/20/23 0:00,2/20/23 1:00,46.1209198,0.626020432,1.442428112,1.1924,2/20/23 1:00,12.140,
2/20/23 9:00,2/20/23 1:00,2/20/23 2:00,45.83475342,0.624135971,1.443721652,1.1937,2/20/23 2:00,12.179,
2/20/23 10:00,2/20/23 2:00,2/20/23 3:00,45.6483429,0.624955177,1.440932274,1.1909,2/20/23 3:00,12.094,
2/20/23 11:00,2/20/23 3:00,2/20/23 4:00,45.48453674,0.624022484,1.442461014,1.1925,2/20/23 4:00,12.141,
2/20/23 12:00,2/20/23 4:00,2/20/23 5:00,45.31540222,0.623689651,1.440982819,1.1910,2/20/23 5:00,12.096,
2/20/23 13:00,2/20/23 5:00,2/20/23 6:00,45.19683228,0.622012138,1.436059713,1.1861,2/20/23 6:00,11.947,
2/20/23 14:00,2/20/23 6:00,2/20/23 7:00,45.10625,0.623502731,1.436893344,1.1869,2/20/23 7:00,11.972,
2/20/23 15:00,2/20/23 7:00,2/20/23 8:00,45.01160278,0.621930122,1.436658025,1.1867,2/20/23 8:00,11.965,
2/20/23 16:00,2/20/23 8:00,2/20/23 9:00,45.01695862,0.616933823,1.42565906,1.1757,2/20/23 9:00,11.636,
2/20/23 17:00,2/20/23 9:00,2/20/23 10:00,45.27409363,0.605728149,1.400534987,1.1505,2/20/23 10:00,10.908,
2/20/23 18:00,2/20/23 10:00,2/20/23 11:00,45.7508728,0.600527763,1.389157772,1.1392,2/20/23 11:00,10.588,
2/20/23 19:00,2/20/23 11:00,2/20/23 12:00,46.46558838,0.596838951,1.380175829,1.1302,2/20/23 12:00,10.340,
2/20/23 20:00,2/20/23 12:00,2/20/23 13:00,47.52524719,0.593934059,1.369339705,1.1193,2/20/23 13:00,10.046,
2/20/23 21:00,2/20/23 13:00,2/20/23 14:00,48.81855774,0.59192276,1.368039489,1.1180,2/20/23 14:00,10.012,
2/20/23 22:00,2/20/23 14:00,2/20/23 15:00,50.14180603,0.590730667,1.364915848,1.1149,2/20/23 15:00,9.928,
2/20/23 23:00,2/20/23 15:00,2/20/23 16:00,51.20778198,0.590796471,1.364467025,1.1145,2/20/23 16:00,9.916,
2/21/23 0:00,2/20/23 16:00,2/20/23 17:00,51.89970093,0.589168549,1.360058665,1.1101,2/20/23 17:00,9.799,
2/21/23 1:00,2/20/23 17:00,2/20/23 18:00,52.22363281,0.596197128,1.370778322,1.1208,2/20/23 18:00,10.085,
2/21/23 2:00,2/20/23 18:00,2/20/23 19:00,52.1548584,0.605506897,1.394419551,1.1444,2/20/23 19:00,10.735,
2/21/23 3:00,2/20/23 19:00,2/20/23 20:00,51.82562561,0.612184525,1.408540249,1.1585,2/20/23 20:00,11.136,
2/21/23 4:00,2/20/23 20:00,2/20/23 21:00,51.23955994,0.61493206,1.419160843,1.1692,2/20/23 21:00,11.445,
2/21/23 5:00,2/20/23 21:00,2/20/23 22:00,50.3710083,0.615638733,1.419352174,1.1694,2/20/23 22:00,11.450,
2/21/23 6:00,2/20/23 22:00,2/20/23 23:00,49.35177917,0.615049362,1.419613957,1.1696,2/20/23 23:00,11.458,
2/21/23 7:00,2/20/23 23:00,2/21/23 0:00,48.48545227,0.616662979,1.422627687,1.1726,2/21/23 0:00,11.546,
2/21/23 8:00,2/21/23 0:00,2/21/23 1:00,47.74313354,0.616088867,1.4249506,1.1750,2/21/23 1:00,11.615,
2/21/23 9:00,2/21/23 1:00,2/21/23 2:00,47.25679626,0.615820885,1.421587229,1.1716,2/21/23 2:00,11.516,
2/21/23 10:00,2/21/23 2:00,2/21/23 3:00,47.07464294,0.614915848,1.419438004,1.1694,2/21/23 3:00,11.453,
2/21/23 11:00,2/21/23 3:00,2/21/23 4:00,47.0361084,0.614579201,1.41979003,1.1698,2/21/23 4:00,11.463,
2/21/23 12:00,2/21/23 4:00,2/21/23 5:00,47.0068573,0.615235329,1.420438886,1.1704,2/21/23 5:00,11.482,
2/21/23 13:00,2/21/23 5:00,2/21/23 6:00,47.02281494,0.612017632,1.415251732,1.1653,2/21/23 6:00,11.330,
2/21/23 14:00,2/21/23 6:00,2/21/23 7:00,47.08661804,0.609120369,1.409362912,1.1594,2/21/23 7:00,11.160,
2/21/23 15:00,2/21/23 7:00,2/21/23 8:00,47.04009094,0.610919952,1.407451272,1.1575,2/21/23 8:00,11.105,
2/21/23 16:00,2/21/23 8:00,2/21/23 9:00,47.03479004,0.609015465,1.405605674,1.1556,2/21/23 9:00,11.052,
2/21/23 17:00,2/21/23 9:00,2/21/23 10:00,47.17832642,0.605613708,1.398306727,1.1483,2/21/23 10:00,10.845,
2/21/23 18:00,2/21/23 10:00,2/21/23 11:00,47.54249573,0.599001884,1.385935068,1.1359,2/21/23 11:00,10.499,
2/21/23 19:00,2/21/23 11:00,2/21/23 12:00,48.24248962,0.598662376,1.381748796,1.1317,2/21/23 12:00,10.383,
2/21/23 20:00,2/21/23 12:00,2/21/23 13:00,48.6858429,0.600409508,1.386366129,1.1364,2/21/23 13:00,10.511,
2/21/23 21:00,2/21/23 13:00,2/21/23 14:00,49.36372681,0.597532272,1.377815485,1.1278,2/21/23 14:00,10.276,
2/21/23 22:00,2/21/23 14:00,2/21/23 15:00,49.94833679,0.595695496,1.378585458,1.1286,2/21/23 15:00,10.297,
2/21/23 23:00,2/21/23 15:00,2/21/23 16:00,50.35906067,0.596159935,1.378405094,1.1284,2/21/23 16:00,10.292,
2/22/23 0:00,2/21/23 16:00,2/21/23 17:00,50.27561951,0.596860886,1.377692342,1.1277,2/21/23 17:00,10.272,
2/22/23 1:00,2/21/23 17:00,2/21/23 18:00,50.12192078,0.59787941,1.382199764,1.1322,2/21/23 18:00,10.396,
2/22/23 2:00,2/21/23 18:00,2/21/23 19:00,49.71905212,0.60279274,1.389159918,1.1392,2/21/23 19:00,10.588,
2/22/23 3:00,2/21/23 19:00,2/21/23 20:00,49.24966125,0.604793549,1.393733263,1.1437,2/21/23 20:00,10.716,
2/22/23 4:00,2/21/23 20:00,2/21/23 21:00,48.54516296,0.608401299,1.40356195,1.1536,2/21/23 21:00,10.994,
2/22/23 5:00,2/21/23 21:00,2/21/23 22:00,47.75241699,0.609662056,1.408795238,1.1588,2/21/23 22:00,11.144,
2/22/23 6:00,2/21/23 22:00,2/21/23 23:00,46.90180054,0.612132072,1.414615989,1.1646,2/21/23 23:00,11.312,
2/22/23 7:00,2/21/23 23:00,2/22/23 0:00,46.07568359,0.611326218,1.408749104,1.1587,2/22/23 0:00,11.142,
2/22/23 8:00,2/22/23 0:00,2/22/23 1:00,45.43128052,0.612037659,1.412286401,1.1623,2/22/23 1:00,11.244,
2/22/23 9:00,2/22/23 1:00,2/22/23 2:00,44.91300049,0.610281944,1.412834167,1.1628,2/22/23 2:00,11.260,
2/22/23 10:00,2/22/23 2:00,2/22/23 3:00,44.60379028,0.611813545,1.415275931,1.1653,2/22/23 3:00,11.331,
2/22/23 11:00,2/22/23 3:00,2/22/23 4:00,44.35445557,0.612201691,1.413100243,1.1631,2/22/23 4:00,11.268,
2/22/23 12:00,2/22/23 4:00,2/22/23 5:00,44.12904358,0.613431931,1.415753245,1.1658,2/22/23 5:00,11.345,
2/22/23 13:00,2/22/23 5:00,2/22/23 6:00,43.96894531,0.613752365,1.414446592,1.1644,2/22/23 6:00,11.307,
2/22/23 14:00,2/22/23 6:00,2/22/23 7:00,43.81417542,0.612844467,1.415291429,1.1653,2/22/23 7:00,11.332,
2/22/23 15:00,2/22/23 7:00,2/22/23 8:00,43.64872131,0.612257004,1.410387993,1.1604,2/22/23 8:00,11.190,
2/22/23 16:00,2/22/23 8:00,2/22/23 9:00,43.59799194,0.607412338,1.401672363,1.1517,2/22/23 9:00,10.940,
2/22/23 17:00,2/22/23 9:00,2/22/23 10:00,43.67676392,0.598603249,1.380239725,1.1302,2/22/23 10:00,10.342,
2/22/23 18:00,2/22/23 10:00,2/22/23 11:00,44.14107361,0.598449707,1.382826686,1.1328,2/22/23 11:00,10.413,
2/22/23 19:00,2/22/23 11:00,2/22/23 12:00,44.88369446,0.594683647,1.372678995,1.1227,2/22/23 12:00,10.136,
2/22/23 20:00,2/22/23 12:00,2/22/23 13:00,45.71091003,0.590956688,1.363321066,1.1133,2/22/23 13:00,9.886,
2/22/23 21:00,2/22/23 13:00,2/22/23 14:00,46.71563721,0.591819763,1.36427784,1.1143,2/22/23 14:00,9.911,
2/22/23 22:00,2/22/23 14:00,2/22/23 15:00,47.98090515,0.593696594,1.370470405,1.1205,2/22/23 15:00,10.077,
2/22/23 23:00,2/22/23 15:00,2/22/23 16:00,48.82251282,0.593604088,1.371394277,1.1214,2/22/23 16:00,10.102,
2/23/23 0:00,2/22/23 16:00,2/22/23 17:00,49.02021179,0.598016739,1.3792696,1.1293,2/22/23 17:00,10.315,
2/23/23 1:00,2/22/23 17:00,2/22/23 18:00,48.94459839,0.59844017,1.386150479,1.1362,2/22/23 18:00,10.505,
2/23/23 2:00,2/22/23 18:00,2/22/23 19:00,48.78936157,0.601133347,1.389822006,1.1398,2/22/23 19:00,10.607,
2/23/23 3:00,2/22/23 19:00,2/22/23 20:00,48.4801239,0.603193283,1.392012954,1.1420,2/22/23 20:00,10.668,
2/23/23 4:00,2/22/23 20:00,2/22/23 21:00,47.86931152,0.603074074,1.393830061,1.1438,2/22/23 21:00,10.719,
2/23/23 5:00,2/22/23 21:00,2/22/23 22:00,47.03877258,0.606015205,1.396940589,1.1469,2/22/23 22:00,10.806,
2/23/23 6:00,2/22/23 22:00,2/22/23 23:00,46.19411621,0.6067276,1.400167704,1.1502,2/22/23 23:00,10.897,
2/23/23 7:00,2/22/23 23:00,2/23/23 0:00,45.47388,0.603447914,1.39568007,1.1457,2/23/23 0:00,10.771,
2/23/23 8:00,2/23/23 0:00,2/23/23 1:00,44.92365723,0.606071472,1.40092659,1.1509,2/23/23 1:00,10.919,
2/23/23 9:00,2/23/23 1:00,2/23/23 2:00,44.50244141,0.603760719,1.399377942,1.1494,2/23/23 2:00,10.875,
2/23/23 10:00,2/23/23 2:00,2/23/23 3:00,44.12236938,0.603977203,1.393599153,1.1436,2/23/23 3:00,10.712,
2/23/23 11:00,2/23/23 3:00,2/23/23 4:00,43.88890991,0.602995872,1.39229691,1.1423,2/23/23 4:00,10.676,
2/23/23 12:00,2/23/23 4:00,2/23/23 5:00,43.61535034,0.601834297,1.391097903,1.1411,2/23/23 5:00,10.642,
2/23/23 13:00,2/23/23 5:00,2/23/23 6:00,43.57799683,0.601441383,1.385879993,1.1359,2/23/23 6:00,10.497,
2/23/23 14:00,2/23/23 6:00,2/23/23 7:00,43.49790649,0.603346825,1.392199993,1.1422,2/23/23 7:00,10.673,
2/23/23 15:00,2/23/23 7:00,2/23/23 8:00,43.3256958,0.604243279,1.395757079,1.1458,2/23/23 8:00,10.773,
2/23/23 16:00,2/23/23 8:00,2/23/23 9:00,43.4391571,0.598615646,1.386537671,1.1365,2/23/23 9:00,10.515,
2/23/23 17:00,2/23/23 9:00,2/23/23 10:00,43.83820801,0.595030785,1.372716427,1.1227,2/23/23 10:00,10.137,
2/23/23 18:00,2/23/23 10:00,2/23/23 11:00,44.06502075,0.596686363,1.373462081,1.1235,2/23/23 11:00,10.158,
2/23/23 19:00,2/23/23 11:00,2/23/23 12:00,44.34107971,0.597863197,1.382560492,1.1326,2/23/23 12:00,10.406,
2/23/23 20:00,2/23/23 12:00,2/23/23 13:00,45.02228699,0.595154762,1.375516772,1.1255,2/23/23 13:00,10.213,
2/23/23 21:00,2/23/23 13:00,2/23/23 14:00,45.82942505,0.59781456,1.378493071,1.1285,2/23/23 14:00,10.294,
2/23/23 22:00,2/23/23 14:00,2/23/23 15:00,46.03442993,0.599241257,1.385825038,1.1358,2/23/23 15:00,10.496,
2/23/23 23:00,2/23/23 15:00,2/23/23 16:00,46.65046082,0.605923653,1.398550868,1.1486,2/23/23 16:00,10.851,
2/24/23 0:00,2/23/23 16:00,2/23/23 17:00,46.90712891,0.612820625,1.415830374,1.1658,2/23/23 17:00,11.347,
2/24/23 1:00,2/23/23 17:00,2/23/23 18:00,46.82602234,0.614855766,1.420232177,1.1702,2/23/23 18:00,11.476,
2/24/23 2:00,2/23/23 18:00,2/23/23 19:00,45.78015137,0.619606018,1.432038426,1.1820,2/23/23 19:00,11.826,
2/24/23 3:00,2/23/23 19:00,2/23/23 20:00,44.36645813,0.629523277,1.452958584,1.2030,2/23/23 20:00,12.463,
2/24/23 4:00,2/23/23 20:00,2/23/23 21:00,43.35239258,0.64409256,1.48420012,1.2342,2/23/23 21:00,13.457,
2/24/23 5:00,2/23/23 21:00,2/23/23 22:00,42.15669556,0.654812813,1.515892744,1.2659,2/23/23 22:00,14.517,
2/24/23 6:00,2/23/23 22:00,2/23/23 23:00,40.84289551,0.666195869,1.540523887,1.2905,2/23/23 23:00,15.379,
2/24/23 7:00,2/23/23 23:00,2/24/23 0:00,40.08876648,0.673537254,1.559842587,1.3098,2/24/23 0:00,16.078,
2/24/23 8:00,2/24/23 0:00,2/24/23 1:00,39.80331421,0.678276062,1.567396641,1.3174,2/24/23 1:00,16.357,
2/24/23 9:00,2/24/23 1:00,2/24/23 2:00,39.93866577,0.681843758,1.582689643,1.3327,2/24/23 2:00,16.932,
2/24/23 10:00,2/24/23 2:00,2/24/23 3:00,39.51234131,0.695252419,1.602908134,1.3529,2/24/23 3:00,17.712,
2/24/23 11:00,2/24/23 3:00,2/24/23 4:00,39.63437195,0.70631218,1.633879066,1.3839,2/24/23 4:00,18.953,
2/24/23 12:00,2/24/23 4:00,2/24/23 5:00,38.88051758,0.720218658,1.659084558,1.4091,2/24/23 5:00,20.005,
2/24/23 13:00,2/24/23 5:00,2/24/23 6:00,38.98249817,0.722984314,1.671205282,1.4212,2/24/23 6:00,20.524,
2/24/23 14:00,2/24/23 6:00,2/24/23 7:00,39.5418396,0.722154617,1.669821739,1.4198,2/24/23 7:00,20.465,
2/24/23 15:00,2/24/23 7:00,2/24/23 8:00,40.22010803,0.722262383,1.664900661,1.4149,2/24/23 8:00,20.253,
2/24/23 16:00,2/24/23 8:00,2/24/23 9:00,41.07583313,0.71835041,1.664872169,1.4149,2/24/23 9:00,20.252,
2/24/23 17:00,2/24/23 9:00,2/24/23 10:00,41.60306702,0.714722633,1.648987293,1.3990,2/24/23 10:00,19.579,
2/24/23 18:00,2/24/23 10:00,2/24/23 11:00,42.21687317,0.706672668,1.630790591,1.3808,2/24/23 11:00,18.827,
2/24/23 19:00,2/24/23 11:00,2/24/23 12:00,42.98520203,0.704476357,1.625700235,1.3757,2/24/23 12:00,18.620,
2/24/23 20:00,2/24/23 12:00,2/24/23 13:00,43.66473389,0.704375267,1.627554655,1.3776,2/24/23 13:00,18.695,
2/24/23 21:00,2/24/23 13:00,2/24/23 14:00,44.89303284,0.703305244,1.622653604,1.3727,2/24/23 14:00,18.497,
2/24/23 22:00,2/24/23 14:00,2/24/23 15:00,45.39131775,0.70695591,1.63670361,1.3867,2/24/23 15:00,19.069,
2/24/23 23:00,2/24/23 15:00,2/24/23 16:00,45.64301453,0.709938049,1.638918877,1.3889,2/24/23 16:00,19.161,
2/25/23 0:00,2/24/23 16:00,2/24/23 17:00,45.68163147,0.712593079,1.645650268,1.3957,2/24/23 17:00,19.440,
2/25/23 1:00,2/24/23 17:00,2/24/23 18:00,45.20479736,0.714220047,1.64886868,1.3989,2/24/23 18:00,19.574,
2/25/23 2:00,2/24/23 18:00,2/24/23 19:00,44.40510254,0.713401794,1.649266839,1.3993,2/24/23 19:00,19.591,
2/25/23 3:00,2/24/23 19:00,2/24/23 20:00,43.88358154,0.719486237,1.658959031,1.4090,2/24/23 20:00,20.000,
2/25/23 4:00,2/24/23 20:00,2/24/23 21:00,43.39512939,0.72031498,1.667153239,1.4172,2/24/23 21:00,20.350,
2/25/23 5:00,2/24/23 21:00,2/24/23 22:00,42.93842773,0.724406242,1.673301816,1.4233,2/24/23 22:00,20.615,
2/25/23 6:00,2/24/23 22:00,2/24/23 23:00,42.54165649,0.726297379,1.673444748,1.4234,2/24/23 23:00,20.621,
2/25/23 7:00,2/24/23 23:00,2/25/23 0:00,42.35722351,0.72341156,1.668851614,1.4189,2/25/23 0:00,20.423,
2/25/23 8:00,2/25/23 0:00,2/25/23 1:00,42.20217896,0.724563599,1.673979282,1.4240,2/25/23 1:00,20.644,
2/25/23 9:00,2/25/23 1:00,2/25/23 2:00,42.21819153,0.725269318,1.67423892,1.4242,2/25/23 2:00,20.656,
2/25/23 10:00,2/25/23 2:00,2/25/23 3:00,42.148703,0.725370407,1.674461126,1.4245,2/25/23 3:00,20.665,
2/25/23 11:00,2/25/23 3:00,2/25/23 4:00,41.76624146,0.726455688,1.679687858,1.4297,2/25/23 4:00,20.893,
2/25/23 12:00,2/25/23 4:00,2/25/23 5:00,41.88796997,0.729502678,1.685770392,1.4358,2/25/23 5:00,21.160,
2/25/23 13:00,2/25/23 5:00,2/25/23 6:00,41.55758362,0.733483315,1.693551064,1.4436,2/25/23 6:00,21.505,
2/25/23 14:00,2/25/23 6:00,2/25/23 7:00,41.54019775,0.731128693,1.686205864,1.4362,2/25/23 7:00,21.179,
2/25/23 15:00,2/25/23 7:00,2/25/23 8:00,41.79433899,0.728655815,1.680090308,1.4301,2/25/23 8:00,20.911,
2/25/23 16:00,2/25/23 8:00,2/25/23 9:00,42.12461548,0.722837448,1.672243714,1.4222,2/25/23 9:00,20.569,
2/25/23 17:00,2/25/23 9:00,2/25/23 10:00,42.51226807,0.717936516,1.657865882,1.4079,2/25/23 10:00,19.953,
2/25/23 18:00,2/25/23 10:00,2/25/23 11:00,42.9330719,0.713411331,1.644207239,1.3942,2/25/23 11:00,19.380,
2/25/23 19:00,2/25/23 11:00,2/25/23 12:00,43.48988647,0.709654808,1.633617401,1.3836,2/25/23 12:00,18.943,
2/25/23 20:00,2/25/23 12:00,2/25/23 13:00,43.95559692,0.707554817,1.629563093,1.3796,2/25/23 13:00,18.777,
2/25/23 21:00,2/25/23 13:00,2/25/23 14:00,44.77171631,0.705211639,1.628331304,1.3783,2/25/23 14:00,18.727,
2/25/23 22:00,2/25/23 14:00,2/25/23 15:00,45.58176575,0.696268082,1.607837796,1.3578,2/25/23 15:00,17.906,
2/25/23 23:00,2/25/23 15:00,2/25/23 16:00,46.37377014,0.691273689,1.596359253,1.3464,2/25/23 16:00,17.457,
2/26/23 0:00,2/25/23 16:00,2/25/23 17:00,46.82467651,0.695879936,1.606053829,1.3561,2/25/23 17:00,17.836,
2/26/23 1:00,2/25/23 17:00,2/25/23 18:00,47.17703552,0.700193405,1.616252065,1.3663,2/25/23 18:00,18.240,
2/26/23 2:00,2/25/23 18:00,2/25/23 19:00,47.0533844,0.714810371,1.651946068,1.4019,2/25/23 19:00,19.703,
2/26/23 3:00,2/25/23 19:00,2/25/23 20:00,46.48684692,0.729359627,1.681040645,1.4310,2/25/23 20:00,20.952,
2/26/23 4:00,2/25/23 20:00,2/25/23 21:00,45.47923584,0.739354134,1.707000613,1.4570,2/25/23 21:00,22.110,
2/26/23 5:00,2/25/23 21:00,2/25/23 22:00,44.74908447,0.754749298,1.742498755,1.4925,2/25/23 22:00,23.761,
2/26/23 6:00,2/25/23 22:00,2/25/23 23:00,44.33311462,0.770663261,1.784068465,1.5341,2/25/23 23:00,25.797,
2/26/23 7:00,2/25/23 23:00,2/26/23 0:00,43.91162415,0.785708427,1.818356872,1.5684,2/26/23 0:00,27.561,
2/26/23 8:00,2/26/23 0:00,2/26/23 1:00,43.65273132,0.799025536,1.844386935,1.5944,2/26/23 1:00,28.952,
2/26/23 9:00,2/26/23 1:00,2/26/23 2:00,43.28161316,0.808131218,1.864981651,1.6150,2/26/23 2:00,30.085,
2/26/23 10:00,2/26/23 2:00,2/26/23 3:00,43.154776,0.815117836,1.883481979,1.6335,2/26/23 3:00,31.128,
2/26/23 11:00,2/26/23 3:00,2/26/23 4:00,43.1200592,0.821856499,1.902800679,1.6528,2/26/23 4:00,32.243,
2/26/23 12:00,2/26/23 4:00,2/26/23 5:00,43.14277344,0.828382492,1.911577821,1.6616,2/26/23 5:00,32.758,
2/26/23 13:00,2/26/23 5:00,2/26/23 6:00,43.17081604,0.831506729,1.919534564,1.6695,2/26/23 6:00,33.230,
2/26/23 14:00,2/26/23 6:00,2/26/23 7:00,43.16147766,0.833959579,1.925150633,1.6752,2/26/23 7:00,33.565,
2/26/23 15:00,2/26/23 7:00,2/26/23 8:00,43.15208435,0.83497715,1.927565932,1.6776,2/26/23 8:00,33.710,
2/26/23 16:00,2/26/23 8:00,2/26/23 9:00,43.19350281,0.835412025,1.92836225,1.6784,2/26/23 9:00,33.758,
2/26/23 17:00,2/26/23 9:00,2/26/23 10:00,43.36439514,0.835645676,1.932407618,1.6824,2/26/23 10:00,34.002,
2/26/23 18:00,2/26/23 10:00,2/26/23 11:00,43.65805969,0.837939262,1.9359231,1.6859,2/26/23 11:00,34.215,
2/26/23 19:00,2/26/23 11:00,2/26/23 12:00,44.08636169,0.839576721,1.942337632,1.6923,2/26/23 12:00,34.606,
2/26/23 20:00,2/26/23 12:00,2/26/23 13:00,44.71975098,0.844134331,1.954999685,1.7050,2/26/23 13:00,35.387,
2/26/23 21:00,2/26/23 13:00,2/26/23 14:00,45.39933777,0.857188225,1.981117964,1.7311,2/26/23 14:00,37.033,
2/26/23 22:00,2/26/23 14:00,2/26/23 15:00,46.35248413,0.879506111,2.03081584,1.7808,2/26/23 15:00,40.306,
2/26/23 23:00,2/26/23 15:00,2/26/23 16:00,46.67306519,0.94096756,2.166015863,1.9160,2/26/23 16:00,50.172,
2/27/23 0:00,2/26/23 16:00,2/26/23 17:00,45.88534546,1.035819054,2.389025211,2.1390,2/26/23 17:00,69.747,
2/27/23 1:00,2/26/23 17:00,2/26/23 18:00,44.27974854,1.126134872,2.595705509,2.3457,2/26/23 18:00,91.913,
2/27/23 2:00,2/26/23 18:00,2/26/23 19:00,43.24156799,1.19298172,2.755542994,2.5055,2/26/23 19:00,111.952,
2/27/23 3:00,2/26/23 19:00,2/26/23 20:00,42.86363831,1.225626945,2.833187342,2.5832,2/26/23 20:00,122.656,
2/27/23 4:00,2/26/23 20:00,2/26/23 21:00,42.65921021,1.239162445,2.86277914,2.6128,2/26/23 21:00,126.908,
2/27/23 5:00,2/26/23 21:00,2/26/23 22:00,42.6605835,1.242621422,2.868194818,2.6182,2/26/23 22:00,127.697,
2/27/23 6:00,2/26/23 22:00,2/26/23 23:00,42.75808716,1.23716259,2.853088856,2.6031,2/26/23 23:00,125.505,
2/27/23 7:00,2/26/23 23:00,2/27/23 0:00,42.67928772,1.227962494,2.832289696,2.5823,2/27/23 0:00,122.529,
2/27/23 8:00,2/27/23 0:00,2/27/23 1:00,42.71400452,1.222735405,2.816972494,2.5670,2/27/23 1:00,120.367,
2/27/23 9:00,2/27/23 1:00,2/27/23 2:00,42.63918762,1.209500313,2.790321827,2.5403,2/27/23 2:00,116.667,
2/27/23 10:00,2/27/23 2:00,2/27/23 3:00,42.57906494,1.203924179,2.777461767,2.5275,2/27/23 3:00,114.908,
2/27/23 11:00,2/27/23 3:00,2/27/23 4:00,42.60845337,1.187030792,2.739741802,2.4897,2/27/23 4:00,109.853,
2/27/23 12:00,2/27/23 4:00,2/27/23 5:00,42.6204834,1.17226696,2.697457314,2.4475,2/27/23 5:00,104.365,
2/27/23 13:00,2/27/23 5:00,2/27/23 6:00,42.5402832,1.158634186,2.670557976,2.4206,2/27/23 6:00,100.970,
2/27/23 14:00,2/27/23 6:00,2/27/23 7:00,42.46280212,1.145097733,2.643647909,2.3936,2/27/23 7:00,97.649,
2/27/23 15:00,2/27/23 7:00,2/27/23 8:00,42.45879211,1.133288383,2.61655736,2.3666,2/27/23 8:00,94.379,
2/27/23 16:00,2/27/23 8:00,2/27/23 9:00,42.36389771,1.140301704,2.626702785,2.3767,2/27/23 9:00,95.595,
2/27/23 17:00,2/27/23 9:00,2/27/23 10:00,42.12997131,1.151865005,2.655874491,2.4059,2/27/23 10:00,99.149,
2/27/23 18:00,2/27/23 10:00,2/27/23 11:00,42.21017151,1.189470291,2.747395039,2.4974,2/27/23 11:00,110.867,
2/27/23 19:00,2/27/23 11:00,2/27/23 12:00,42.35052185,1.26755619,2.928401232,2.6784,2/27/23 12:00,136.686,
2/27/23 20:00,2/27/23 12:00,2/27/23 13:00,42.61111755,1.319883347,3.047331572,2.7973,2/27/23 13:00,155.660,
2/27/23 21:00,2/27/23 13:00,2/27/23 14:00,42.19547729,1.342195511,3.091223955,2.8412,2/27/23 14:00,163.083,
2/27/23 22:00,2/27/23 14:00,2/27/23 15:00,42.46546631,1.357378006,3.143482447,2.8935,2/27/23 15:00,172.223,
2/27/23 23:00,2/27/23 15:00,2/27/23 16:00,42.86495667,1.37882328,3.179862738,2.9299,2/27/23 16:00,178.783,
2/28/23 0:00,2/27/23 16:00,2/27/23 17:00,42.64588928,1.399490356,3.233036518,2.9830,2/27/23 17:00,188.668,
2/28/23 1:00,2/27/23 17:00,2/27/23 18:00,42.1994873,1.41186142,3.261154413,3.0112,2/27/23 18:00,194.039,
2/28/23 2:00,2/27/23 18:00,2/27/23 19:00,42.25161743,1.410120964,3.267984867,3.0180,2/27/23 19:00,195.359,
2/28/23 3:00,2/27/23 19:00,2/27/23 20:00,42.29306335,1.424570084,3.286962748,3.0370,2/27/23 20:00,199.057,
2/28/23 4:00,2/27/23 20:00,2/27/23 21:00,42.42805786,1.427498817,3.295071125,3.0451,2/27/23 21:00,200.652,
2/28/23 5:00,2/27/23 21:00,2/27/23 22:00,42.45077209,1.419681549,3.285090446,3.0351,2/27/23 22:00,198.690,
2/28/23 6:00,2/27/23 22:00,2/27/23 23:00,42.49353638,1.41707325,3.268919706,3.0189,2/27/23 23:00,195.540,
2/28/23 7:00,2/27/23 23:00,2/28/23 0:00,42.56437073,1.403846741,3.232666969,2.9827,2/28/23 0:00,188.598,
2/28/23 8:00,2/28/23 0:00,2/28/23 1:00,42.5630249,1.391490936,3.204604149,2.9546,2/28/23 1:00,183.338,
2/28/23 9:00,2/28/23 1:00,2/28/23 2:00,42.47079468,1.37220192,3.166006327,2.9160,2/28/23 2:00,176.265,
2/28/23 10:00,2/28/23 2:00,2/28/23 3:00,42.33983765,1.35712719,3.126009703,2.8760,2/28/23 3:00,169.130,
2/28/23 11:00,2/28/23 3:00,2/28/23 4:00,42.148703,1.341786385,3.094954967,2.8450,2/28/23 4:00,163.724,
2/28/23 12:00,2/28/23 4:00,2/28/23 5:00,42.11123962,1.326693535,3.059164286,2.8092,2/28/23 5:00,157.638,
2/28/23 13:00,2/28/23 5:00,2/28/23 6:00,42.19281311,1.311815262,3.02307868,2.7731,2/28/23 6:00,151.657,
2/28/23 14:00,2/28/23 6:00,2/28/23 7:00,42.19547729,1.299161911,2.996494055,2.7465,2/28/23 7:00,147.348,
2/28/23 15:00,2/28/23 7:00,2/28/23 8:00,42.0524353,1.289497375,2.975430727,2.7254,2/28/23 8:00,143.993,
2/28/23 16:00,2/28/23 8:00,2/28/23 9:00,41.90532837,1.290722847,2.983255625,2.7333,2/28/23 9:00,145.233,
2/28/23 17:00,2/28/23 9:00,2/28/23 10:00,41.83045654,1.305958748,3.010150433,2.7602,2/28/23 10:00,149.551,
2/28/23 18:00,2/28/23 10:00,2/28/23 11:00,42.11662292,1.323161125,3.049234152,2.7992,2/28/23 11:00,155.977,
2/28/23 19:00,2/28/23 11:00,2/28/23 12:00,42.20217896,1.345411301,3.099699974,2.8497,2/28/23 12:00,164.543,
2/28/23 20:00,2/28/23 12:00,2/28/23 13:00,42.14334717,1.368534088,3.160478115,2.9105,2/28/23 13:00,175.267,
2/28/23 21:00,2/28/23 13:00,2/28/23 14:00,42.34920349,1.399477005,3.227801085,2.9778,2/28/23 14:00,187.679,
2/28/23 22:00,2/28/23 14:00,2/28/23 15:00,42.6712677,1.447184563,3.339364052,3.0894,2/28/23 15:00,209.511,
2/28/23 23:00,2/28/23 15:00,2/28/23 16:00,42.49620056,1.487668991,3.435330629,3.1853,2/28/23 16:00,229.592,
3/1/23 0:00,2/28/23 16:00,2/28/23 17:00,42.54563904,1.526379585,3.511861563,3.2619,2/28/23 17:00,246.495,
3/1/23 1:00,2/28/23 17:00,2/28/23 18:00,42.55231323,1.53780365,3.554447651,3.3044,2/28/23 18:00,256.249,
3/1/23 2:00,2/28/23 18:00,2/28/23 19:00,42.56167908,1.56384182,3.608914614,3.3589,2/28/23 19:00,269.096,
3/1/23 2:01,2/28/23 18:01,2/28/23 19:01,42.56568909,1.566707611,3.603116035,3.3531,2/28/23 19:01,267.708,
3/1/23 3:00,2/28/23 19:00,2/28/23 20:00,42.56036072,1.565180779,3.604081631,3.3541,2/28/23 20:00,267.939,
3/1/23 4:00,2/28/23 20:00,2/28/23 21:00,42.56568909,1.557864189,3.592024565,3.3420,2/28/23 21:00,265.067,
3/1/23 5:00,2/28/23 21:00,2/28/23 22:00,42.52828064,1.551123619,3.587472916,3.3375,2/28/23 22:00,263.989,
3/1/23 6:00,2/28/23 22:00,2/28/23 23:00,42.33049927,1.534700394,3.542676449,3.2927,2/28/23 23:00,253.528,
3/1/23 7:00,2/28/23 23:00,3/1/23 0:00,42.17542725,1.512413979,3.498620987,3.2486,3/1/23 0:00,243.513,
3/1/23 8:00,3/1/23 0:00,3/1/23 1:00,42.10190125,1.492417336,3.451474667,3.2015,3/1/23 1:00,233.092,
3/1/23 9:00,3/1/23 1:00,3/1/23 2:00,41.94144592,1.484650612,3.42348671,3.1735,3/1/23 2:00,227.048,
3/1/23 10:00,3/1/23 2:00,3/1/23 3:00,41.73682556,1.46883297,3.389405251,3.1394,3/1/23 3:00,219.830,
3/1/23 11:00,3/1/23 3:00,3/1/23 4:00,41.53618774,1.457313538,3.37160635,3.1216,3/1/23 4:00,216.122,
3/1/23 12:00,3/1/23 4:00,3/1/23 5:00,41.40372009,1.44585228,3.335969448,3.0860,3/1/23 5:00,208.823,
3/1/23 13:00,3/1/23 5:00,3/1/23 6:00,41.29132996,1.426021576,3.295354605,3.0454,3/1/23 6:00,200.708,
3/1/23 14:00,3/1/23 6:00,3/1/23 7:00,41.20700989,1.41338253,3.261466742,3.0115,3/1/23 7:00,194.099,
3/1/23 15:00,3/1/23 7:00,3/1/23 8:00,41.10664978,1.3956213,3.2117908,2.9618,3/1/23 8:00,184.676,
3/1/23 16:00,3/1/23 8:00,3/1/23 9:00,41.11063232,1.368555069,3.15579915,2.9058,3/1/23 9:00,174.425,
3/1/23 17:00,3/1/23 9:00,3/1/23 10:00,41.33414917,1.345571518,3.106330156,2.8563,3/1/23 10:00,165.691,
3/1/23 18:00,3/1/23 10:00,3/1/23 11:00,41.91469421,1.323209763,3.048200369,2.7982,3/1/23 11:00,155.805,
3/1/23 19:00,3/1/23 11:00,3/1/23 12:00,42.51625061,1.313058853,3.018509626,2.7685,3/1/23 12:00,150.910,
3/1/23 20:00,3/1/23 12:00,3/1/23 13:00,43.063974,1.295808792,2.990479708,2.7405,3/1/23 13:00,146.385,
3/1/23 21:00,3/1/23 13:00,3/1/23 14:00,43.31100159,1.282151222,2.959578991,2.7096,3/1/23 14:00,141.502,
3/1/23 22:00,3/1/23 14:00,3/1/23 15:00,43.39378357,1.27370739,2.939061642,2.6891,3/1/23 15:00,138.320,
3/1/23 23:00,3/1/23 15:00,3/1/23 16:00,43.44585876,1.256836891,2.901097298,2.6511,3/1/23 16:00,132.559,
3/2/23 0:00,3/1/23 16:00,3/1/23 17:00,43.31366577,1.243366241,2.870271444,2.6203,3/1/23 17:00,128.000,
3/2/23 1:00,3/1/23 17:00,3/1/23 18:00,42.88366089,1.235945702,2.854444027,2.6044,3/1/23 18:00,125.701,
3/2/23 2:00,3/1/23 18:00,3/1/23 19:00,42.54698486,1.230426788,2.839366436,2.5894,3/1/23 19:00,123.536,
3/2/23 3:00,3/1/23 19:00,3/1/23 20:00,42.32514343,1.227192879,2.833941698,2.5839,3/1/23 20:00,122.763,
3/2/23 4:00,3/1/23 20:00,3/1/23 21:00,42.17009888,1.221986771,2.815030098,2.5650,3/1/23 21:00,120.095,
3/2/23 5:00,3/1/23 21:00,3/1/23 22:00,42.33717346,1.213927269,2.803012371,2.5530,3/1/23 22:00,118.419,
3/2/23 6:00,3/1/23 22:00,3/1/23 23:00,42.43206787,1.20797348,2.795720339,2.5457,3/1/23 23:00,117.410,
3/2/23 7:00,3/1/23 23:00,3/2/23 0:00,42.54563904,1.201220512,2.771227598,2.5212,3/2/23 0:00,114.062,
3/2/23 8:00,3/2/23 0:00,3/2/23 1:00,42.65522766,1.194196701,2.762989283,2.5130,3/2/23 1:00,112.951,
3/2/23 9:00,3/2/23 1:00,3/2/23 2:00,42.57906494,1.185592651,2.735456705,2.4855,3/2/23 2:00,109.289,
3/2/23 10:00,3/2/23 2:00,3/2/23 3:00,42.44676208,1.181974411,2.728087187,2.4781,3/2/23 3:00,108.322,
3/2/23 11:00,3/2/23 3:00,3/2/23 4:00,42.32514343,1.171078682,2.702860117,2.4529,3/2/23 4:00,105.056,
3/2/23 12:00,3/2/23 4:00,3/2/23 5:00,42.21819153,1.163586617,2.690578461,2.4406,3/2/23 5:00,103.490,
3/2/23 13:00,3/2/23 5:00,3/2/23 6:00,42.14068298,1.161270142,2.680303097,2.4303,3/2/23 6:00,102.192,
3/2/23 14:00,3/2/23 6:00,3/2/23 7:00,42.0524353,1.155359268,2.66437006,2.4144,3/2/23 7:00,100.200,
3/2/23 15:00,3/2/23 7:00,3/2/23 8:00,42.00027771,1.148634911,2.648082733,2.3981,3/2/23 8:00,98.191,
3/2/23 16:00,3/2/23 8:00,3/2/23 9:00,42.02032776,1.137199402,2.62395072,2.3740,3/2/23 9:00,95.264,
3/2/23 17:00,3/2/23 9:00,3/2/23 10:00,42.34920349,1.120834351,2.584090471,2.3341,3/2/23 10:00,90.558,
3/2/23 18:00,3/2/23 10:00,3/2/23 11:00,43.07064819,1.108594894,2.560941935,2.3109,3/2/23 11:00,87.897,
3/2/23 19:00,3/2/23 11:00,3/2/23 12:00,43.91560669,1.102622032,2.541986227,2.2920,3/2/23 12:00,85.758,
3/2/23 20:00,3/2/23 12:00,3/2/23 13:00,44.57442932,1.097943306,2.539069414,2.2891,3/2/23 13:00,85.432,
3/2/23 21:00,3/2/23 13:00,3/2/23 14:00,45.01160278,1.095067978,2.524121523,2.2741,3/2/23 14:00,83.773,
3/2/23 22:00,3/2/23 14:00,3/2/23 15:00,45.22347412,1.088145256,2.503799915,2.2538,3/2/23 15:00,81.553,
3/2/23 23:00,3/2/23 15:00,3/2/23 16:00,45.18617554,1.083922386,2.49434948,2.2443,3/2/23 16:00,80.534,
3/3/23 0:00,3/2/23 16:00,3/2/23 17:00,45.26077271,1.079912186,2.4971807,2.2472,3/2/23 17:00,80.839,
3/3/23 1:00,3/2/23 17:00,3/2/23 18:00,44.96631165,1.081130981,2.494974136,2.2450,3/2/23 18:00,80.602,
3/3/23 2:00,3/2/23 18:00,3/2/23 19:00,44.26373596,1.082577705,2.493478298,2.2435,3/2/23 19:00,80.441,
3/3/23 3:00,3/2/23 19:00,3/2/23 20:00,43.82354126,1.087272644,2.507187366,2.2572,3/2/23 20:00,81.921,
3/3/23 4:00,3/2/23 20:00,3/2/23 21:00,43.64339294,1.086948395,2.505104303,2.2551,3/2/23 21:00,81.695,
3/3/23 5:00,3/2/23 21:00,3/2/23 22:00,43.76350098,1.089992523,2.515951633,2.2660,3/2/23 22:00,82.876,
3/3/23 6:00,3/2/23 22:00,3/2/23 23:00,43.63938293,1.092285156,2.522099972,2.2721,3/2/23 23:00,83.551,
3/3/23 7:00,3/2/23 23:00,3/3/23 0:00,43.56330261,1.090488434,2.515592813,2.2656,3/3/23 0:00,82.837,
3/3/23 8:00,3/3/23 0:00,3/3/23 1:00,43.67140808,1.088026047,2.51399827,2.2640,3/3/23 1:00,82.662,
3/3/23 9:00,3/3/23 1:00,3/3/23 2:00,43.68209229,1.089360237,2.51603508,2.2660,3/3/23 2:00,82.885,
3/3/23 10:00,3/3/23 2:00,3/3/23 3:00,43.71812744,1.089844704,2.508813143,2.2588,3/3/23 3:00,82.097,
3/3/23 11:00,3/3/23 3:00,3/3/23 4:00,43.68341064,1.087052345,2.511092186,2.2611,3/3/23 4:00,82.345,
3/3/23 12:00,3/3/23 4:00,3/3/23 5:00,43.56997681,1.08372879,2.49766016,2.2477,3/3/23 5:00,80.890,
3/3/23 13:00,3/3/23 5:00,3/3/23 6:00,43.42981873,1.080554962,2.491865873,2.2419,3/3/23 6:00,80.268,
3/3/23 14:00,3/3/23 6:00,3/3/23 7:00,43.27763062,1.076032639,2.488596916,2.2386,3/3/23 7:00,79.918,
3/3/23 15:00,3/3/23 7:00,3/3/23 8:00,43.1374176,1.079511642,2.492791891,2.2428,3/3/23 8:00,80.367,
3/3/23 16:00,3/3/23 8:00,3/3/23 9:00,43.1374176,1.063085556,2.460538387,2.2105,3/3/23 9:00,76.959,
3/3/23 17:00,3/3/23 9:00,3/3/23 10:00,43.51658325,1.047214508,2.423654318,2.1737,3/3/23 10:00,73.180,
3/3/23 18:00,3/3/23 10:00,3/3/23 11:00,44.25843506,1.044265747,2.410310268,2.1603,3/3/23 11:00,71.844,
3/3/23 19:00,3/3/23 11:00,3/3/23 12:00,45.18351135,1.042538643,2.40948987,2.1595,3/3/23 12:00,71.763,
3/3/23 20:00,3/3/23 12:00,3/3/23 13:00,46.02110901,1.041285515,2.397797823,2.1478,3/3/23 13:00,70.606,
3/3/23 21:00,3/3/23 13:00,3/3/23 14:00,46.41634216,1.039146423,2.392419338,2.1424,3/3/23 14:00,70.079,
3/3/23 22:00,3/3/23 14:00,3/3/23 15:00,46.40304871,1.034183502,2.388468504,2.1385,3/3/23 15:00,69.693,
3/3/23 23:00,3/3/23 15:00,3/3/23 16:00,46.13690491,1.035105705,2.3912,2.1412,3/3/23 16:00,69.957,
3/4/23 0:00,3/3/23 16:00,3/3/23 17:00,45.75219116,1.037808418,2.3924,2.1424,3/3/23 17:00,70.072,
3/4/23 1:00,3/3/23 17:00,3/3/23 18:00,45.41664124,1.039382935,2.388580561,2.1386,3/3/23 18:00,69.704,
3/4/23 2:00,3/3/23 18:00,3/3/23 19:00,45.15953369,1.038943291,2.39431572,2.1443,3/3/23 19:00,70.264,
3/4/23 3:00,3/3/23 19:00,3/3/23 20:00,44.56643677,1.043298721,2.399975777,2.1500,3/3/23 20:00,70.821,
3/4/23 4:00,3/3/23 20:00,3/3/23 21:00,44.2223999,1.042239189,2.408053398,2.1581,3/3/23 21:00,71.620,
3/4/23 5:00,3/3/23 21:00,3/3/23 22:00,44.25041504,1.043478966,2.40550375,2.1555,3/3/23 22:00,71.367,
3/4/23 6:00,3/3/23 22:00,3/3/23 23:00,44.29441528,1.044510841,2.408583641,2.1586,3/3/23 23:00,71.672,
3/4/23 7:00,3/3/23 23:00,3/4/23 0:00,44.37445068,1.043492317,2.408726692,2.1587,3/4/23 0:00,71.687,
3/4/23 8:00,3/4/23 0:00,3/4/23 1:00,44.33577881,1.044596672,2.412969828,2.1630,3/4/23 1:00,72.109,
3/4/23 9:00,3/4/23 1:00,3/4/23 2:00,44.3024353,1.045629501,2.409507513,2.1595,3/4/23 2:00,71.764,
3/4/23 10:00,3/4/23 2:00,3/4/23 3:00,44.24640503,1.042311668,2.404014587,2.1540,3/4/23 3:00,71.220,
3/4/23 11:00,3/4/23 3:00,3/4/23 4:00,44.29040527,1.042442322,2.403158665,2.1532,3/4/23 4:00,71.135,
3/4/23 12:00,3/4/23 4:00,3/4/23 5:00,44.17705383,1.040799141,2.40674901,2.1567,3/4/23 5:00,71.490,
3/4/23 13:00,3/4/23 5:00,3/4/23 6:00,44.0396698,1.041064262,2.400598288,2.1506,3/4/23 6:00,70.882,
3/4/23 14:00,3/4/23 6:00,3/4/23 7:00,43.99432373,1.03802681,2.396904707,2.1469,3/4/23 7:00,70.518,
3/4/23 15:00,3/4/23 7:00,3/4/23 8:00,44.03700562,1.037666321,2.391642809,2.1416,3/4/23 8:00,70.003,
3/4/23 16:00,3/4/23 8:00,3/4/23 9:00,44.13439941,1.033305168,2.388921738,2.1389,3/4/23 9:00,69.737,
3/4/23 17:00,3/4/23 9:00,3/4/23 10:00,44.34778137,1.033993721,2.386466742,2.1365,3/4/23 10:00,69.498,
3/4/23 18:00,3/4/23 10:00,3/4/23 11:00,44.19707642,1.040011406,2.407213211,2.1572,3/4/23 11:00,71.536,
3/4/23 19:00,3/4/23 11:00,3/4/23 12:00,44.30108948,1.042901993,2.411168337,2.1612,3/4/23 12:00,71.930,
3/4/23 20:00,3/4/23 12:00,3/4/23 13:00,44.99163513,1.047814369,2.42269969,2.1727,3/4/23 13:00,73.084,
3/4/23 21:00,3/4/23 13:00,3/4/23 14:00,45.91726074,1.060982704,2.455052137,2.2051,3/4/23 14:00,76.389,
3/4/23 22:00,3/4/23 14:00,3/4/23 15:00,46.36044922,1.075911522,2.483337164,2.2333,3/4/23 15:00,79.358,
3/4/23 23:00,3/4/23 15:00,3/4/23 16:00,46.4322998,1.085689545,2.506850958,2.2569,3/4/23 16:00,81.884,
3/5/23 0:00,3/4/23 16:00,3/4/23 17:00,46.04239502,1.099627495,2.533679724,2.2837,3/4/23 17:00,84.831,
3/5/23 1:00,3/4/23 17:00,3/4/23 18:00,45.05293884,1.114108086,2.564395666,2.3144,3/4/23 18:00,88.291,
3/5/23 2:00,3/4/23 18:00,3/4/23 19:00,44.55578003,1.125061035,2.592007637,2.3420,3/4/23 19:00,91.480,
3/5/23 3:00,3/4/23 19:00,3/4/23 20:00,44.41177673,1.130819321,2.612511873,2.3625,3/4/23 20:00,93.898,
3/5/23 4:00,3/4/23 20:00,3/4/23 21:00,44.41045837,1.137358665,2.624091625,2.3741,3/4/23 21:00,95.281,
3/5/23 5:00,3/4/23 21:00,3/4/23 22:00,44.36379395,1.136305809,2.630770206,2.3808,3/4/23 22:00,96.085,
3/5/23 6:00,3/4/23 22:00,3/4/23 23:00,44.28375854,1.13568306,2.620123148,2.3701,3/4/23 23:00,94.806,
3/5/23 7:00,3/4/23 23:00,3/5/23 0:00,44.18372803,1.136991501,2.624364376,2.3744,3/5/23 0:00,95.314,
3/5/23 8:00,3/5/23 0:00,3/5/23 1:00,44.04367981,1.151110649,2.657218456,2.4072,3/5/23 1:00,99.315,
3/5/23 9:00,3/5/23 1:00,3/5/23 2:00,43.72079163,1.196919441,2.761418581,2.5114,3/5/23 2:00,112.740,
3/5/23 10:00,3/5/23 2:00,3/5/23 3:00,43.84087219,1.271609306,2.939903975,2.6899,3/5/23 3:00,138.450,
3/5/23 11:00,3/5/23 3:00,3/5/23 4:00,43.68610229,1.346887589,3.107256174,2.8573,3/5/23 4:00,165.851,
3/5/23 12:00,3/5/23 4:00,3/5/23 5:00,43.60068359,1.369211197,3.164061785,2.9141,3/5/23 5:00,175.914,
3/5/23 13:00,3/5/23 5:00,3/5/23 6:00,43.28966064,1.368145943,3.156888247,2.9069,3/5/23 6:00,174.621,
3/5/23 14:00,3/5/23 6:00,3/5/23 7:00,42.91975098,1.361239433,3.142580509,2.8926,3/5/23 7:00,172.062,
3/5/23 15:00,3/5/23 7:00,3/5/23 8:00,42.60979919,1.348873138,3.10825491,2.8583,3/5/23 8:00,166.025,
3/5/23 16:00,3/5/23 8:00,3/5/23 9:00,42.54563904,1.339570045,3.090542078,2.8405,3/5/23 9:00,162.965,
3/5/23 17:00,3/5/23 9:00,3/5/23 10:00,42.60845337,1.322611809,3.04451561,2.7945,3/5/23 10:00,155.192,
3/5/23 18:00,3/5/23 10:00,3/5/23 11:00,42.91837769,1.302814484,3.003414631,2.7534,3/5/23 11:00,148.462,
3/5/23 19:00,3/5/23 11:00,3/5/23 12:00,43.26428223,1.288600922,2.981579542,2.7316,3/5/23 12:00,144.967,
3/5/23 20:00,3/5/23 12:00,3/5/23 13:00,44.09570007,1.273611069,2.936072111,2.6861,3/5/23 13:00,137.860,
3/5/23 21:00,3/5/23 13:00,3/5/23 14:00,43.95430603,1.268429756,2.935880661,2.6859,3/5/23 14:00,137.831,
3/5/23 22:00,3/5/23 14:00,3/5/23 15:00,43.91426086,1.264795303,2.912278891,2.6623,3/5/23 15:00,134.239,
3/5/23 23:00,3/5/23 15:00,3/5/23 16:00,43.95828857,1.255548477,2.895773888,2.6458,3/5/23 16:00,131.764,
3/6/23 0:00,3/5/23 16:00,3/5/23 17:00,44.34107971,1.252389908,2.889262438,2.6393,3/5/23 17:00,130.796,
3/6/23 1:00,3/5/23 17:00,3/5/23 18:00,44.41578674,1.255197525,2.893512487,2.6435,3/5/23 18:00,131.427,
3/6/23 2:00,3/5/23 18:00,3/5/23 19:00,44.08369751,1.26021862,2.914370775,2.6644,3/5/23 19:00,134.555,
3/6/23 3:00,3/5/23 19:00,3/5/23 20:00,43.85422058,1.263310432,2.904784203,2.6548,3/5/23 20:00,133.111,
3/6/23 4:00,3/5/23 20:00,3/5/23 21:00,43.67407227,1.263209343,2.912892818,2.6629,3/5/23 21:00,134.331,
3/6/23 5:00,3/5/23 21:00,3/5/23 22:00,43.59933777,1.259775162,2.904355288,2.6544,3/5/23 22:00,133.047,
3/6/23 6:00,3/5/23 22:00,3/5/23 23:00,43.65273132,1.254212379,2.897936106,2.6479,3/5/23 23:00,132.086,
3/6/23 7:00,3/5/23 23:00,3/6/23 0:00,43.65937805,1.247765541,2.874778986,2.6248,3/6/23 0:00,128.660,
3/6/23 8:00,3/6/23 0:00,3/6/23 1:00,43.60200195,1.238117218,2.859930277,2.6099,3/6/23 1:00,126.495,
3/6/23 9:00,3/6/23 1:00,3/6/23 2:00,43.60601196,1.233523369,2.845739365,2.5957,3/6/23 2:00,124.448,
3/6/23 10:00,3/6/23 2:00,3/6/23 3:00,43.5940094,1.228107452,2.832041264,2.5820,3/6/23 3:00,122.493,
3/6/23 11:00,3/6/23 3:00,3/6/23 4:00,43.49524231,1.221485138,2.824014187,2.5740,3/6/23 4:00,121.358,
3/6/23 12:00,3/6/23 4:00,3/6/23 5:00,43.38441772,1.216614723,2.809596539,2.5596,3/6/23 5:00,119.335,
3/6/23 13:00,3/6/23 5:00,3/6/23 6:00,42.80887146,1.212878227,2.804350138,2.5544,3/6/23 6:00,118.605,
3/6/23 14:00,3/6/23 6:00,3/6/23 7:00,42.7500946,1.208436966,2.792374372,2.5424,3/6/23 7:00,116.949,
3/6/23 15:00,3/6/23 7:00,3/6/23 8:00,42.62449341,1.205592155,2.774786949,2.5248,3/6/23 8:00,114.545,
3/6/23 16:00,3/6/23 8:00,3/6/23 9:00,42.78747559,1.194236755,2.757995605,2.5080,3/6/23 9:00,112.281,
3/6/23 17:00,3/6/23 9:00,3/6/23 10:00,43.23091125,1.18687439,2.732275724,2.4823,3/6/23 10:00,108.871,
3/6/23 18:00,3/6/23 10:00,3/6/23 11:00,43.47120972,1.182195663,2.726461649,2.4765,3/6/23 11:00,108.109,
3/6/23 19:00,3/6/23 11:00,3/6/23 12:00,43.74880676,1.175245285,2.71064496,2.4606,3/6/23 12:00,106.057,
3/6/23 20:00,3/6/23 12:00,3/6/23 13:00,44.21440735,1.182788849,2.73071599,2.4807,3/6/23 13:00,108.666,
3/6/23 21:00,3/6/23 13:00,3/6/23 14:00,43.82620544,1.190254211,2.748061419,2.4981,3/6/23 14:00,110.955,
3/6/23 22:00,3/6/23 14:00,3/6/23 15:00,43.66341553,1.208374977,2.787528276,2.5375,3/6/23 15:00,116.283,
3/6/23 23:00,3/6/23 15:00,3/6/23 16:00,43.9022583,1.216099739,2.808303118,2.5583,3/6/23 16:00,119.155,
3/7/23 0:00,3/6/23 16:00,3/6/23 17:00,43.82354126,1.236970901,2.851467609,2.6015,3/6/23 17:00,125.272,
3/7/23 1:00,3/6/23 17:00,3/6/23 18:00,43.56464844,1.243588448,2.881057262,2.6311,3/6/23 18:00,129.583,
3/7/23 2:00,3/6/23 18:00,3/6/23 19:00,43.45115967,1.251561165,2.88992238,2.6399,3/6/23 19:00,130.894,
3/7/23 3:00,3/6/23 19:00,3/6/23 20:00,43.36975098,1.257162094,2.89947629,2.6495,3/6/23 20:00,132.316,
3/7/23 4:00,3/6/23 20:00,3/6/23 21:00,43.28699646,1.260505676,2.89987874,2.6499,3/6/23 21:00,132.377,
3/7/23 5:00,3/6/23 21:00,3/6/23 22:00,43.4391571,1.257224083,2.899194479,2.6492,3/6/23 22:00,132.274,
3/7/23 6:00,3/6/23 22:00,3/6/23 23:00,43.59799194,1.252861977,2.883908272,2.6339,3/6/23 23:00,130.004,
3/7/23 7:00,3/6/23 23:00,3/7/23 0:00,43.51792908,1.252999306,2.891057491,2.6411,3/7/23 0:00,131.063,
3/7/23 8:00,3/7/23 0:00,3/7/23 1:00,43.51391907,1.256019592,2.897960424,2.6480,3/7/23 1:00,132.090,
3/7/23 9:00,3/7/23 1:00,3/7/23 2:00,43.37774353,1.256065369,2.894588232,2.6446,3/7/23 2:00,131.587,
3/7/23 10:00,3/7/23 2:00,3/7/23 3:00,43.3604126,1.252560616,2.893081188,2.6431,3/7/23 3:00,131.363,
3/7/23 11:00,3/7/23 3:00,3/7/23 4:00,43.28562317,1.247291565,2.877871752,2.6279,3/7/23 4:00,129.114,
3/7/23 12:00,3/7/23 4:00,3/7/23 5:00,43.1828186,1.243186951,2.864193439,2.6142,3/7/23 5:00,127.114,
3/7/23 13:00,3/7/23 5:00,3/7/23 6:00,43.0986908,1.240549088,2.867277622,2.6173,3/7/23 6:00,127.563,
3/7/23 14:00,3/7/23 6:00,3/7/23 7:00,43.02258301,1.234757423,2.856091499,2.6061,3/7/23 7:00,125.939,
3/7/23 15:00,3/7/23 7:00,3/7/23 8:00,42.91975098,1.226408005,2.82941246,2.5794,3/7/23 8:00,122.121,
3/7/23 16:00,3/7/23 8:00,3/7/23 9:00,42.88632507,1.216921806,2.804394007,2.5544,3/7/23 9:00,118.611,
3/7/23 17:00,3/7/23 9:00,3/7/23 10:00,43.31902161,1.208024979,2.788856745,2.5389,3/7/23 10:00,116.465,
3/7/23 18:00,3/7/23 10:00,3/7/23 11:00,43.71678162,1.198155403,2.773071051,2.5231,3/7/23 11:00,114.312,
3/7/23 19:00,3/7/23 11:00,3/7/23 12:00,44.5611084,1.189769745,2.737051487,2.4871,3/7/23 12:00,109.498,
3/7/23 20:00,3/7/23 12:00,3/7/23 13:00,45.52318115,1.18042469,2.728723049,2.4787,3/7/23 13:00,108.405,
3/7/23 21:00,3/7/23 13:00,3/7/23 14:00,45.85073853,1.177715302,2.714607,2.4646,3/7/23 14:00,106.568,
3/7/23 22:00,3/7/23 14:00,3/7/23 15:00,45.74290771,1.173438072,2.703363895,2.4534,3/7/23 15:00,105.120,
3/7/23 23:00,3/7/23 15:00,3/7/23 16:00,45.08757324,1.169325829,2.703436375,2.4534,3/7/23 16:00,105.130,
3/8/23 0:00,3/7/23 16:00,3/7/23 17:00,44.807724,1.174823761,2.714408875,2.4644,3/7/23 17:00,106.543,
3/8/23 1:00,3/7/23 17:00,3/7/23 18:00,44.45179443,1.179281235,2.719571829,2.4696,3/7/23 18:00,107.212,
3/8/23 2:00,3/7/23 18:00,3/7/23 19:00,44.28911438,1.179974556,2.722600937,2.4726,3/7/23 19:00,107.606,
3/8/23 3:00,3/7/23 19:00,3/7/23 20:00,44.08235168,1.181816101,2.729875803,2.4799,3/7/23 20:00,108.556,
3/8/23 4:00,3/7/23 20:00,3/7/23 21:00,44.14772034,1.183224678,2.724547863,2.4745,3/7/23 21:00,107.860,
3/8/23 5:00,3/7/23 21:00,3/7/23 22:00,44.25442505,1.182863235,2.732686996,2.4827,3/7/23 22:00,108.925,
3/8/23 6:00,3/7/23 22:00,3/7/23 23:00,44.3024353,1.188212395,2.746521711,2.4965,3/7/23 23:00,110.751,
3/8/23 7:00,3/7/23 23:00,3/8/23 0:00,44.39178162,1.195390701,2.761009693,2.5110,3/8/23 0:00,112.685,
3/8/23 8:00,3/8/23 0:00,3/8/23 1:00,44.40644836,1.207911491,2.780277729,2.5303,3/8/23 1:00,115.292,
3/8/23 9:00,3/8/23 1:00,3/8/23 2:00,44.29309692,1.236260414,2.866734266,2.6167,3/8/23 2:00,127.484,
3/8/23 10:00,3/8/23 2:00,3/8/23 3:00,44.14505615,1.276575089,2.939391613,2.6894,3/8/23 3:00,138.371,
3/8/23 11:00,3/8/23 3:00,3/8/23 4:00,44.00231628,1.327963829,3.062798262,2.8128,3/8/23 4:00,158.249,
3/8/23 12:00,3/8/23 4:00,3/8/23 5:00,43.89025574,1.402814865,3.236769676,2.9868,3/8/23 5:00,189.375,
3/8/23 13:00,3/8/23 5:00,3/8/23 6:00,43.64737549,1.453919411,3.353412151,3.1034,3/8/23 6:00,212.375,
3/8/23 14:00,3/8/23 6:00,3/8/23 7:00,43.48321228,1.479240417,3.407771111,3.1578,3/8/23 7:00,223.700,
3/8/23 15:00,3/8/23 7:00,3/8/23 8:00,43.16013184,1.476583481,3.416445255,3.1664,3/8/23 8:00,225.544,
3/8/23 16:00,3/8/23 8:00,3/8/23 9:00,43.03323975,1.459443092,3.362475157,3.1125,3/8/23 9:00,214.236,
3/8/23 17:00,3/8/23 9:00,3/8/23 10:00,43.15746765,1.441918373,3.335058928,3.0851,3/8/23 10:00,208.639,
3/8/23 18:00,3/8/23 10:00,3/8/23 11:00,43.576651,1.42726326,3.292431116,3.0424,3/8/23 11:00,200.132,
3/8/23 19:00,3/8/23 11:00,3/8/23 12:00,44.00099792,1.414053917,3.269825935,3.0198,3/8/23 12:00,195.715,
3/8/23 20:00,3/8/23 12:00,3/8/23 13:00,44.25176086,1.406788826,3.252504826,3.0025,3/8/23 13:00,192.376,
3/8/23 21:00,3/8/23 13:00,3/8/23 14:00,44.86369934,1.394824028,3.218603611,2.9686,3/8/23 14:00,185.950,
3/8/23 22:00,3/8/23 14:00,3/8/23 15:00,44.88103027,1.381893158,3.184511185,2.9345,3/8/23 15:00,179.633,
3/8/23 23:00,3/8/23 15:00,3/8/23 16:00,45.2674469,1.362841606,3.159296989,2.9093,3/8/23 16:00,175.054,
3/9/23 0:00,3/8/23 16:00,3/8/23 17:00,45.46322327,1.361330986,3.14377284,2.8938,3/8/23 17:00,172.274,
3/9/23 1:00,3/8/23 17:00,3/8/23 18:00,45.51252441,1.352567673,3.116739511,2.8667,3/8/23 18:00,167.504,
3/9/23 2:00,3/8/23 18:00,3/8/23 19:00,45.31672058,1.347582817,3.108978748,2.8590,3/8/23 19:00,166.151,
3/9/23 3:00,3/8/23 19:00,3/8/23 20:00,45.25544434,1.346669197,3.100212336,2.8502,3/8/23 20:00,164.631,
3/9/23 4:00,3/8/23 20:00,3/8/23 21:00,45.0489563,1.333846092,3.091934681,2.8419,3/8/23 21:00,163.205,
3/9/23 5:00,3/8/23 21:00,3/8/23 22:00,44.98364258,1.339268684,3.079549789,2.8295,3/8/23 22:00,161.086,
3/9/23 6:00,3/8/23 22:00,3/8/23 23:00,44.80640564,1.327607155,3.061894178,2.8119,3/8/23 23:00,158.097,
3/9/23 7:00,3/8/23 23:00,3/9/23 0:00,44.59442444,1.314865112,3.035725117,2.7857,3/9/23 0:00,153.736,
3/9/23 8:00,3/9/23 0:00,3/9/23 1:00,44.47843628,1.303630829,3.012510777,2.7625,3/9/23 1:00,149.934,
3/9/23 9:00,3/9/23 1:00,3/9/23 2:00,44.33844299,1.29238224,2.98664546,2.7366,3/9/23 2:00,145.773,
3/9/23 10:00,3/9/23 2:00,3/9/23 3:00,44.30776367,1.288277626,2.976572752,2.7266,3/9/23 3:00,144.174,
3/9/23 11:00,3/9/23 3:00,3/9/23 4:00,44.28510437,1.279029846,2.948920965,2.6989,3/9/23 4:00,139.843,
3/9/23 12:00,3/9/23 4:00,3/9/23 5:00,44.10635681,1.272296906,2.93108964,2.6811,3/9/23 5:00,137.097,
3/9/23 13:00,3/9/23 5:00,3/9/23 6:00,44.07702332,1.261295319,2.906308651,2.6563,3/9/23 6:00,133.340,
3/9/23 14:00,3/9/23 6:00,3/9/23 7:00,44.00767212,1.25371933,2.897942781,2.6479,3/9/23 7:00,132.087,
3/9/23 15:00,3/9/23 7:00,3/9/23 8:00,43.93694763,1.247150421,2.865044832,2.6150,3/9/23 8:00,127.238,
3/9/23 16:00,3/9/23 8:00,3/9/23 9:00,43.87825317,1.24141407,2.857541323,2.6075,3/9/23 9:00,126.149,
3/9/23 17:00,3/9/23 9:00,3/9/23 10:00,43.89291992,1.22743988,2.840499401,2.5905,3/9/23 10:00,123.698,
3/9/23 18:00,3/9/23 10:00,3/9/23 11:00,43.89426575,1.223848343,2.832710028,2.5827,3/9/23 11:00,122.588,
3/9/23 19:00,3/9/23 11:00,3/9/23 12:00,43.87825317,1.223420143,2.817306757,2.5673,3/9/23 12:00,120.414,
3/9/23 20:00,3/9/23 12:00,3/9/23 13:00,43.74081421,1.223586082,2.827278376,2.5773,3/9/23 13:00,121.819,
3/9/23 21:00,3/9/23 13:00,3/9/23 14:00,43.70744324,1.23089695,2.841764212,2.5918,3/9/23 14:00,123.879,
3/9/23 22:00,3/9/23 14:00,3/9/23 15:00,43.6687439,1.246926308,2.876941442,2.6269,3/9/23 15:00,128.978,
3/9/23 23:00,3/9/23 15:00,3/9/23 16:00,43.65937805,1.277685165,2.948116064,2.6981,3/9/23 16:00,139.718,
3/10/23 0:00,3/9/23 16:00,3/9/23 17:00,43.69810486,1.317475319,3.046310663,2.7963,3/9/23 17:00,155.490,
3/10/23 1:00,3/9/23 17:00,3/9/23 18:00,43.71546326,1.377369881,3.18050313,2.9305,3/9/23 18:00,178.900,
3/10/23 2:00,3/9/23 18:00,3/9/23 19:00,43.84889221,1.452277184,3.35947895,3.1095,3/9/23 19:00,213.619,
3/10/23 3:00,3/9/23 19:00,3/9/23 20:00,43.98764954,1.52377224,3.509615421,3.2596,3/9/23 20:00,245.987,
3/10/23 4:00,3/9/23 20:00,3/9/23 21:00,44.18773804,1.589256287,3.669057131,3.4191,3/9/23 21:00,283.770,
3/10/23 5:00,3/9/23 21:00,3/9/23 22:00,44.25176086,1.675317764,3.860703945,3.6107,3/9/23 22:00,334.067,
3/10/23 6:00,3/9/23 22:00,3/9/23 23:00,44.30644531,1.796322823,4.137557983,3.8876,3/9/23 23:00,416.709,
3/10/23 7:00,3/9/23 23:00,3/10/23 0:00,44.29441528,1.922257423,4.439542294,4.1895,3/10/23 0:00,521.245,
3/10/23 8:00,3/10/23 0:00,3/10/23 1:00,44.35310974,2.000338554,4.614327431,4.3643,3/10/23 1:00,589.050,
3/10/23 9:00,3/10/23 1:00,3/10/23 2:00,44.41976929,2.117308617,4.887604713,4.6376,3/10/23 2:00,706.431,
3/10/23 10:00,3/10/23 2:00,3/10/23 3:00,44.42111511,2.30970192,5.327270508,5.0773,3/10/23 3:00,926.328,
3/10/23 11:00,3/10/23 3:00,3/10/23 4:00,44.56511841,2.375546455,5.47620821,5.2262,3/10/23 4:00,1010.029,
3/10/23 12:00,3/10/23 4:00,3/10/23 5:00,44.65177307,2.273163795,5.242808819,4.9928,3/10/23 5:00,880.982,
3/10/23 13:00,3/10/23 5:00,3/10/23 6:00,44.61175537,2.16055584,4.984235287,4.7342,3/10/23 6:00,751.392,
3/10/23 14:00,3/10/23 6:00,3/10/23 7:00,44.50112305,2.067827225,4.764160633,4.5142,3/10/23 7:00,651.649,
3/10/23 15:00,3/10/23 7:00,3/10/23 8:00,44.44913025,1.999484062,4.611036777,4.3610,3/10/23 8:00,587.722,
3/10/23 16:00,3/10/23 8:00,3/10/23 9:00,44.51977234,1.944935799,4.48963213,4.2396,3/10/23 9:00,540.114,
3/10/23 17:00,3/10/23 9:00,3/10/23 10:00,44.68242493,1.903746605,4.386615276,4.1366,3/10/23 10:00,501.789,
3/10/23 18:00,3/10/23 10:00,3/10/23 11:00,44.98364258,1.870615959,4.321987152,4.0720,3/10/23 11:00,478.696,
3/10/23 19:00,3/10/23 11:00,3/10/23 12:00,45.31540222,1.844139099,4.262598991,4.0126,3/10/23 12:00,458.109,
3/10/23 20:00,3/10/23 12:00,3/10/23 13:00,45.56712646,1.820299149,4.210789204,3.9608,3/10/23 13:00,440.638,
3/10/23 21:00,3/10/23 13:00,3/10/23 14:00,46.14088745,1.804779053,4.166766644,3.9168,3/10/23 14:00,426.146,
3/10/23 22:00,3/10/23 14:00,3/10/23 15:00,46.39772034,1.749911308,4.038599968,3.7886,3/10/23 15:00,385.769,
3/10/23 23:00,3/10/23 15:00,3/10/23 16:00,47.02545166,1.686213493,3.88643527,3.6364,3/10/23 16:00,341.241,
3/11/23 0:00,3/10/23 16:00,3/10/23 17:00,47.44815063,1.644187927,3.8104496,3.5604,3/10/23 17:00,320.348,
3/11/23 1:00,3/10/23 17:00,3/10/23 18:00,47.7749939,1.628361702,3.756670713,3.5067,3/10/23 18:00,306.087,
3/11/23 2:00,3/10/23 18:00,3/10/23 19:00,47.59165955,1.608828545,3.714865684,3.4649,3/10/23 19:00,295.298,
3/11/23 3:00,3/10/23 19:00,3/10/23 20:00,47.35910645,1.585547447,3.668775797,3.4188,3/10/23 20:00,283.700,
3/11/23 4:00,3/10/23 20:00,3/10/23 21:00,47.23682861,1.57605648,3.626253605,3.3763,3/10/23 21:00,273.273,
3/11/23 5:00,3/10/23 21:00,3/10/23 22:00,47.12254333,1.538405418,3.55209589,3.3021,3/10/23 22:00,255.704,
3/11/23 6:00,3/10/23 22:00,3/10/23 23:00,47.04937439,1.526521683,3.520405531,3.2704,3/10/23 23:00,248.432,
3/11/23 7:00,3/10/23 23:00,3/11/23 0:00,46.95365601,1.51132679,3.487606525,3.2376,3/11/23 0:00,241.051,
3/11/23 8:00,3/11/23 0:00,3/11/23 1:00,46.87123108,1.496092796,3.446879625,3.1969,3/11/23 1:00,232.092,
3/11/23 9:00,3/11/23 1:00,3/11/23 2:00,46.79141541,1.48256588,3.435354471,3.1854,3/11/23 2:00,229.598,
3/11/23 10:00,3/11/23 2:00,3/11/23 3:00,46.66240845,1.474263191,3.404134989,3.1541,3/11/23 3:00,222.930,
3/11/23 11:00,3/11/23 3:00,3/11/23 4:00,46.48552856,1.458741188,3.36649847,3.1165,3/11/23 4:00,215.065,
3/11/23 12:00,3/11/23 4:00,3/11/23 5:00,46.37110596,1.449015617,3.332731485,3.0827,3/11/23 5:00,208.168,
3/11/23 13:00,3/11/23 5:00,3/11/23 6:00,46.29659119,1.432768822,3.302829504,3.0528,3/11/23 6:00,202.185,
3/11/23 14:00,3/11/23 6:00,3/11/23 7:00,46.26731262,1.415423393,3.269454241,3.0195,3/11/23 7:00,195.643,
3/11/23 15:00,3/11/23 7:00,3/11/23 8:00,46.26599426,1.400868416,3.234365225,2.9844,3/11/23 8:00,188.919,
3/11/23 16:00,3/11/23 8:00,3/11/23 9:00,46.276651,1.382605553,3.203317404,2.9533,3/11/23 9:00,183.099,
3/11/23 17:00,3/11/23 9:00,3/11/23 10:00,46.36179504,1.374283791,3.165080309,2.9151,3/11/23 10:00,176.098,
3/11/23 18:00,3/11/23 10:00,3/11/23 11:00,46.65444336,1.357131004,3.135774612,2.8858,3/11/23 11:00,170.854,
3/11/23 19:00,3/11/23 11:00,3/11/23 12:00,46.74356995,1.348402023,3.112881184,2.8629,3/11/23 12:00,166.830,
3/11/23 20:00,3/11/23 12:00,3/11/23 13:00,46.54804077,1.337870598,3.097821474,2.8478,3/11/23 13:00,164.218,
3/11/23 21:00,3/11/23 13:00,3/11/23 14:00,46.71165466,1.33191967,3.072798491,2.8228,3/11/23 14:00,159.939,
3/11/23 22:00,3/11/23 14:00,3/11/23 15:00,46.67572937,1.323551178,3.062208891,2.8122,3/11/23 15:00,158.150,
3/11/23 23:00,3/11/23 15:00,3/11/23 16:00,46.73955994,1.317164421,3.04569459,2.7957,3/11/23 16:00,155.388,
3/12/23 0:00,3/11/23 16:00,3/11/23 17:00,46.71827393,1.315556526,3.030054092,2.7801,3/11/23 17:00,152.801,
3/12/23 1:00,3/11/23 17:00,3/11/23 18:00,46.57597351,1.301235199,3.001333714,2.7513,3/11/23 18:00,148.126,
3/12/23 2:00,3/11/23 18:00,3/11/23 19:00,46.48951111,1.293607712,2.986163855,2.7362,3/11/23 19:00,145.696,
3/12/23 3:00,3/11/23 19:00,3/11/23 20:00,46.50415039,1.290194511,2.982428551,2.7324,3/11/23 20:00,145.102,
3/12/23 4:00,3/11/23 20:00,3/11/23 21:00,46.67572937,1.285052299,2.956013203,2.7060,3/11/23 21:00,140.945,
3/12/23 5:00,3/11/23 21:00,3/11/23 22:00,46.73557739,1.27672863,2.948404312,2.6984,3/11/23 22:00,139.763,
3/12/23 6:00,3/11/23 22:00,3/11/23 23:00,46.79012451,1.274263382,2.938892126,2.6889,3/11/23 23:00,138.294,
3/12/23 7:00,3/11/23 23:00,3/12/23 0:00,46.88054199,1.264526367,2.913123608,2.6631,3/12/23 0:00,134.366,
3/12/23 8:00,3/12/23 0:00,3/12/23 1:00,46.96164856,1.259642601,2.907925367,2.6579,3/12/23 1:00,133.583,
3/12/23 9:00,3/12/23 1:00,3/12/23 2:00,47.04539185,1.251757622,2.89653945,2.6465,3/12/23 2:00,131.878,
3/12/23 10:00,3/12/23 2:00,3/12/23 3:00,47.10389404,1.244653702,2.874209166,2.6242,3/12/23 3:00,128.577,
3/12/23 11:00,3/12/23 3:00,3/12/23 4:00,47.17434387,1.238303185,2.866012812,2.6160,3/12/23 4:00,127.379,
3/12/23 12:00,3/12/23 4:00,3/12/23 5:00,47.32189026,1.242714882,2.864367247,2.6144,3/12/23 5:00,127.139,
3/12/23 13:00,3/12/23 5:00,3/12/23 6:00,47.46940918,1.242585182,2.870951176,2.6210,3/12/23 6:00,128.100,
3/12/23 14:00,3/12/23 6:00,3/12/23 7:00,47.49731445,1.26462841,2.923119545,2.6731,3/12/23 7:00,135.881,
3/12/23 15:00,3/12/23 7:00,3/12/23 8:00,47.34713135,1.291457176,2.983187437,2.7332,3/12/23 8:00,145.223,
3/12/23 16:00,3/12/23 8:00,3/12/23 9:00,47.44815063,1.347603798,3.109510899,2.8595,3/12/23 9:00,166.243,
3/12/23 17:00,3/12/23 9:00,3/12/23 10:00,47.73780518,1.394680023,3.222435713,2.9724,3/12/23 10:00,186.669,
3/12/23 18:00,3/12/23 10:00,3/12/23 11:00,48.13759766,1.408312798,3.247051477,2.9971,3/12/23 11:00,191.332,
3/12/23 19:00,3/12/23 11:00,3/12/23 12:00,48.49204407,1.395541191,3.224149466,2.9741,3/12/23 12:00,186.991,
3/12/23 20:00,3/12/23 12:00,3/12/23 13:00,48.59160767,1.383402824,3.188310146,2.9383,3/12/23 13:00,180.330,
3/12/23 21:00,3/12/23 13:00,3/12/23 14:00,48.7322876,1.379253387,3.17487812,2.9249,3/12/23 14:00,177.874,
3/12/23 22:00,3/12/23 14:00,3/12/23 15:00,48.99499817,1.365457535,3.152948141,2.9029,3/12/23 15:00,173.914,
3/12/23 23:00,3/12/23 15:00,3/12/23 16:00,49.34515991,1.364133835,3.143755198,2.8938,3/12/23 16:00,172.271,
3/13/23 0:00,3/12/23 16:00,3/12/23 17:00,49.36504517,1.360860825,3.143377066,2.8934,3/12/23 17:00,172.204,
3/13/23 1:00,3/12/23 17:00,3/12/23 18:00,49.33851318,1.368972778,3.143946648,2.8939,3/12/23 18:00,172.305,
3/13/23 2:00,3/12/23 18:00,3/12/23 19:00,49.36109009,1.374040604,3.171591759,2.9216,3/12/23 19:00,177.277,
3/13/23 3:00,3/12/23 19:00,3/12/23 20:00,49.27355652,1.387824059,3.204564571,2.9546,3/12/23 20:00,183.331,
3/13/23 4:00,3/12/23 20:00,3/12/23 21:00,49.19794312,1.403729439,3.233091593,2.9831,3/12/23 21:00,188.678,
3/13/23 5:00,3/12/23 21:00,3/12/23 22:00,49.21387329,1.409198761,3.258380413,3.0084,3/12/23 22:00,193.504,
3/13/23 6:00,3/12/23 22:00,3/12/23 23:00,49.1541626,1.413018227,3.250302792,3.0003,3/12/23 23:00,191.954,
3/13/23 7:00,3/12/23 23:00,3/13/23 0:00,49.02284851,1.415995598,3.262892246,3.0129,3/13/23 0:00,194.374,
3/13/23 8:00,3/13/23 0:00,3/13/23 1:00,48.9552002,1.422997475,3.286513805,3.0365,3/13/23 1:00,198.969,
3/13/23 9:00,3/13/23 1:00,3/13/23 2:00,48.85170898,1.425634384,3.295088768,3.0451,3/13/23 2:00,200.655,
3/13/23 10:00,3/13/23 2:00,3/13/23 3:00,48.71503906,1.440807343,3.319579124,3.0696,3/13/23 3:00,205.522,
3/13/23 11:00,3/13/23 3:00,3/13/23 4:00,48.56639404,1.444393158,3.334258318,3.0843,3/13/23 4:00,208.477,
3/13/23 12:00,3/13/23 4:00,3/13/23 5:00,48.44958191,1.458358765,3.371245861,3.1212,3/13/23 5:00,216.047,
3/13/23 13:00,3/13/23 5:00,3/13/23 6:00,48.42041321,1.458482742,3.362327814,3.1123,3/13/23 6:00,214.205,
3/13/23 14:00,3/13/23 6:00,3/13/23 7:00,48.38984375,1.469808578,3.388663769,3.1387,3/13/23 7:00,219.674,
3/13/23 15:00,3/13/23 7:00,3/13/23 8:00,48.2637207,1.481241226,3.416346312,3.1663,3/13/23 8:00,225.523,
3/13/23 16:00,3/13/23 8:00,3/13/23 9:00,48.31285706,1.483445168,3.419353008,3.1694,3/13/23 9:00,226.164,
3/13/23 17:00,3/13/23 9:00,3/13/23 10:00,48.4164032,1.475102425,3.398468256,3.1485,3/13/23 10:00,221.734,
3/13/23 18:00,3/13/23 10:00,3/13/23 11:00,48.86895752,1.462814331,3.383879185,3.1339,3/13/23 11:00,218.674,
3/13/23 19:00,3/13/23 11:00,3/13/23 12:00,49.36109009,1.460903168,3.37266469,3.1227,3/13/23 12:00,216.341,
3/13/23 20:00,3/13/23 12:00,3/13/23 13:00,49.68856506,1.454406738,3.353698015,3.1037,3/13/23 13:00,212.433,
3/13/23 21:00,3/13/23 13:00,3/13/23 14:00,49.90062866,1.43970871,3.336794853,3.0868,3/13/23 14:00,208.990,
3/13/23 22:00,3/13/23 14:00,3/13/23 15:00,50.27430115,1.43282795,3.30166173,3.0517,3/13/23 15:00,201.954,
3/13/23 23:00,3/13/23 15:00,3/13/23 16:00,50.58557129,1.426007271,3.287347555,3.0373,3/13/23 16:00,199.133,
3/14/23 0:00,3/13/23 16:00,3/13/23 17:00,50.83452148,1.421010971,3.28729248,3.0373,3/13/23 17:00,199.122,
3/14/23 1:00,3/13/23 17:00,3/13/23 18:00,50.71666565,1.423146248,3.27851963,3.0285,3/13/23 18:00,197.406,
3/14/23 2:00,3/13/23 18:00,3/13/23 19:00,50.50874939,1.415585518,3.265492439,3.0155,3/13/23 19:00,194.876,
3/14/23 3:00,3/13/23 19:00,3/13/23 20:00,50.54319153,1.409812927,3.253118515,3.0031,3/13/23 20:00,192.493,
3/14/23 4:00,3/13/23 20:00,3/13/23 21:00,50.63987122,1.403906822,3.232365608,2.9824,3/13/23 21:00,188.541,
3/14/23 5:00,3/13/23 21:00,3/13/23 22:00,50.50874939,1.39751339,3.221021175,2.9710,3/13/23 22:00,186.403,
3/14/23 6:00,3/13/23 22:00,3/13/23 23:00,50.37762756,1.396823883,3.215330362,2.9653,3/13/23 23:00,185.337,
3/14/23 7:00,3/13/23 23:00,3/14/23 0:00,50.17361145,1.399635315,3.230559587,2.9806,3/14/23 0:00,188.199,
3/14/23 8:00,3/14/23 0:00,3/14/23 1:00,50.23057556,1.41395092,3.263585329,3.0136,3/14/23 1:00,194.508,
3/14/23 9:00,3/14/23 1:00,3/14/23 2:00,50.21733704,1.43570137,3.311675072,3.0617,3/14/23 2:00,203.943,
3/14/23 10:00,3/14/23 2:00,3/14/23 3:00,49.98544312,1.45353508,3.358763933,3.1088,3/14/23 3:00,213.472,
3/14/23 11:00,3/14/23 3:00,3/14/23 4:00,49.73627319,1.483934402,3.414075851,3.1641,3/14/23 4:00,225.039,
3/14/23 12:00,3/14/23 4:00,3/14/23 5:00,49.6766449,1.52485466,3.524966001,3.2750,3/14/23 5:00,249.470,
3/14/23 13:00,3/14/23 5:00,3/14/23 6:00,49.68326416,1.581348419,3.643405437,3.3934,3/14/23 6:00,277.448,
3/14/23 14:00,3/14/23 6:00,3/14/23 7:00,49.62226257,1.641544342,3.789989233,3.5400,3/14/23 7:00,314.871,
3/14/23 15:00,3/14/23 7:00,3/14/23 8:00,49.49103088,1.739450455,4.007888317,3.7579,3/14/23 8:00,376.488,
3/14/23 16:00,3/14/23 8:00,3/14/23 9:00,49.26427307,1.892220497,4.367760658,4.1178,3/14/23 9:00,494.977,
3/14/23 17:00,3/14/23 9:00,3/14/23 10:00,49.14622498,2.179636002,5.023332596,4.7733,3/14/23 10:00,770.112,
3/14/23 18:00,3/14/23 10:00,3/14/23 11:00,49.21917419,2.355873108,5.444225311,5.1942,3/14/23 11:00,991.648,
3/14/23 19:00,3/14/23 11:00,3/14/23 12:00,49.94171753,2.437164307,5.623658657,5.3737,3/14/23 12:00,1097.709,
3/14/23 20:00,3/14/23 12:00,3/14/23 13:00,50.67560425,2.442774773,5.634651184,5.3847,3/14/23 13:00,1104.441,
3/14/23 21:00,3/14/23 13:00,3/14/23 14:00,50.92848206,2.435992241,5.616335869,5.3663,3/14/23 14:00,1093.239,
3/14/23 22:00,3/14/23 14:00,3/14/23 15:00,51.11513977,2.4268713,5.600628853,5.3506,3/14/23 15:00,1083.693,
3/14/23 23:00,3/14/23 15:00,3/14/23 16:00,51.1508728,2.37985611,5.494913101,5.2449,3/14/23 16:00,1020.883,
3/15/23 0:00,3/14/23 16:00,3/14/23 17:00,50.9907196,2.339050293,5.396898746,5.1469,3/14/23 17:00,964.859,
3/15/23 1:00,3/14/23 17:00,3/14/23 18:00,50.89143066,2.276589394,5.254771709,5.0048,3/14/23 18:00,887.313,
3/15/23 2:00,3/14/23 18:00,3/14/23 19:00,50.52728882,2.2275877,5.134847164,4.8848,3/14/23 19:00,825.204,
3/15/23 3:00,3/14/23 19:00,3/14/23 20:00,50.17229309,2.15622139,4.971694469,4.7217,3/14/23 20:00,745.453,
3/15/23 4:00,3/14/23 20:00,3/14/23 21:00,50.06759338,2.077846527,4.7902174,4.5402,3/14/23 21:00,662.968,
3/15/23 5:00,3/14/23 21:00,3/14/23 22:00,49.79062805,2.029616356,4.674386978,4.4244,3/14/23 22:00,613.637,
3/15/23 6:00,3/14/23 22:00,3/14/23 23:00,49.57721863,1.977856636,4.574935913,4.3249,3/14/23 23:00,573.285,
3/15/23 7:00,3/14/23 23:00,3/15/23 0:00,49.3875946,1.953464508,4.507008553,4.2570,3/15/23 0:00,546.764,
3/15/23 8:00,3/15/23 0:00,3/15/23 1:00,49.17539368,1.919992447,4.43819809,4.1882,3/15/23 1:00,520.744,
3/15/23 9:00,3/15/23 1:00,3/15/23 2:00,49.05470886,1.898411751,4.380152225,4.1302,3/15/23 2:00,499.447,
3/15/23 10:00,3/15/23 2:00,3/15/23 3:00,48.93792419,1.874673843,4.322933197,4.0729,3/15/23 3:00,479.029,
3/15/23 11:00,3/15/23 3:00,3/15/23 4:00,48.83448792,1.857944489,4.299516201,4.0495,3/15/23 4:00,470.836,
3/15/23 12:00,3/15/23 4:00,3/15/23 5:00,48.72168579,1.849887848,4.266397953,4.0164,3/15/23 5:00,459.408,
3/15/23 13:00,3/15/23 5:00,3/15/23 6:00,48.54516296,1.833129883,4.235361099,3.9854,3/15/23 6:00,448.868,
3/15/23 14:00,3/15/23 6:00,3/15/23 7:00,48.40313721,1.820601463,4.204702377,3.9547,3/15/23 7:00,438.615,
3/15/23 15:00,3/15/23 7:00,3/15/23 8:00,48.30621033,1.816193581,4.192335129,3.9423,3/15/23 8:00,434.524,
3/15/23 16:00,3/15/23 8:00,3/15/23 9:00,48.33675232,1.787260056,4.110036373,3.8600,3/15/23 9:00,407.944,
3/15/23 17:00,3/15/23 9:00,3/15/23 10:00,48.51066589,1.771834373,4.081502914,3.8315,3/15/23 10:00,398.988,
3/15/23 18:00,3/15/23 10:00,3/15/23 11:00,48.7428894,1.760748863,4.053340912,3.8033,3/15/23 11:00,390.278,
3/15/23 19:00,3/15/23 11:00,3/15/23 12:00,48.94325256,1.753731728,4.036472797,3.7865,3/15/23 12:00,385.122,
3/15/23 20:00,3/15/23 12:00,3/15/23 13:00,49.20192566,1.745025635,4.016524792,3.7665,3/15/23 13:00,379.083,
3/15/23 21:00,3/15/23 13:00,3/15/23 14:00,49.46318054,1.728632927,3.995039225,3.7450,3/15/23 14:00,372.650,
3/15/23 22:00,3/15/23 14:00,3/15/23 15:00,49.6474762,1.728792191,3.978672743,3.7287,3/15/23 15:00,367.798,
3/15/23 23:00,3/15/23 15:00,3/15/23 16:00,49.66601563,1.718103409,3.963313818,3.7133,3/15/23 16:00,363.284,
3/16/23 0:00,3/15/23 16:00,3/15/23 17:00,49.43269348,1.708408356,3.938148022,3.6881,3/15/23 17:00,355.967,
3/16/23 1:00,3/15/23 17:00,3/15/23 18:00,49.2775116,1.702829361,3.934736013,3.6847,3/15/23 18:00,354.983,
3/16/23 2:00,3/15/23 18:00,3/15/23 19:00,49.50031433,1.708517075,3.931084394,3.6811,3/15/23 19:00,353.931,
3/16/23 3:00,3/15/23 19:00,3/15/23 20:00,49.565271,1.69550705,3.916081905,3.6661,3/15/23 20:00,349.633,
3/16/23 4:00,3/15/23 20:00,3/15/23 21:00,49.82243347,1.639697075,3.776141167,3.5261,3/15/23 21:00,311.200,
3/16/23 5:00,3/15/23 21:00,3/15/23 22:00,50.14578857,1.574004173,3.632729769,3.3827,3/15/23 22:00,274.844,
3/16/23 6:00,3/15/23 22:00,3/15/23 23:00,50.36966248,1.537022591,3.545615196,3.2956,3/15/23 23:00,254.206,
3/16/23 7:00,3/15/23 23:00,3/16/23 0:00,50.0940979,1.503828049,3.46860671,3.2186,3/16/23 0:00,236.844,
3/16/23 8:00,3/16/23 0:00,3/16/23 1:00,49.86220398,1.467562675,3.391131878,3.1411,3/16/23 1:00,220.192,
3/16/23 9:00,3/16/23 1:00,3/16/23 2:00,49.73495483,1.453006744,3.358145952,3.1081,3/16/23 2:00,213.345,
3/16/23 10:00,3/16/23 2:00,3/16/23 3:00,49.50163269,1.439448357,3.322913885,3.0729,3/16/23 3:00,206.191,
3/16/23 11:00,3/16/23 3:00,3/16/23 4:00,49.25630798,1.425926208,3.29227519,3.0423,3/16/23 4:00,200.101,
3/16/23 12:00,3/16/23 4:00,3/16/23 5:00,49.07459412,1.405211449,3.246745825,2.9967,3/16/23 5:00,191.274,
3/16/23 13:00,3/16/23 5:00,3/16/23 6:00,48.99631653,1.388353348,3.201858759,2.9519,3/16/23 6:00,182.829,
3/16/23 14:00,3/16/23 6:00,3/16/23 7:00,48.85437317,1.371023178,3.166233063,2.9162,3/16/23 7:00,176.306,
3/16/23 15:00,3/16/23 7:00,3/16/23 8:00,48.6964447,1.352959633,3.127111673,2.8771,3/16/23 8:00,169.324,
3/16/23 16:00,3/16/23 8:00,3/16/23 9:00,48.71237488,1.32700634,3.056718111,2.8067,3/16/23 9:00,157.228,
3/16/23 17:00,3/16/23 9:00,3/16/23 10:00,49.03482361,1.306844711,3.014981031,2.7650,3/16/23 10:00,150.336,
3/16/23 18:00,3/16/23 10:00,3/16/23 11:00,49.45521545,1.291833878,2.982817888,2.7328,3/16/23 11:00,145.164,
3/16/23 19:00,3/16/23 11:00,3/16/23 12:00,49.88340759,1.279961586,2.953346968,2.7033,3/16/23 12:00,140.530,
3/16/23 20:00,3/16/23 12:00,3/16/23 13:00,50.11928406,1.272882462,2.933843613,2.6838,3/16/23 13:00,137.518,
3/16/23 21:00,3/16/23 13:00,3/16/23 14:00,50.2703186,1.260754585,2.912217379,2.6622,3/16/23 14:00,134.229,
3/16/23 22:00,3/16/23 14:00,3/16/23 15:00,50.5418457,1.252555847,2.891145468,2.6411,3/16/23 15:00,131.076,
3/16/23 23:00,3/16/23 15:00,3/16/23 16:00,50.0291687,1.237465858,2.856890202,2.6069,3/16/23 16:00,126.055,
3/17/23 0:00,3/16/23 16:00,3/16/23 17:00,49.64217529,1.233110428,2.841557503,2.5916,3/16/23 17:00,123.849,
3/17/23 1:00,3/16/23 17:00,3/16/23 18:00,49.43928528,1.225833893,2.832439423,2.5824,3/16/23 18:00,122.550,
3/17/23 2:00,3/16/23 18:00,3/16/23 19:00,49.99870911,1.220180511,2.819315433,2.5693,3/16/23 19:00,120.696,
3/17/23 3:00,3/16/23 19:00,3/16/23 20:00,50.9324646,1.215027809,2.801483631,2.5515,3/16/23 20:00,118.207,
3/17/23 4:00,3/16/23 20:00,3/16/23 21:00,50.91524353,1.210074425,2.791133642,2.5411,3/16/23 21:00,116.778,
3/17/23 5:00,3/16/23 21:00,3/16/23 22:00,50.90994263,1.205332756,2.77802062,2.5280,3/16/23 22:00,114.984,
3/17/23 6:00,3/16/23 22:00,3/16/23 23:00,50.67560425,1.199662209,2.767428637,2.5174,3/16/23 23:00,113.549,
3/17/23 7:00,3/16/23 23:00,3/17/23 0:00,50.58688965,1.193219185,2.758024454,2.5080,3/17/23 0:00,112.284,
3/17/23 8:00,3/17/23 0:00,3/17/23 1:00,50.3471405,1.190696716,2.742528915,2.4925,3/17/23 1:00,110.222,
3/17/23 9:00,3/17/23 1:00,3/17/23 2:00,50.09011536,1.182089806,2.726894855,2.4769,3/17/23 2:00,108.166,
3/17/23 10:00,3/17/23 2:00,3/17/23 3:00,49.90991211,1.176551819,2.717310429,2.4673,3/17/23 3:00,106.918,
3/17/23 11:00,3/17/23 3:00,3/17/23 4:00,49.73231812,1.169047356,2.704518557,2.4545,3/17/23 4:00,105.268,
3/17/23 12:00,3/17/23 4:00,3/17/23 5:00,49.53610229,1.170656204,2.703418732,2.4534,3/17/23 5:00,105.127,
3/17/23 13:00,3/17/23 5:00,3/17/23 6:00,49.3239563,1.167502403,2.700013399,2.4500,3/17/23 6:00,104.691,
3/17/23 14:00,3/17/23 6:00,3/17/23 7:00,49.20057983,1.158802032,2.67910862,2.4291,3/17/23 7:00,102.041,
3/17/23 15:00,3/17/23 7:00,3/17/23 8:00,49.10909119,1.156100273,2.664502144,2.4145,3/17/23 8:00,100.217,
3/17/23 16:00,3/17/23 8:00,3/17/23 9:00,49.18072205,1.13952446,2.630917549,2.3809,3/17/23 9:00,96.103,
3/17/23 17:00,3/17/23 9:00,3/17/23 10:00,49.66335144,1.126001358,2.599539757,2.3495,3/17/23 10:00,92.363,
3/17/23 18:00,3/17/23 10:00,3/17/23 11:00,50.42267151,1.125511169,2.591842413,2.3418,3/17/23 11:00,91.461,
3/17/23 19:00,3/17/23 11:00,3/17/23 12:00,50.85435181,1.121221542,2.589561462,2.3396,3/17/23 12:00,91.195,
3/17/23 20:00,3/17/23 12:00,3/17/23 13:00,51.00395813,1.114679337,2.574406862,2.3244,3/17/23 13:00,89.439,
3/17/23 21:00,3/17/23 13:00,3/17/23 14:00,51.23821411,1.114358902,2.56844759,2.3184,3/17/23 14:00,88.754,
3/17/23 22:00,3/17/23 14:00,3/17/23 15:00,51.00527649,1.11162281,2.563163519,2.3132,3/17/23 15:00,88.150,
3/17/23 23:00,3/17/23 15:00,3/17/23 16:00,50.53258972,1.106546402,2.549111366,2.2991,3/17/23 16:00,86.558,
3/18/23 0:00,3/17/23 16:00,3/17/23 17:00,50.22662048,1.097649574,2.534177065,2.2842,3/17/23 17:00,84.886,
3/18/23 1:00,3/17/23 17:00,3/17/23 18:00,49.8754425,1.096007347,2.526946068,2.2769,3/17/23 18:00,84.085,
3/18/23 2:00,3/17/23 18:00,3/17/23 19:00,49.70845032,1.101219177,2.541896105,2.2919,3/17/23 19:00,85.748,
3/18/23 3:00,3/17/23 19:00,3/17/23 20:00,49.97750549,1.096957207,2.537329197,2.2873,3/17/23 20:00,85.237,
3/18/23 4:00,3/17/23 20:00,3/17/23 21:00,50.82521057,1.099312782,2.539410114,2.2894,3/17/23 21:00,85.470,
3/18/23 5:00,3/17/23 21:00,3/17/23 22:00,50.86363525,1.098553658,2.530954123,2.2810,3/17/23 22:00,84.529,
3/18/23 6:00,3/17/23 22:00,3/17/23 23:00,50.81463623,1.097255707,2.533272743,2.2833,3/17/23 23:00,84.786,
3/18/23 7:00,3/17/23 23:00,3/18/23 0:00,50.80936279,1.091748238,2.521563292,2.2716,3/18/23 0:00,83.492,
3/18/23 8:00,3/18/23 0:00,3/18/23 1:00,50.64116211,1.092578888,2.522628069,2.2726,3/18/23 1:00,83.609,
3/18/23 9:00,3/18/23 1:00,3/18/23 2:00,50.40278625,1.089528084,2.508925438,2.2589,3/18/23 2:00,82.110,
3/18/23 10:00,3/18/23 2:00,3/18/23 3:00,50.20939941,1.085065842,2.500302315,2.2503,3/18/23 3:00,81.175,
3/18/23 11:00,3/18/23 3:00,3/18/23 4:00,50.0940979,1.082702637,2.498654604,2.2487,3/18/23 4:00,80.998,
3/18/23 12:00,3/18/23 4:00,3/18/23 5:00,49.92183228,1.079817772,2.495000601,2.2450,3/18/23 5:00,80.604,
3/18/23 13:00,3/18/23 5:00,3/18/23 6:00,49.6474762,1.079586983,2.488082409,2.2381,3/18/23 6:00,79.864,
3/18/23 14:00,3/18/23 6:00,3/18/23 7:00,49.47378235,1.075688362,2.489239454,2.2392,3/18/23 7:00,79.987,
3/18/23 15:00,3/18/23 7:00,3/18/23 8:00,49.39421387,1.072324753,2.474788666,2.2248,3/18/23 8:00,78.453,
3/18/23 16:00,3/18/23 8:00,3/18/23 9:00,49.65409546,1.064007759,2.455536127,2.2055,3/18/23 9:00,76.439,
3/18/23 17:00,3/18/23 9:00,3/18/23 10:00,50.09280701,1.053862572,2.434211254,2.1842,3/18/23 10:00,74.249,
3/18/23 18:00,3/18/23 10:00,3/18/23 11:00,50.63325195,1.049137115,2.417970181,2.1680,3/18/23 11:00,72.609,
3/18/23 19:00,3/18/23 11:00,3/18/23 12:00,50.90865173,1.046131134,2.411669731,2.1617,3/18/23 12:00,71.980,
3/18/23 20:00,3/18/23 12:00,3/18/23 13:00,51.16012878,1.04517746,2.409206152,2.1592,3/18/23 13:00,71.734,
3/18/23 21:00,3/18/23 13:00,3/18/23 14:00,51.26070862,1.043414116,2.395761013,2.1458,3/18/23 14:00,70.406,
3/18/23 22:00,3/18/23 14:00,3/18/23 15:00,50.93510132,1.038459778,2.400497198,2.1505,3/18/23 15:00,70.872,
3/18/23 23:00,3/18/23 15:00,3/18/23 16:00,50.5007843,1.035076141,2.383356333,2.1334,3/18/23 16:00,69.195,
3/19/23 0:00,3/18/23 16:00,3/18/23 17:00,50.28226624,1.030768394,2.376486301,2.1265,3/18/23 17:00,68.531,
3/19/23 1:00,3/18/23 17:00,3/18/23 18:00,50.1828949,1.030716896,2.374858379,2.1249,3/18/23 18:00,68.374,
3/19/23 2:00,3/18/23 18:00,3/18/23 19:00,49.9934082,1.027606964,2.372122049,2.1221,3/18/23 19:00,68.111,
3/19/23 3:00,3/18/23 19:00,3/18/23 20:00,50.09011536,1.02913475,2.377058268,2.1271,3/18/23 20:00,68.586,
3/19/23 4:00,3/18/23 20:00,3/18/23 21:00,50.21733704,1.030104637,2.372838974,2.1228,3/18/23 21:00,68.180,
3/19/23 5:00,3/18/23 21:00,3/18/23 22:00,50.19613342,1.025061607,2.365177155,2.1152,3/18/23 22:00,67.446,
3/19/23 6:00,3/18/23 22:00,3/18/23 23:00,50.16300964,1.025637627,2.364345551,2.1143,3/18/23 23:00,67.367,
3/19/23 7:00,3/18/23 23:00,3/19/23 0:00,50.1828949,1.028319359,2.368641615,2.1186,3/19/23 0:00,67.777,
3/19/23 8:00,3/19/23 0:00,3/19/23 1:00,50.29550476,1.026404381,2.358841658,2.1088,3/19/23 1:00,66.843,
3/19/23 9:00,3/19/23 1:00,3/19/23 2:00,50.29284058,1.028628349,2.376233339,2.1262,3/19/23 2:00,68.506,
3/19/23 10:00,3/19/23 2:00,3/19/23 3:00,50.54585571,1.026585579,2.369174242,2.1192,3/19/23 3:00,67.828,
3/19/23 11:00,3/19/23 3:00,3/19/23 4:00,50.6133667,1.027949333,2.374389648,2.1244,3/19/23 4:00,68.329,
3/19/23 12:00,3/19/23 4:00,3/19/23 5:00,50.50344849,1.031888008,2.377889872,2.1279,3/19/23 5:00,68.666,
3/19/23 13:00,3/19/23 5:00,3/19/23 6:00,50.3657074,1.034080505,2.378683805,2.1287,3/19/23 6:00,68.743,
3/19/23 14:00,3/19/23 6:00,3/19/23 7:00,50.25974426,1.033748627,2.384746552,2.1347,3/19/23 7:00,69.330,
3/19/23 15:00,3/19/23 7:00,3/19/23 8:00,50.15770874,1.036996841,2.396495581,2.1465,3/19/23 8:00,70.478,
3/19/23 16:00,3/19/23 8:00,3/19/23 9:00,50.06097412,1.043739319,2.409501076,2.1595,3/19/23 9:00,71.764,
3/19/23 17:00,3/19/23 9:00,3/19/23 10:00,49.9536377,1.044370651,2.412283659,2.1623,3/19/23 10:00,72.041,
3/19/23 18:00,3/19/23 10:00,3/19/23 11:00,50.03847961,1.055434227,2.438976049,2.1890,3/19/23 11:00,74.734,
3/19/23 19:00,3/19/23 11:00,3/19/23 12:00,50.2186554,1.055701256,2.439114571,2.1891,3/19/23 12:00,74.749,
3/19/23 20:00,3/19/23 12:00,3/19/23 13:00,50.29017639,1.05773735,2.445005655,2.1950,3/19/23 13:00,75.352,
3/19/23 21:00,3/19/23 13:00,3/19/23 14:00,50.31404419,1.062427521,2.451145411,2.2011,3/19/23 14:00,75.984,
3/19/23 22:00,3/19/23 14:00,3/19/23 15:00,51.02911682,1.061389923,2.447359562,2.1974,3/19/23 15:00,75.594,
3/19/23 23:00,3/19/23 15:00,3/19/23 16:00,51.57428589,1.060048103,2.443151236,2.1932,3/19/23 16:00,75.162,
3/20/23 0:00,3/19/23 16:00,3/19/23 17:00,51.89440002,1.052504539,2.424285889,2.1743,3/19/23 17:00,73.244,
3/20/23 1:00,3/19/23 17:00,3/19/23 18:00,51.95784607,1.061075211,2.445559978,2.1956,3/19/23 18:00,75.409,
3/20/23 2:00,3/19/23 18:00,3/19/23 19:00,51.77668152,1.059726715,2.446002245,2.1960,3/19/23 19:00,75.454,
3/20/23 3:00,3/19/23 19:00,3/19/23 20:00,51.45387573,1.046889305,2.405741453,2.1557,3/19/23 20:00,71.390,
3/20/23 4:00,3/19/23 20:00,3/19/23 21:00,51.27792969,1.044298172,2.410941839,2.1609,3/19/23 21:00,71.907,
3/20/23 5:00,3/19/23 21:00,3/19/23 22:00,51.09528198,1.043987274,2.409250021,2.1593,3/19/23 22:00,71.739,
3/20/23 6:00,3/19/23 22:00,3/19/23 23:00,50.89936829,1.046002388,2.414804459,2.1648,3/19/23 23:00,72.292,
3/20/23 7:00,3/19/23 23:00,3/20/23 0:00,50.66898499,1.038862228,2.401282549,2.1513,3/20/23 0:00,70.950,
3/20/23 8:00,3/20/23 0:00,3/20/23 1:00,50.48095398,1.032623291,2.392606258,2.1426,3/20/23 1:00,70.097,
3/20/23 9:00,3/20/23 1:00,3/20/23 2:00,50.48095398,1.035240173,2.389034033,2.1390,3/20/23 2:00,69.748,
3/20/23 10:00,3/20/23 2:00,3/20/23 3:00,50.35642395,1.032519341,2.378219604,2.1282,3/20/23 3:00,68.698,
3/20/23 11:00,3/20/23 3:00,3/20/23 4:00,50.2994873,1.031025887,2.37771368,2.1277,3/20/23 4:00,68.649,
3/20/23 12:00,3/20/23 4:00,3/20/23 5:00,50.2000885,1.030239105,2.373107433,2.1231,3/20/23 5:00,68.205,
3/20/23 13:00,3/20/23 5:00,3/20/23 6:00,50.07157593,1.032593727,2.384361505,2.1344,3/20/23 6:00,69.293,
3/20/23 14:00,3/20/23 6:00,3/20/23 7:00,50.08349609,1.025657654,2.370170593,2.1202,3/20/23 7:00,67.924,
3/20/23 15:00,3/20/23 7:00,3/20/23 8:00,49.94833679,1.025011063,2.362728834,2.1127,3/20/23 8:00,67.213,
3/20/23 16:00,3/20/23 8:00,3/20/23 9:00,49.89796448,1.009636879,2.333469152,2.0835,3/20/23 9:00,64.466,
3/20/23 17:00,3/20/23 9:00,3/20/23 10:00,50.48224487,1.008477211,2.322441339,2.0724,3/20/23 10:00,63.450,
3/20/23 18:00,3/20/23 10:00,3/20/23 11:00,51.48433533,0.996796608,2.303430796,2.0534,3/20/23 11:00,61.725,
3/20/23 19:00,3/20/23 11:00,3/20/23 12:00,52.46552429,0.999473572,2.307104588,2.0571,3/20/23 12:00,62.056,
3/20/23 20:00,3/20/23 12:00,3/20/23 13:00,53.47862854,0.996757507,2.29675889,2.0468,3/20/23 13:00,61.127,
3/20/23 21:00,3/20/23 13:00,3/20/23 14:00,54.19521179,0.991698265,2.282675743,2.0327,3/20/23 14:00,59.877,
3/20/23 22:00,3/20/23 14:00,3/20/23 15:00,53.97095337,0.993619919,2.285438538,2.0354,3/20/23 15:00,60.121,
3/20/23 23:00,3/20/23 15:00,3/20/23 16:00,54.02368774,0.989243507,2.280447245,2.0304,3/20/23 16:00,59.681,
3/21/23 0:00,3/20/23 16:00,3/20/23 17:00,54.2901886,0.991027832,2.285678387,2.0357,3/20/23 17:00,60.142,
3/21/23 1:00,3/20/23 17:00,3/20/23 18:00,54.13717651,0.986974716,2.271874666,2.0219,3/20/23 18:00,58.930,
3/21/23 2:00,3/20/23 18:00,3/20/23 19:00,53.32547913,0.991483688,2.282770395,2.0328,3/20/23 19:00,59.885,
3/21/23 3:00,3/20/23 19:00,3/20/23 20:00,52.63729553,0.991419792,2.292992592,2.0430,3/20/23 20:00,60.791,
3/21/23 4:00,3/20/23 20:00,3/20/23 21:00,52.23417969,0.990373611,2.290267229,2.0403,3/20/23 21:00,60.548,
3/21/23 5:00,3/20/23 21:00,3/20/23 22:00,51.93274231,0.986778259,2.281877279,2.0319,3/20/23 22:00,59.807,
3/21/23 6:00,3/20/23 22:00,3/20/23 23:00,51.74624939,0.988965988,2.277979136,2.0280,3/20/23 23:00,59.464,
3/21/23 7:00,3/20/23 23:00,3/21/23 0:00,51.58225098,0.988245964,2.281333685,2.0313,3/21/23 0:00,59.759,
3/21/23 8:00,3/21/23 0:00,3/21/23 1:00,51.31629944,0.988219261,2.274661779,2.0247,3/21/23 1:00,59.173,
3/21/23 9:00,3/21/23 1:00,3/21/23 2:00,51.21173706,0.982222557,2.265460014,2.0155,3/21/23 2:00,58.372,
3/21/23 10:00,3/21/23 2:00,3/21/23 3:00,51.1932251,0.984685898,2.269591093,2.0196,3/21/23 3:00,58.731,
3/21/23 11:00,3/21/23 3:00,3/21/23 4:00,51.16411133,0.982297897,2.269725561,2.0197,3/21/23 4:00,58.743,
3/21/23 12:00,3/21/23 4:00,3/21/23 5:00,51.16806641,0.98157692,2.265121222,2.0151,3/21/23 5:00,58.343,
3/21/23 13:00,3/21/23 5:00,3/21/23 6:00,51.14952698,0.979469299,2.259756088,2.0098,3/21/23 6:00,57.879,
3/21/23 14:00,3/21/23 6:00,3/21/23 7:00,51.11645813,0.978626251,2.257298708,2.0073,3/21/23 7:00,57.668,
3/21/23 15:00,3/21/23 7:00,3/21/23 8:00,51.02645264,0.978599548,2.258024693,2.0080,3/21/23 8:00,57.730,
3/21/23 16:00,3/21/23 8:00,3/21/23 9:00,50.98410034,0.985673904,2.26753211,2.0175,3/21/23 9:00,58.552,
3/21/23 17:00,3/21/23 9:00,3/21/23 10:00,51.02513428,0.985031128,2.273240805,2.0232,3/21/23 10:00,59.049,
3/21/23 18:00,3/21/23 10:00,3/21/23 11:00,51.08069763,0.997079849,2.312454224,2.0625,3/21/23 11:00,62.540,
3/21/23 19:00,3/21/23 11:00,3/21/23 12:00,51.06748657,1.008076668,2.32422781,2.0742,3/21/23 12:00,63.614,
3/21/23 20:00,3/21/23 12:00,3/21/23 13:00,50.90994263,1.035961151,2.386770248,2.1368,3/21/23 13:00,69.527,
3/21/23 21:00,3/21/23 13:00,3/21/23 14:00,50.62924194,1.075505257,2.483357191,2.2334,3/21/23 14:00,79.360,
3/21/23 22:00,3/21/23 14:00,3/21/23 15:00,50.54319153,1.125721931,2.595368862,2.3454,3/21/23 15:00,91.874,
3/21/23 23:00,3/21/23 15:00,3/21/23 16:00,50.49152832,1.187606812,2.739605427,2.4896,3/21/23 16:00,109.835,
3/22/23 0:00,3/21/23 16:00,3/21/23 17:00,50.38158264,1.226092339,2.82938385,2.5794,3/21/23 17:00,122.117,
3/22/23 1:00,3/21/23 17:00,3/21/23 18:00,50.13384094,1.245742798,2.873058796,2.6231,3/21/23 18:00,128.408,
3/22/23 2:00,3/21/23 18:00,3/21/23 19:00,49.83833618,1.256642342,2.90563345,2.6556,3/21/23 19:00,133.239,
3/22/23 3:00,3/21/23 19:00,3/21/23 20:00,49.51091614,1.277384758,2.934954405,2.6850,3/21/23 20:00,137.689,
3/22/23 4:00,3/21/23 20:00,3/21/23 21:00,49.06399231,1.293802261,2.989714146,2.7397,3/21/23 21:00,146.263,
3/22/23 5:00,3/21/23 21:00,3/21/23 22:00,48.8198761,1.307105064,3.024644852,2.7746,3/21/23 22:00,151.913,
3/22/23 6:00,3/21/23 22:00,3/21/23 23:00,48.60490112,1.314072609,3.029310703,2.7793,3/21/23 23:00,152.679,
3/22/23 7:00,3/21/23 23:00,3/22/23 0:00,48.46551208,1.315481186,3.041191816,2.7912,3/22/23 0:00,154.640,
3/22/23 8:00,3/22/23 0:00,3/22/23 1:00,48.31552124,1.314231873,3.039838791,2.7898,3/22/23 1:00,154.416,
3/22/23 9:00,3/22/23 1:00,3/22/23 2:00,48.23452454,1.304051399,3.015137434,2.7651,3/22/23 2:00,150.361,
3/22/23 10:00,3/22/23 2:00,3/22/23 3:00,48.22919617,1.291308403,2.978878021,2.7289,3/22/23 3:00,144.539,
3/22/23 11:00,3/22/23 3:00,3/22/23 4:00,48.27171326,1.274942398,2.936663866,2.6867,3/22/23 4:00,137.951,
3/22/23 12:00,3/22/23 4:00,3/22/23 5:00,48.26503906,1.261829376,2.914727449,2.6647,3/22/23 5:00,134.608,
3/22/23 13:00,3/22/23 5:00,3/22/23 6:00,48.10570984,1.248467445,2.875850201,2.6259,3/22/23 6:00,128.817,
3/22/23 14:00,3/22/23 6:00,3/22/23 7:00,48.06723022,1.234775543,2.851663351,2.6017,3/22/23 7:00,125.300,
3/22/23 15:00,3/22/23 7:00,3/22/23 8:00,48.12565002,1.222109795,2.821943998,2.5719,3/22/23 8:00,121.066,
3/22/23 16:00,3/22/23 8:00,3/22/23 9:00,48.19203491,1.210003853,2.797383308,2.5474,3/22/23 9:00,117.640,
3/22/23 17:00,3/22/23 9:00,3/22/23 10:00,48.39780884,1.203863144,2.776819468,2.5268,3/22/23 10:00,114.821,
3/22/23 18:00,3/22/23 10:00,3/22/23 11:00,48.50533752,1.193274498,2.753631353,2.5036,3/22/23 11:00,111.697,
3/22/23 19:00,3/22/23 11:00,3/22/23 12:00,48.96846619,1.18157959,2.72953701,2.4795,3/22/23 12:00,108.512,
3/22/23 20:00,3/22/23 12:00,3/22/23 13:00,49.10109863,1.170716286,2.699443817,2.4494,3/22/23 13:00,104.619,
3/22/23 21:00,3/22/23 13:00,3/22/23 14:00,49.42739258,1.165249825,2.683534622,2.4335,3/22/23 14:00,102.599,
3/22/23 22:00,3/22/23 14:00,3/22/23 15:00,50.21470032,1.156943321,2.672144175,2.4221,3/22/23 15:00,101.169,
3/22/23 23:00,3/22/23 15:00,3/22/23 16:00,50.57895203,1.148363113,2.65144825,2.4014,3/22/23 16:00,98.604,
3/23/23 0:00,3/22/23 16:00,3/22/23 17:00,50.54714661,1.147665024,2.645123959,2.3951,3/22/23 17:00,97.829,
3/23/23 1:00,3/22/23 17:00,3/22/23 18:00,50.40940552,1.147483826,2.646190882,2.3962,3/22/23 18:00,97.960,
3/23/23 2:00,3/22/23 18:00,3/22/23 19:00,50.40940552,1.140137672,2.630121231,2.3801,3/22/23 19:00,96.007,
3/23/23 3:00,3/22/23 19:00,3/22/23 20:00,50.20275269,1.137306213,2.629776001,2.3798,3/22/23 20:00,95.965,
3/23/23 4:00,3/22/23 20:00,3/22/23 21:00,49.92183228,1.134140015,2.623847485,2.3738,3/22/23 21:00,95.252,
3/23/23 5:00,3/22/23 21:00,3/22/23 22:00,50.0291687,1.133261681,2.614898682,2.3649,3/22/23 22:00,94.182,
3/23/23 6:00,3/22/23 22:00,3/22/23 23:00,50.32596436,1.130047798,2.604493618,2.3545,3/22/23 23:00,92.947,
3/23/23 7:00,3/22/23 23:00,3/23/23 0:00,50.04108887,1.128746986,2.597997427,2.3480,3/23/23 0:00,92.182,
3/23/23 8:00,3/23/23 0:00,3/23/23 1:00,49.80919495,1.121408463,2.590212584,2.3402,3/23/23 1:00,91.271,
3/23/23 9:00,3/23/23 1:00,3/23/23 2:00,49.88604431,1.120092392,2.583696604,2.3337,3/23/23 2:00,90.512,
3/23/23 10:00,3/23/23 2:00,3/23/23 3:00,49.82375183,1.119525909,2.574640036,2.3246,3/23/23 3:00,89.465,
3/23/23 11:00,3/23/23 3:00,3/23/23 4:00,49.63687439,1.112337112,2.56739831,2.3174,3/23/23 4:00,88.634,
3/23/23 12:00,3/23/23 4:00,3/23/23 5:00,49.60635986,1.110571861,2.559357882,2.3094,3/23/23 5:00,87.717,
3/23/23 13:00,3/23/23 5:00,3/23/23 6:00,49.55332336,1.103919983,2.545431137,2.2954,3/23/23 6:00,86.144,
3/23/23 14:00,3/23/23 6:00,3/23/23 7:00,49.24169617,1.103325844,2.548163414,2.2982,3/23/23 7:00,86.451,
3/23/23 15:00,3/23/23 7:00,3/23/23 8:00,48.98041382,1.095708847,2.527641296,2.2776,3/23/23 8:00,84.162,
3/23/23 16:00,3/23/23 8:00,3/23/23 9:00,49.14754333,1.087713242,2.520991325,2.2710,3/23/23 9:00,83.429,
3/23/23 17:00,3/23/23 9:00,3/23/23 10:00,49.79592896,1.081860542,2.494334221,2.2443,3/23/23 10:00,80.533,
3/23/23 18:00,3/23/23 10:00,3/23/23 11:00,50.20143433,1.106906891,2.555009127,2.3050,3/23/23 11:00,87.224,
3/23/23 19:00,3/23/23 11:00,3/23/23 12:00,50.09541626,1.123012543,2.587953329,2.3380,3/23/23 12:00,91.007,
3/23/23 20:00,3/23/23 12:00,3/23/23 13:00,51.36260681,1.05860424,2.449106216,2.1991,3/23/23 13:00,75.774,
3/23/23 21:00,3/23/23 13:00,3/23/23 14:00,51.89970093,1.063878059,2.452394724,2.2024,3/23/23 14:00,76.113,
3/23/23 22:00,3/23/23 14:00,3/23/23 15:00,52.10330505,1.06223011,2.446662188,2.1967,3/23/23 15:00,75.522,
3/23/23 23:00,3/23/23 15:00,3/23/23 16:00,52.26722107,1.057108879,2.439831734,2.1898,3/23/23 16:00,74.822,
3/24/23 0:00,3/23/23 16:00,3/23/23 17:00,52.37826538,1.055526733,2.437548399,2.1875,3/23/23 17:00,74.589,
3/24/23 1:00,3/23/23 17:00,3/23/23 18:00,51.64045105,1.060372353,2.442968845,2.1930,3/23/23 18:00,75.143,
3/24/23 2:00,3/23/23 18:00,3/23/23 19:00,50.99335632,1.060500145,2.444532871,2.1945,3/23/23 19:00,75.303,
3/24/23 3:00,3/23/23 19:00,3/23/23 20:00,50.65047302,1.060112,2.443639755,2.1936,3/23/23 20:00,75.212,
3/24/23 4:00,3/23/23 20:00,3/23/23 21:00,50.38424683,1.060492516,2.44406414,2.1941,3/23/23 21:00,75.255,
3/24/23 5:00,3/23/23 21:00,3/23/23 22:00,49.98146057,1.055804253,2.437625408,2.1876,3/23/23 22:00,74.596,
3/24/23 6:00,3/23/23 22:00,3/23/23 23:00,49.83833618,1.060111046,2.443795681,2.1938,3/23/23 23:00,75.228,
3/24/23 7:00,3/23/23 23:00,3/24/23 0:00,49.50959778,1.054335594,2.442629814,2.1926,3/24/23 0:00,75.108,
3/24/23 8:00,3/24/23 0:00,3/24/23 1:00,49.26957397,1.057722092,2.444200516,2.1942,3/24/23 1:00,75.269,
3/24/23 9:00,3/24/23 1:00,3/24/23 2:00,49.19000549,1.05325222,2.435170412,2.1852,3/24/23 2:00,74.346,
3/24/23 10:00,3/24/23 2:00,3/24/23 3:00,48.88884277,1.052179337,2.427759171,2.1778,3/24/23 3:00,73.594,
3/24/23 11:00,3/24/23 3:00,3/24/23 4:00,48.82915955,1.048851013,2.418423176,2.1684,3/24/23 4:00,72.654,
3/24/23 12:00,3/24/23 4:00,3/24/23 5:00,48.99631653,1.051866531,2.429180384,2.1792,3/24/23 5:00,73.738,
3/24/23 13:00,3/24/23 5:00,3/24/23 6:00,48.87557678,1.04528904,2.413869619,2.1639,3/24/23 6:00,72.199,
3/24/23 14:00,3/24/23 6:00,3/24/23 7:00,48.61550293,1.044791222,2.402883768,2.1529,3/24/23 7:00,71.108,
3/24/23 15:00,3/24/23 7:00,3/24/23 8:00,48.47350464,1.03817749,2.397830963,2.1478,3/24/23 8:00,70.610,
3/24/23 16:00,3/24/23 8:00,3/24/23 9:00,48.6261322,1.028303146,2.375551462,2.1256,3/24/23 9:00,68.441,
3/24/23 17:00,3/24/23 9:00,3/24/23 10:00,49.24702454,1.021731377,2.359468698,2.1095,3/24/23 10:00,66.903,
3/24/23 18:00,3/24/23 10:00,3/24/23 11:00,50.20673523,1.015987396,2.343542099,2.0935,3/24/23 11:00,65.403,
3/24/23 19:00,3/24/23 11:00,3/24/23 12:00,51.05954895,1.018058777,2.34607625,2.0961,3/24/23 12:00,65.640,
3/24/23 20:00,3/24/23 12:00,3/24/23 13:00,51.26202698,1.019834518,2.346238852,2.0962,3/24/23 13:00,65.655,
3/24/23 21:00,3/24/23 13:00,3/24/23 14:00,50.75506287,1.015850067,2.344586849,2.0946,3/24/23 14:00,65.501,
3/24/23 22:00,3/24/23 14:00,3/24/23 15:00,50.80406189,1.012998581,2.335950375,2.0860,3/24/23 15:00,64.696,
3/24/23 23:00,3/24/23 15:00,3/24/23 16:00,50.76563721,1.008148193,2.328757286,2.0788,3/24/23 16:00,64.031,
3/25/23 0:00,3/24/23 16:00,3/24/23 17:00,50.83847656,1.012584686,2.336529016,2.0865,3/24/23 17:00,64.750,
3/25/23 1:00,3/24/23 17:00,3/24/23 18:00,50.35642395,1.009299278,2.326495886,2.0765,3/24/23 18:00,63.822,
3/25/23 2:00,3/24/23 18:00,3/24/23 19:00,49.87280579,1.010462761,2.332338333,2.0823,3/24/23 19:00,64.361,
3/25/23 3:00,3/24/23 19:00,3/24/23 20:00,49.38232117,1.011539459,2.341854811,2.0919,3/24/23 20:00,65.245,
3/25/23 4:00,3/24/23 20:00,3/24/23 21:00,49.02949524,1.011210442,2.328926563,2.0789,3/24/23 21:00,64.046,
3/25/23 5:00,3/24/23 21:00,3/24/23 22:00,48.89683533,1.010302544,2.32729435,2.0773,3/24/23 22:00,63.896,
3/25/23 6:00,3/24/23 22:00,3/24/23 23:00,48.87826843,1.007301331,2.323400497,2.0734,3/24/23 23:00,63.538,
3/25/23 7:00,3/24/23 23:00,3/25/23 0:00,48.91674805,1.00779438,2.326524496,2.0765,3/25/23 0:00,63.825,
3/25/23 8:00,3/25/23 0:00,3/25/23 1:00,48.86099243,1.008561134,2.32212472,2.0721,3/25/23 1:00,63.421,
3/25/23 9:00,3/25/23 1:00,3/25/23 2:00,48.72300415,1.0073843,2.317905664,2.0679,3/25/23 2:00,63.036,
3/25/23 10:00,3/25/23 2:00,3/25/23 3:00,48.60358276,1.005852699,2.324577332,2.0746,3/25/23 3:00,63.646,
3/25/23 11:00,3/25/23 3:00,3/25/23 4:00,48.46152954,1.006065369,2.319896221,2.0699,3/25/23 4:00,63.217,
3/25/23 12:00,3/25/23 4:00,3/25/23 5:00,48.27434998,1.005230904,2.318930626,2.0689,3/25/23 5:00,63.129,
3/25/23 13:00,3/25/23 5:00,3/25/23 6:00,48.08447876,1.005328178,2.321048975,2.0710,3/25/23 6:00,63.323,
3/25/23 14:00,3/25/23 6:00,3/25/23 7:00,47.90650024,1.003171921,2.320028305,2.0700,3/25/23 7:00,63.230,
3/25/23 15:00,3/25/23 7:00,3/25/23 8:00,47.77101135,1.002832413,2.307716131,2.0577,3/25/23 8:00,62.111,
3/25/23 16:00,3/25/23 8:00,3/25/23 9:00,47.9144928,0.992731094,2.290683031,2.0407,3/25/23 9:00,60.585,
3/25/23 17:00,3/25/23 9:00,3/25/23 10:00,48.5849884,0.976402283,2.255576372,2.0056,3/25/23 10:00,57.520,
3/25/23 18:00,3/25/23 10:00,3/25/23 11:00,49.66601563,0.975691795,2.249141932,1.9991,3/25/23 11:00,56.970,
3/25/23 19:00,3/25/23 11:00,3/25/23 12:00,50.84114075,0.975926399,2.255624771,2.0056,3/25/23 12:00,57.524,
3/25/23 20:00,3/25/23 12:00,3/25/23 13:00,51.81370544,0.972208977,2.24176383,1.9918,3/25/23 13:00,56.343,
3/25/23 21:00,3/25/23 13:00,3/25/23 14:00,52.3280304,0.97401619,2.248345375,1.9983,3/25/23 14:00,56.902,
3/25/23 22:00,3/25/23 14:00,3/25/23 15:00,52.1429657,0.968940735,2.242368698,1.9924,3/25/23 15:00,56.394,
3/25/23 23:00,3/25/23 15:00,3/25/23 16:00,51.59016113,0.967559814,2.228360414,1.9784,3/25/23 16:00,55.216,
3/26/23 0:00,3/25/23 16:00,3/25/23 17:00,50.84243164,0.968039513,2.234068871,1.9841,3/25/23 17:00,55.694,
3/26/23 1:00,3/25/23 17:00,3/25/23 18:00,50.32728271,0.965547562,2.230476618,1.9805,3/25/23 18:00,55.393,
3/26/23 2:00,3/25/23 18:00,3/25/23 19:00,49.6474762,0.968608856,2.238237619,1.9882,3/25/23 19:00,56.045,
3/26/23 3:00,3/25/23 19:00,3/25/23 20:00,48.85036316,0.974786758,2.244258165,1.9943,3/25/23 20:00,56.554,
3/26/23 4:00,3/25/23 20:00,3/25/23 21:00,48.40047302,0.972255707,2.248662233,1.9987,3/25/23 21:00,56.929,
3/26/23 5:00,3/25/23 21:00,3/25/23 22:00,48.27303162,0.971916199,2.238745689,1.9887,3/25/23 22:00,56.088,
3/26/23 6:00,3/25/23 22:00,3/25/23 23:00,48.14155273,0.971302032,2.238118649,1.9881,3/25/23 23:00,56.035,
3/26/23 7:00,3/25/23 23:00,3/26/23 0:00,48.05393677,0.971446037,2.242751598,1.9928,3/26/23 0:00,56.426,
3/26/23 8:00,3/26/23 0:00,3/26/23 1:00,47.94237061,0.970262527,2.240916729,1.9909,3/26/23 1:00,56.271,
3/26/23 9:00,3/26/23 1:00,3/26/23 2:00,47.78828735,0.969510078,2.241271019,1.9913,3/26/23 2:00,56.301,
3/26/23 10:00,3/26/23 2:00,3/26/23 3:00,47.67935791,0.969749451,2.227049351,1.9770,3/26/23 3:00,55.107,
3/26/23 11:00,3/26/23 3:00,3/26/23 4:00,47.57306519,0.969306946,2.236354351,1.9864,3/26/23 4:00,55.886,
3/26/23 12:00,3/26/23 4:00,3/26/23 5:00,47.46542664,0.968976021,2.23024559,1.9802,3/26/23 5:00,55.374,
3/26/23 13:00,3/26/23 5:00,3/26/23 6:00,47.35644226,0.965364456,2.23089242,1.9809,3/26/23 6:00,55.428,
3/26/23 14:00,3/26/23 6:00,3/26/23 7:00,47.24748535,0.964495659,2.227161407,1.9772,3/26/23 7:00,55.116,
3/26/23 15:00,3/26/23 7:00,3/26/23 8:00,47.14111023,0.957533836,2.213186264,1.9632,3/26/23 8:00,53.959,
3/26/23 16:00,3/26/23 8:00,3/26/23 9:00,47.31925354,0.943048477,2.172008038,1.9220,3/26/23 9:00,50.642,
3/26/23 17:00,3/26/23 9:00,3/26/23 10:00,48.05393677,0.938302994,2.165562391,1.9156,3/26/23 10:00,50.136,
3/26/23 18:00,3/26/23 10:00,3/26/23 11:00,49.24040527,0.939261436,2.160857201,1.9109,3/26/23 11:00,49.768,
3/26/23 19:00,3/26/23 11:00,3/26/23 12:00,50.57365112,0.934511185,2.158153534,1.9082,3/26/23 12:00,49.558,
3/26/23 20:00,3/26/23 12:00,3/26/23 13:00,51.8031311,0.934497833,2.158551931,1.9086,3/26/23 13:00,49.589,
3/26/23 21:00,3/26/23 13:00,3/26/23 14:00,52.66901855,0.930866241,2.14702487,1.8970,3/26/23 14:00,48.698,
3/26/23 22:00,3/26/23 14:00,3/26/23 15:00,53.13269653,0.926267624,2.142785788,1.8928,3/26/23 15:00,48.373,
3/26/23 23:00,3/26/23 15:00,3/26/23 16:00,52.94645081,0.9233284,2.132013321,1.8820,3/26/23 16:00,47.554,
3/27/23 0:00,3/26/23 16:00,3/26/23 17:00,52.21434937,0.925105095,2.131364584,1.8814,3/26/23 17:00,47.505,
3/27/23 1:00,3/26/23 17:00,3/26/23 18:00,51.15221863,0.925016403,2.1280756,1.8781,3/26/23 18:00,47.257,
3/27/23 2:00,3/26/23 18:00,3/26/23 19:00,50.03315125,0.928221703,2.135682821,1.8857,3/26/23 19:00,47.832,
3/27/23 3:00,3/26/23 19:00,3/26/23 20:00,48.91540222,0.934851646,2.155111313,1.9051,3/26/23 20:00,49.322,
3/27/23 4:00,3/26/23 20:00,3/26/23 21:00,48.25045471,0.936113358,2.161358595,1.9114,3/26/23 21:00,49.808,
3/27/23 5:00,3/26/23 21:00,3/26/23 22:00,48.05393677,0.934102058,2.157746553,1.9077,3/26/23 22:00,49.526,
3/27/23 6:00,3/26/23 22:00,3/26/23 23:00,48.0127655,0.933338165,2.158826828,1.9088,3/26/23 23:00,49.610,
3/27/23 7:00,3/26/23 23:00,3/27/23 0:00,48.03267822,0.935529709,2.159834385,1.9098,3/27/23 0:00,49.689,
3/27/23 8:00,3/27/23 0:00,3/27/23 1:00,48.15487366,0.935854912,2.156998873,1.9070,3/27/23 1:00,49.468,
3/27/23 9:00,3/27/23 1:00,3/27/23 2:00,48.1774231,0.932492256,2.152458191,1.9025,3/27/23 2:00,49.117,
3/27/23 10:00,3/27/23 2:00,3/27/23 3:00,48.13759766,0.932213783,2.15582633,1.9058,3/27/23 3:00,49.377,
3/27/23 11:00,3/27/23 3:00,3/27/23 4:00,48.04196167,0.932522774,2.151160479,1.9012,3/27/23 4:00,49.017,
3/27/23 12:00,3/27/23 4:00,3/27/23 5:00,47.92377625,0.931956291,2.148566961,1.8986,3/27/23 5:00,48.817,
3/27/23 13:00,3/27/23 5:00,3/27/23 6:00,47.76969299,0.930528641,2.145399094,1.8954,3/27/23 6:00,48.574,
3/27/23 14:00,3/27/23 6:00,3/27/23 7:00,47.60363464,0.927704811,2.136417389,1.8864,3/27/23 7:00,47.888,
3/27/23 15:00,3/27/23 7:00,3/27/23 8:00,47.50264282,0.927070618,2.134547472,1.8845,3/27/23 8:00,47.746,
3/27/23 16:00,3/27/23 8:00,3/27/23 9:00,47.68998718,0.905945778,2.08977294,1.8398,3/27/23 9:00,44.432,
3/27/23 17:00,3/27/23 9:00,3/27/23 10:00,48.44826355,0.903011322,2.071347237,1.8213,3/27/23 10:00,43.114,
3/27/23 18:00,3/27/23 10:00,3/27/23 11:00,49.70449524,0.899838448,2.073412895,1.8234,3/27/23 11:00,43.260,
3/27/23 19:00,3/27/23 11:00,3/27/23 12:00,51.10983887,0.897503853,2.069928408,1.8199,3/27/23 12:00,43.013,
3/27/23 20:00,3/27/23 12:00,3/27/23 13:00,51.94595337,0.899751663,2.080155134,1.8302,3/27/23 13:00,43.740,
3/27/23 21:00,3/27/23 13:00,3/27/23 14:00,52.47870789,0.900537491,2.077951193,1.8280,3/27/23 14:00,43.583,
3/27/23 22:00,3/27/23 14:00,3/27/23 15:00,52.92796631,0.899140358,2.076846838,1.8268,3/27/23 15:00,43.504,
3/27/23 23:00,3/27/23 15:00,3/27/23 16:00,52.81964111,0.903948784,2.078226089,1.8282,3/27/23 16:00,43.603,
3/28/23 0:00,3/27/23 16:00,3/27/23 17:00,52.02530212,0.896836281,2.07605052,1.8261,3/27/23 17:00,43.448,
3/28/23 1:00,3/27/23 17:00,3/27/23 18:00,51.35335083,0.898892403,2.067807674,1.8178,3/27/23 18:00,42.863,
3/28/23 2:00,3/27/23 18:00,3/27/23 19:00,50.79346008,0.896529198,2.067242384,1.8172,3/27/23 19:00,42.824,
3/28/23 3:00,3/27/23 19:00,3/27/23 20:00,50.1947876,0.896907806,2.068337917,1.8183,3/27/23 20:00,42.901,
3/28/23 4:00,3/27/23 20:00,3/27/23 21:00,49.77999878,0.896971703,2.071428537,1.8214,3/27/23 21:00,43.119,
3/28/23 5:00,3/27/23 21:00,3/27/23 22:00,49.48572998,0.89477253,2.069754601,1.8198,3/27/23 22:00,43.001,
3/28/23 6:00,3/27/23 22:00,3/27/23 23:00,49.34249573,0.89988327,2.07502532,1.8250,3/27/23 23:00,43.375,
3/28/23 7:00,3/27/23 23:00,3/28/23 0:00,49.29209595,0.891578674,2.058243036,1.8082,3/28/23 0:00,42.192,
3/28/23 8:00,3/28/23 0:00,3/28/23 1:00,49.21785583,0.896895409,2.06810689,1.8181,3/28/23 1:00,42.885,
3/28/23 9:00,3/28/23 1:00,3/28/23 2:00,49.09447937,0.899076462,2.068922997,1.8189,3/28/23 2:00,42.942,
3/28/23 10:00,3/28/23 2:00,3/28/23 3:00,48.99631653,0.903879166,2.086745977,1.8367,3/28/23 3:00,44.213,
3/28/23 11:00,3/28/23 3:00,3/28/23 4:00,48.90477295,0.90921402,2.088366985,1.8384,3/28/23 4:00,44.330,
3/28/23 12:00,3/28/23 4:00,3/28/23 5:00,48.78139648,0.910266876,2.100905895,1.8509,3/28/23 5:00,45.241,
3/28/23 13:00,3/28/23 5:00,3/28/23 6:00,48.59295349,0.922298431,2.126456738,1.8765,3/28/23 6:00,47.135,
3/28/23 14:00,3/28/23 6:00,3/28/23 7:00,48.53321533,0.940944672,2.169388056,1.9194,3/28/23 7:00,50.436,
3/28/23 15:00,3/28/23 7:00,3/28/23 8:00,48.36465759,0.973518372,2.241732836,1.9917,3/28/23 8:00,56.340,
3/28/23 16:00,3/28/23 8:00,3/28/23 9:00,48.1190033,1.035503387,2.39181447,2.1418,3/28/23 9:00,70.019,
3/28/23 17:00,3/28/23 9:00,3/28/23 10:00,47.91847534,1.154448509,2.664867163,2.4149,3/28/23 10:00,100.262,
3/28/23 18:00,3/28/23 10:00,3/28/23 11:00,47.47341919,1.292581558,2.975822449,2.7258,3/28/23 11:00,144.055,
3/28/23 19:00,3/28/23 11:00,3/28/23 12:00,47.05736694,1.486857414,3.436333418,3.1863,3/28/23 12:00,229.809,
3/28/23 20:00,3/28/23 12:00,3/28/23 13:00,47.18898315,1.599945068,3.693235159,3.4432,3/28/23 13:00,289.817,
3/28/23 21:00,3/28/23 13:00,3/28/23 14:00,47.60363464,1.605429649,3.699909449,3.4499,3/28/23 14:00,291.501,
3/28/23 22:00,3/28/23 14:00,3/28/23 15:00,48.45356445,1.586522102,3.667328358,3.4173,3/28/23 15:00,283.341,
3/28/23 23:00,3/28/23 15:00,3/28/23 16:00,48.52923279,1.573760986,3.62904954,3.3790,3/28/23 16:00,273.951,
3/29/23 0:00,3/28/23 16:00,3/28/23 17:00,48.56507568,1.55218029,3.584195375,3.3342,3/28/23 17:00,263.214,
3/29/23 1:00,3/28/23 17:00,3/28/23 18:00,48.55444641,1.532004356,3.530702591,3.2807,3/28/23 18:00,250.779,
3/29/23 2:00,3/28/23 18:00,3/28/23 19:00,48.22787781,1.516604424,3.493103743,3.2431,3/28/23 19:00,242.278,
3/29/23 3:00,3/28/23 19:00,3/28/23 20:00,48.06854858,1.488019943,3.429274321,3.1793,3/28/23 20:00,228.289,
3/29/23 4:00,3/28/23 20:00,3/28/23 21:00,47.92377625,1.469046593,3.393633127,3.1436,3/28/23 21:00,220.717,
3/29/23 5:00,3/28/23 21:00,3/28/23 22:00,47.81882935,1.449759483,3.342505217,3.0925,3/28/23 22:00,210.149,
3/29/23 6:00,3/28/23 22:00,3/28/23 23:00,47.84937134,1.429983139,3.292270899,3.0423,3/28/23 23:00,200.100,
3/29/23 7:00,3/28/23 23:00,3/29/23 0:00,47.79891663,1.421813011,3.290466547,3.0405,3/29/23 0:00,199.745,
3/29/23 8:00,3/29/23 0:00,3/29/23 1:00,48.01540222,1.413802147,3.262441397,3.0124,3/29/23 1:00,194.287,
3/29/23 9:00,3/29/23 1:00,3/29/23 2:00,47.67537537,1.412717819,3.263085842,3.0131,3/29/23 2:00,194.411,
3/29/23 10:00,3/29/23 2:00,3/29/23 3:00,47.17832642,1.426232338,3.292417765,3.0424,3/29/23 3:00,200.129,
3/29/23 11:00,3/29/23 3:00,3/29/23 4:00,46.77814941,1.448410034,3.339297771,3.0893,3/29/23 4:00,209.498,
3/29/23 12:00,3/29/23 4:00,3/29/23 5:00,46.61719971,1.461328506,3.365347862,3.1153,3/29/23 5:00,214.828,
3/29/23 13:00,3/29/23 5:00,3/29/23 6:00,46.61851807,1.465158463,3.365829706,3.1158,3/29/23 6:00,214.927,
3/29/23 14:00,3/29/23 6:00,3/29/23 7:00,46.50549622,1.457101822,3.357087612,3.1071,3/29/23 7:00,213.128,
3/29/23 15:00,3/29/23 7:00,3/29/23 8:00,46.52409058,1.443067551,3.330003977,3.0800,3/29/23 8:00,207.618,
3/29/23 16:00,3/29/23 8:00,3/29/23 9:00,46.62785645,1.435323715,3.304226637,3.0542,3/29/23 9:00,202.462,
3/29/23 17:00,3/29/23 9:00,3/29/23 10:00,46.59327698,1.426945686,3.29192543,3.0419,3/29/23 10:00,200.032,
3/29/23 18:00,3/29/23 10:00,3/29/23 11:00,46.47753601,1.413804054,3.267089605,3.0171,3/29/23 11:00,195.185,
3/29/23 19:00,3/29/23 11:00,3/29/23 12:00,47.06934204,1.397453308,3.222116947,2.9721,3/29/23 12:00,186.609,
3/29/23 20:00,3/29/23 12:00,3/29/23 13:00,47.12383423,1.387125015,3.20097661,2.9510,3/29/23 13:00,182.666,
3/29/23 21:00,3/29/23 13:00,3/29/23 14:00,46.97892456,1.374591827,3.172176838,2.9222,3/29/23 14:00,177.383,
3/29/23 22:00,3/29/23 14:00,3/29/23 15:00,47.15443115,1.360447884,3.146698713,2.8967,3/29/23 15:00,172.796,
3/29/23 23:00,3/29/23 15:00,3/29/23 16:00,47.19829407,1.354671478,3.131031513,2.8810,3/29/23 16:00,170.015,
3/30/23 0:00,3/29/23 16:00,3/29/23 17:00,46.93640747,1.346334457,3.105852842,2.8559,3/29/23 17:00,165.608,
3/30/23 1:00,3/29/23 17:00,3/29/23 18:00,46.84596252,1.33368969,3.079582691,2.8296,3/29/23 18:00,161.091,
3/30/23 2:00,3/29/23 18:00,3/29/23 19:00,47.04407349,1.323880196,3.058972836,2.8090,3/29/23 19:00,157.606,
3/30/23 3:00,3/29/23 19:00,3/29/23 20:00,47.48536682,1.31854248,3.037478447,2.7875,3/29/23 20:00,154.025,
3/30/23 4:00,3/29/23 20:00,3/29/23 21:00,47.71124573,1.309556961,3.020993233,2.7710,3/29/23 21:00,151.316,
3/30/23 5:00,3/29/23 21:00,3/29/23 22:00,48.00081787,1.303565025,3.002446651,2.7524,3/29/23 22:00,148.306,
3/30/23 6:00,3/29/23 22:00,3/29/23 23:00,47.92245789,1.293338776,2.994652748,2.7447,3/29/23 23:00,147.053,
3/30/23 7:00,3/29/23 23:00,3/30/23 0:00,47.68202209,1.284412384,2.965052128,2.7151,3/30/23 0:00,142.359,
3/30/23 8:00,3/30/23 0:00,3/30/23 1:00,47.58105774,1.278721809,2.947559357,2.6976,3/30/23 1:00,139.632,
3/30/23 9:00,3/30/23 1:00,3/30/23 2:00,47.54914246,1.270171165,2.927906275,2.6779,3/30/23 2:00,136.610,
3/30/23 10:00,3/30/23 2:00,3/30/23 3:00,47.484021,1.259841919,2.906225204,2.6562,3/30/23 3:00,133.327,
3/30/23 11:00,3/30/23 3:00,3/30/23 4:00,47.34847717,1.25247097,2.895760775,2.6458,3/30/23 4:00,131.762,
3/30/23 12:00,3/30/23 4:00,3/30/23 5:00,47.11985168,1.252295494,2.896924496,2.6469,3/30/23 5:00,131.936,
3/30/23 13:00,3/30/23 5:00,3/30/23 6:00,46.97892456,1.238674164,2.856659174,2.6067,3/30/23 6:00,126.021,
3/30/23 14:00,3/30/23 6:00,3/30/23 7:00,46.82203979,1.234282494,2.843757391,2.5938,3/30/23 7:00,124.164,
3/30/23 15:00,3/30/23 7:00,3/30/23 8:00,46.68105774,1.218779564,2.811904192,2.5619,3/30/23 8:00,119.657,
3/30/23 16:00,3/30/23 8:00,3/30/23 9:00,46.84063416,1.204500198,2.777831554,2.5278,3/30/23 9:00,114.959,
3/30/23 17:00,3/30/23 9:00,3/30/23 10:00,47.39500427,1.195269585,2.757393122,2.5074,3/30/23 10:00,112.200,
3/30/23 18:00,3/30/23 10:00,3/30/23 11:00,48.08711548,1.188962936,2.738608837,2.4886,3/30/23 11:00,109.704,
3/30/23 19:00,3/30/23 11:00,3/30/23 12:00,48.98969727,1.181834221,2.721437216,2.4714,3/30/23 12:00,107.454,
3/30/23 20:00,3/30/23 12:00,3/30/23 13:00,49.7521759,1.178360939,2.729156256,2.4792,3/30/23 13:00,108.462,
3/30/23 21:00,3/30/23 13:00,3/30/23 14:00,49.87678833,1.174568176,2.699925423,2.4499,3/30/23 14:00,104.680,
3/30/23 22:00,3/30/23 14:00,3/30/23 15:00,50.46505127,1.16561985,2.681928873,2.4319,3/30/23 15:00,102.396,
3/30/23 23:00,3/30/23 15:00,3/30/23 16:00,50.69944458,1.15968895,2.670439243,2.4204,3/30/23 16:00,100.956,
3/31/23 0:00,3/30/23 16:00,3/30/23 17:00,50.17229309,1.156744003,2.66213727,2.4121,3/30/23 17:00,99.923,
3/31/23 1:00,3/30/23 17:00,3/30/23 18:00,49.91653137,1.151595116,2.661791801,2.4118,3/30/23 18:00,99.880,
3/31/23 2:00,3/30/23 18:00,3/30/23 19:00,49.59575806,1.151069641,2.652037859,2.4020,3/30/23 19:00,98.677,
3/31/23 3:00,3/30/23 19:00,3/30/23 20:00,49.31069031,1.154670715,2.659587622,2.4096,3/30/23 20:00,99.607,
3/31/23 4:00,3/30/23 20:00,3/30/23 21:00,49.13825989,1.149680138,2.654842615,2.4048,3/30/23 21:00,99.022,
3/31/23 5:00,3/30/23 21:00,3/30/23 22:00,49.01754761,1.152610779,2.654147625,2.4041,3/30/23 22:00,98.936,
3/31/23 6:00,3/30/23 22:00,3/30/23 23:00,49.3053894,1.143661499,2.639903784,2.3899,3/30/23 23:00,97.193,
3/31/23 7:00,3/30/23 23:00,3/31/23 0:00,49.29344177,1.140649796,2.626815081,2.3768,3/31/23 0:00,95.609,
3/31/23 8:00,3/31/23 0:00,3/31/23 1:00,49.03743286,1.135686874,2.62662816,2.3766,3/31/23 1:00,95.586,
3/31/23 9:00,3/31/23 1:00,3/31/23 2:00,48.84640808,1.136389732,2.621134996,2.3711,3/31/23 2:00,94.927,
3/31/23 10:00,3/31/23 2:00,3/31/23 3:00,48.75220032,1.13000679,2.609143972,2.3591,3/31/23 3:00,93.498,
3/31/23 11:00,3/31/23 3:00,3/31/23 4:00,48.56372986,1.128548622,2.603389263,2.3534,3/31/23 4:00,92.817,
3/31/23 12:00,3/31/23 4:00,3/31/23 5:00,48.47479553,1.121704102,2.590982437,2.3410,3/31/23 5:00,91.360,
3/31/23 13:00,3/31/23 5:00,3/31/23 6:00,48.45488281,1.118281364,2.585793018,2.3358,3/31/23 6:00,90.756,
3/31/23 14:00,3/31/23 6:00,3/31/23 7:00,48.49737244,1.114817619,2.571978331,2.3220,3/31/23 7:00,89.159,
3/31/23 15:00,3/31/23 7:00,3/31/23 8:00,48.50800171,1.107110977,2.557111979,2.3071,3/31/23 8:00,87.462,
3/31/23 16:00,3/31/23 8:00,3/31/23 9:00,48.53851624,1.094641685,2.527557611,2.2776,3/31/23 9:00,84.153,
3/31/23 17:00,3/31/23 9:00,3/31/23 10:00,48.87826843,1.087533951,2.509358644,2.2594,3/31/23 10:00,82.157,
3/31/23 18:00,3/31/23 10:00,3/31/23 11:00,49.28152161,1.087947845,2.510089159,2.2601,3/31/23 11:00,82.236,
3/31/23 19:00,3/31/23 11:00,3/31/23 12:00,50.13518677,1.085232735,2.501848698,2.2518,3/31/23 12:00,81.342,
3/31/23 20:00,3/31/23 12:00,3/31/23 13:00,50.15504456,1.084300041,2.502854109,2.2529,3/31/23 13:00,81.451,
3/31/23 21:00,3/31/23 13:00,3/31/23 14:00,50.0344696,1.080714226,2.491597652,2.2416,3/31/23 14:00,80.239,
3/31/23 22:00,3/31/23 14:00,3/31/23 15:00,49.85423889,1.076018333,2.484324932,2.2343,3/31/23 15:00,79.463,
3/31/23 23:00,3/31/23 15:00,3/31/23 16:00,50.04243469,1.076592445,2.4842875,2.2343,3/31/23 16:00,79.459,
4/1/23 0:00,3/31/23 16:00,3/31/23 17:00,49.94303589,1.077232361,2.482642174,2.2326,3/31/23 17:00,79.284,
4/1/23 1:00,3/31/23 17:00,3/31/23 18:00,49.65675964,1.067481041,2.471394539,2.2214,3/31/23 18:00,78.095,
4/1/23 2:00,3/31/23 18:00,3/31/23 19:00,49.19928894,1.07118988,2.466907024,2.2169,3/31/23 19:00,77.624,
4/1/23 3:00,3/31/23 19:00,3/31/23 20:00,49.11571045,1.069094658,2.473165274,2.2232,3/31/23 20:00,78.281,
4/1/23 4:00,3/31/23 20:00,3/31/23 21:00,49.02817688,1.067845345,2.465316534,2.2153,3/31/23 21:00,77.457,
4/1/23 5:00,3/31/23 21:00,3/31/23 22:00,48.98835144,1.066650391,2.466456175,2.2165,3/31/23 22:00,77.577,
4/1/23 6:00,3/31/23 22:00,3/31/23 23:00,48.77208557,1.062655449,2.451143026,2.2011,3/31/23 23:00,75.984,
4/1/23 7:00,3/31/23 23:00,4/1/23 0:00,48.40711975,1.060686111,2.453985214,2.2040,4/1/23 0:00,76.278,
4/1/23 8:00,4/1/23 0:00,4/1/23 1:00,48.31552124,1.063119888,2.448820114,2.1988,4/1/23 1:00,75.744,
4/1/23 9:00,4/1/23 1:00,4/1/23 2:00,48.2637207,1.060951233,2.446246386,2.1962,4/1/23 2:00,75.479,
4/1/23 10:00,4/1/23 2:00,4/1/23 3:00,48.16149292,1.055137634,2.435660839,2.1857,4/1/23 3:00,74.396,
4/1/23 11:00,4/1/23 3:00,4/1/23 4:00,47.99282532,1.061798096,2.441574097,2.1916,4/1/23 4:00,75.000,
4/1/23 12:00,4/1/23 4:00,4/1/23 5:00,47.8799408,1.05426693,2.427966118,2.1780,4/1/23 5:00,73.615,
4/1/23 13:00,4/1/23 5:00,4/1/23 6:00,47.8852417,1.049778938,2.418139458,2.1681,4/1/23 6:00,72.626,
4/1/23 14:00,4/1/23 6:00,4/1/23 7:00,47.83346863,1.051670074,2.418207884,2.1682,4/1/23 7:00,72.633,
4/1/23 15:00,4/1/23 7:00,4/1/23 8:00,47.83346863,1.037989616,2.39811039,2.1481,4/1/23 8:00,70.637,
4/1/23 16:00,4/1/23 8:00,4/1/23 9:00,48.05525513,1.036993027,2.386708736,2.1367,4/1/23 9:00,69.521,
4/1/23 17:00,4/1/23 9:00,4/1/23 10:00,48.40580139,1.030693054,2.373199701,2.1232,4/1/23 10:00,68.214,
4/1/23 18:00,4/1/23 10:00,4/1/23 11:00,48.79598083,1.026910782,2.368294239,2.1183,4/1/23 11:00,67.744,
4/1/23 19:00,4/1/23 11:00,4/1/23 12:00,49.70180359,1.021193504,2.350715399,2.1007,4/1/23 12:00,66.076,
4/1/23 20:00,4/1/23 12:00,4/1/23 13:00,51.19187927,1.016615868,2.351248026,2.1012,4/1/23 13:00,66.126,
4/1/23 21:00,4/1/23 13:00,4/1/23 14:00,51.45126648,1.013879776,2.345149994,2.0951,4/1/23 14:00,65.553,
4/1/23 22:00,4/1/23 14:00,4/1/23 15:00,50.43459167,1.018362045,2.349697113,2.0997,4/1/23 15:00,65.980,
4/1/23 23:00,4/1/23 15:00,4/1/23 16:00,50.26369934,1.01491642,2.337574005,2.0876,4/1/23 16:00,64.847,
4/2/23 0:00,4/1/23 16:00,4/1/23 17:00,50.38822937,1.009430885,2.332303286,2.0823,4/1/23 17:00,64.358,
4/2/23 1:00,4/1/23 17:00,4/1/23 18:00,50.27828369,1.0106287,2.331036091,2.0810,4/1/23 18:00,64.241,
4/2/23 2:00,4/1/23 18:00,4/1/23 19:00,49.96822205,1.012385368,2.336654425,2.0867,4/1/23 19:00,64.761,
4/2/23 3:00,4/1/23 19:00,4/1/23 20:00,49.60902405,1.009591103,2.327331543,2.0773,4/1/23 20:00,63.899,
4/2/23 4:00,4/1/23 20:00,4/1/23 21:00,49.29077759,1.009894371,2.32839632,2.0784,4/1/23 21:00,63.997,
4/2/23 5:00,4/1/23 21:00,4/1/23 22:00,49.13161316,1.009446144,2.323094845,2.0731,4/1/23 22:00,63.510,
4/2/23 6:00,4/1/23 22:00,4/1/23 23:00,49.01356506,1.007204056,2.318864584,2.0689,4/1/23 23:00,63.123,
4/2/23 7:00,4/1/23 23:00,4/2/23 0:00,48.96184692,1.002848625,2.321277857,2.0713,4/2/23 0:00,63.344,
4/2/23 8:00,4/2/23 0:00,4/2/23 1:00,48.9366333,1.003186226,2.316436052,2.0664,4/2/23 1:00,62.902,
4/2/23 9:00,4/2/23 1:00,4/2/23 2:00,48.78139648,1.000522614,2.324421406,2.0744,4/2/23 2:00,63.632,
4/2/23 10:00,4/2/23 2:00,4/2/23 3:00,48.57435913,1.000071526,2.309308529,2.0593,4/2/23 3:00,62.255,
4/2/23 11:00,4/2/23 3:00,4/2/23 4:00,48.34073486,1.000281334,2.307309151,2.0573,4/2/23 4:00,62.074,
4/2/23 12:00,4/2/23 4:00,4/2/23 5:00,48.10172729,1.00137043,2.31268096,2.0627,4/2/23 5:00,62.560,
4/2/23 13:00,4/2/23 5:00,4/2/23 6:00,47.99680786,0.998730659,2.311251163,2.0613,4/2/23 6:00,62.431,
4/2/23 14:00,4/2/23 6:00,4/2/23 7:00,47.85469971,0.998924255,2.306240082,2.0562,4/2/23 7:00,61.978,
4/2/23 15:00,4/2/23 7:00,4/2/23 8:00,47.72319336,0.993472099,2.289803028,2.0398,4/2/23 8:00,60.507,
4/2/23 16:00,4/2/23 8:00,4/2/23 9:00,48.03135986,0.98130703,2.258972883,2.0090,4/2/23 9:00,57.812,
4/2/23 17:00,4/2/23 9:00,4/2/23 10:00,48.85835571,0.976035118,2.253128052,2.0031,4/2/23 10:00,57.310,
4/2/23 18:00,4/2/23 10:00,4/2/23 11:00,50.00931091,0.974500656,2.253625154,2.0036,4/2/23 11:00,57.353,
4/2/23 19:00,4/2/23 11:00,4/2/23 12:00,50.97218018,0.973897934,2.248422623,1.9984,4/2/23 12:00,56.908,
4/2/23 20:00,4/2/23 12:00,4/2/23 13:00,51.70656128,0.975644112,2.247076273,1.9971,4/2/23 13:00,56.794,
4/2/23 21:00,4/2/23 13:00,4/2/23 14:00,52.32539368,0.972215652,2.244827986,1.9948,4/2/23 14:00,56.603,
4/2/23 22:00,4/2/23 14:00,4/2/23 15:00,52.12577209,0.975441933,2.244566202,1.9946,4/2/23 15:00,56.580,
4/2/23 23:00,4/2/23 15:00,4/2/23 16:00,51.46315918,0.97136116,2.248143196,1.9981,4/2/23 16:00,56.885,
4/3/23 0:00,4/2/23 16:00,4/2/23 17:00,51.48035278,0.968644142,2.230067253,1.9801,4/2/23 17:00,55.359,
4/3/23 1:00,4/2/23 17:00,4/2/23 18:00,51.31629944,0.968379974,2.244034052,1.9940,4/2/23 18:00,56.535,
4/3/23 2:00,4/2/23 18:00,4/2/23 19:00,50.50479431,0.972215652,2.247047663,1.9970,4/2/23 19:00,56.791,
4/3/23 3:00,4/2/23 19:00,4/2/23 20:00,49.82773438,0.971963882,2.24093008,1.9909,4/2/23 20:00,56.272,
4/3/23 4:00,4/2/23 20:00,4/2/23 21:00,49.43269348,0.971672058,2.247144461,1.9971,4/2/23 21:00,56.799,
4/3/23 5:00,4/2/23 21:00,4/2/23 22:00,49.08387756,0.970635414,2.238536835,1.9885,4/2/23 22:00,56.070,
4/3/23 6:00,4/2/23 22:00,4/2/23 23:00,48.82385864,0.970143318,2.238756418,1.9888,4/2/23 23:00,56.089,
4/3/23 7:00,4/2/23 23:00,4/3/23 0:00,48.63406982,0.96912384,2.232513428,1.9825,4/3/23 0:00,55.564,
4/3/23 8:00,4/3/23 0:00,4/3/23 1:00,48.47350464,0.968197823,2.228291988,1.9783,4/3/23 1:00,55.210,
4/3/23 9:00,4/3/23 1:00,4/3/23 2:00,48.25443726,0.967634201,2.237465382,1.9875,4/3/23 2:00,55.980,
4/3/23 10:00,4/3/23 2:00,4/3/23 3:00,48.07783203,0.964735985,2.227916002,1.9779,4/3/23 3:00,55.179,
4/3/23 11:00,4/3/23 3:00,4/3/23 4:00,47.91314697,0.962792397,2.224728584,1.9747,4/3/23 4:00,54.913,
4/3/23 12:00,4/3/23 4:00,4/3/23 5:00,47.82283936,0.959403038,2.218399525,1.9684,4/3/23 5:00,54.388,
4/3/23 13:00,4/3/23 5:00,4/3/23 6:00,47.68600464,0.964102745,2.218826294,1.9688,4/3/23 6:00,54.424,
4/3/23 14:00,4/3/23 6:00,4/3/23 7:00,47.60761719,0.962505341,2.217521906,1.9675,4/3/23 7:00,54.316,
4/3/23 15:00,4/3/23 7:00,4/3/23 8:00,47.52126465,0.954959869,2.201465607,1.9515,4/3/23 8:00,53.000,
4/3/23 16:00,4/3/23 8:00,4/3/23 9:00,47.66741028,0.945752144,2.179538012,1.9295,4/3/23 9:00,51.238,
4/3/23 17:00,4/3/23 9:00,4/3/23 10:00,48.35004578,0.944026947,2.183152199,1.9332,4/3/23 10:00,51.526,
4/3/23 18:00,4/3/23 10:00,4/3/23 11:00,49.39819641,0.94315815,2.174139738,1.9241,4/3/23 11:00,50.811,
4/3/23 19:00,4/3/23 11:00,4/3/23 12:00,50.5829071,0.938569069,2.167555571,1.9176,4/3/23 12:00,50.292,
4/3/23 20:00,4/3/23 12:00,4/3/23 13:00,51.58752441,0.937585831,2.1609869,1.9110,4/3/23 13:00,49.779,
4/3/23 21:00,4/3/23 13:00,4/3/23 14:00,51.88907166,0.936602592,2.156490564,1.9065,4/3/23 14:00,49.429,
4/3/23 22:00,4/3/23 14:00,4/3/23 15:00,51.28320313,0.937812805,2.161770105,1.9118,4/3/23 15:00,49.840,
4/3/23 23:00,4/3/23 15:00,4/3/23 16:00,51.03570862,0.935006142,2.155276299,1.9053,4/3/23 16:00,49.335,
4/4/23 0:00,4/3/23 16:00,4/3/23 17:00,50.9377655,0.934668541,2.153415203,1.9034,4/3/23 17:00,49.191,
4/4/23 1:00,4/3/23 17:00,4/3/23 18:00,50.55376587,0.933326721,2.155988932,1.9060,4/3/23 18:00,49.390,
4/4/23 2:00,4/3/23 18:00,4/3/23 19:00,49.99604492,0.935471535,2.160223722,1.9102,4/3/23 19:00,49.719,
4/4/23 3:00,4/3/23 19:00,4/3/23 20:00,49.03213196,0.934038162,2.155357838,1.9054,4/3/23 20:00,49.341,
4/4/23 4:00,4/3/23 20:00,4/3/23 21:00,48.2531189,0.932993889,2.160243511,1.9102,4/3/23 21:00,49.721,
4/4/23 5:00,4/3/23 21:00,4/3/23 22:00,48.0127655,0.931535721,2.155659199,1.9057,4/3/23 22:00,49.364,
4/4/23 6:00,4/3/23 22:00,4/3/23 23:00,47.90518188,0.931365967,2.154273272,1.9043,4/3/23 23:00,49.257,
4/4/23 7:00,4/3/23 23:00,4/4/23 0:00,47.87197571,0.930841446,2.144349813,1.8943,4/4/23 0:00,48.493,
4/4/23 8:00,4/4/23 0:00,4/4/23 1:00,47.68600464,0.933933258,2.152390242,1.9024,4/4/23 1:00,49.112,
4/4/23 9:00,4/4/23 1:00,4/4/23 2:00,47.47471008,0.929177284,2.143087149,1.8931,4/4/23 2:00,48.396,
4/4/23 10:00,4/4/23 2:00,4/4/23 3:00,47.29134827,0.926388741,2.139074802,1.8891,4/4/23 3:00,48.090,
4/4/23 11:00,4/4/23 3:00,4/4/23 4:00,47.1291626,0.929868698,2.14530015,1.8953,4/4/23 4:00,48.566,
4/4/23 12:00,4/4/23 4:00,4/4/23 5:00,46.97362366,0.927629471,2.135447264,1.8854,4/4/23 5:00,47.814,
4/4/23 13:00,4/4/23 5:00,4/4/23 6:00,46.83533325,0.928291321,2.137321472,1.8873,4/4/23 6:00,47.957,
4/4/23 14:00,4/4/23 6:00,4/4/23 7:00,46.70234375,0.92281723,2.139413595,1.8894,4/4/23 7:00,48.116,
4/4/23 15:00,4/4/23 7:00,4/4/23 8:00,46.66240845,0.909651756,2.110420227,1.8604,4/4/23 8:00,45.940,
4/4/23 16:00,4/4/23 8:00,4/4/23 9:00,46.94569092,0.899211884,2.077757597,1.8278,4/4/23 9:00,43.569,
4/4/23 17:00,4/4/23 9:00,4/4/23 10:00,47.86002808,0.897722244,2.070203304,1.8202,4/4/23 10:00,43.033,
4/4/23 18:00,4/4/23 10:00,4/4/23 11:00,49.16745605,0.89458847,2.065821409,1.8158,4/4/23 11:00,42.723,
4/4/23 19:00,4/4/23 11:00,4/4/23 12:00,50.58952637,0.895956039,2.062757015,1.8128,4/4/23 12:00,42.508,
4/4/23 20:00,4/4/23 12:00,4/4/23 13:00,51.9221405,0.89197731,2.05538106,1.8054,4/4/23 13:00,41.993,
4/4/23 21:00,4/4/23 13:00,4/4/23 14:00,52.92662048,0.894181252,2.063720465,1.8137,4/4/23 14:00,42.576,
4/4/23 22:00,4/4/23 14:00,4/4/23 15:00,53.78091736,0.889681816,2.050671339,1.8007,4/4/23 15:00,41.666,
4/4/23 23:00,4/4/23 15:00,4/4/23 16:00,53.91945496,0.891137123,2.051916361,1.8019,4/4/23 16:00,41.752,
4/5/23 0:00,4/4/23 16:00,4/4/23 17:00,53.26340637,0.887224197,2.041108608,1.7911,4/4/23 17:00,41.007,
4/5/23 1:00,4/4/23 17:00,4/4/23 18:00,52.28441467,0.887224197,2.046489477,1.7965,4/4/23 18:00,41.377,
4/5/23 2:00,4/4/23 18:00,4/4/23 19:00,51.24881592,0.886322975,2.048354864,1.7984,4/4/23 19:00,41.506,
4/5/23 3:00,4/4/23 19:00,4/4/23 20:00,49.99604492,0.891339302,2.054824591,1.8048,4/4/23 20:00,41.954,
4/5/23 4:00,4/4/23 20:00,4/4/23 21:00,48.91141968,0.892745972,2.059466124,1.8095,4/4/23 21:00,42.278,
4/5/23 5:00,4/4/23 21:00,4/4/23 22:00,48.5849884,0.889206886,2.057209253,1.8072,4/4/23 22:00,42.120,
4/5/23 6:00,4/4/23 22:00,4/4/23 23:00,48.59960022,0.891891479,2.055266619,1.8053,4/4/23 23:00,41.985,
4/5/23 7:00,4/4/23 23:00,4/5/23 0:00,48.53719788,0.89047718,2.050180674,1.8002,4/5/23 0:00,41.632,
4/5/23 8:00,4/5/23 0:00,4/5/23 1:00,48.40975647,0.888321877,2.055576801,1.8056,4/5/23 1:00,42.006,
4/5/23 9:00,4/5/23 1:00,4/5/23 2:00,48.1774231,0.889418602,2.051126719,1.8011,4/5/23 2:00,41.697,
4/5/23 10:00,4/5/23 2:00,4/5/23 3:00,47.99680786,0.88908577,2.055341482,1.8053,4/5/23 3:00,41.990,
4/5/23 11:00,4/5/23 3:00,4/5/23 4:00,47.91314697,0.889895439,2.048350573,1.7984,4/5/23 4:00,41.505,
4/5/23 12:00,4/5/23 4:00,4/5/23 5:00,47.78032227,0.887124062,2.049536228,1.7995,4/5/23 5:00,41.587,
4/5/23 13:00,4/5/23 5:00,4/5/23 6:00,47.67935791,0.885029793,2.04335022,1.7934,4/5/23 6:00,41.161,
4/5/23 15:00,4/5/23 7:00,4/5/23 8:00,47.74711609,0.873445511,2.019414425,1.7694,4/5/23 8:00,39.539,
4/5/23 16:00,4/5/23 8:00,4/5/23 9:00,48.1243042,0.865085602,1.996732116,1.7467,4/5/23 9:00,38.042,
4/5/23 17:00,4/5/23 9:00,4/5/23 10:00,49.01622925,0.857393265,1.980585456,1.7306,4/5/23 10:00,36.999,
4/5/23 18:00,4/5/23 10:00,4/5/23 11:00,50.18816833,0.862328529,1.983192444,1.7332,4/5/23 11:00,37.166,
4/5/23 19:00,4/5/23 11:00,4/5/23 12:00,51.57033081,0.856388092,1.978181124,1.7282,4/5/23 12:00,36.846,
4/5/23 20:00,4/5/23 12:00,4/5/23 13:00,52.86850281,0.855634689,1.972562909,1.7226,4/5/23 13:00,36.488,
4/5/23 21:00,4/5/23 13:00,4/5/23 14:00,53.61856689,0.855875015,1.969582081,1.7196,4/5/23 14:00,36.300,
4/5/23 22:00,4/5/23 14:00,4/5/23 15:00,53.73208313,0.851420403,1.959909677,1.7099,4/5/23 15:00,35.692,
4/5/23 23:00,4/5/23 15:00,4/5/23 16:00,53.4614624,0.848894119,1.964045167,1.7140,4/5/23 16:00,35.951,
4/6/23 0:00,4/5/23 16:00,4/5/23 17:00,53.40864563,0.848558426,1.968552709,1.7186,4/5/23 17:00,36.235,
4/6/23 1:00,4/5/23 17:00,4/5/23 18:00,53.7017334,0.850816727,1.959518194,1.7095,4/5/23 18:00,35.668,
4/6/23 2:00,4/5/23 18:00,4/5/23 19:00,53.23305664,0.850694656,1.960303545,1.7103,4/5/23 19:00,35.717,
4/6/23 3:00,4/5/23 19:00,4/5/23 20:00,52.43641052,0.856630325,1.978284597,1.7283,4/5/23 20:00,36.852,
4/6/23 4:00,4/5/23 20:00,4/5/23 21:00,51.65234375,0.857546806,1.981729507,1.7317,4/5/23 21:00,37.072,
4/6/23 5:00,4/5/23 21:00,4/5/23 22:00,51.14290771,0.855817795,1.977404594,1.7274,4/5/23 22:00,36.796,
4/6/23 6:00,4/5/23 22:00,4/5/23 23:00,50.79744263,0.853022575,1.971194625,1.7212,4/5/23 23:00,36.402,
4/6/23 7:00,4/5/23 23:00,4/6/23 0:00,50.44516602,0.854030609,1.968299627,1.7183,4/6/23 0:00,36.219,
4/6/23 8:00,4/6/23 0:00,4/6/23 1:00,50.11000061,0.854649544,1.973858714,1.7239,4/6/23 1:00,36.571,
4/6/23 9:00,4/6/23 1:00,4/6/23 2:00,49.928479,0.85397625,1.972747684,1.7227,4/6/23 2:00,36.500,
4/6/23 10:00,4/6/23 2:00,4/6/23 3:00,49.67395325,0.851029396,1.967208743,1.7172,4/6/23 3:00,36.150,
4/6/23 11:00,4/6/23 3:00,4/6/23 4:00,49.46848145,0.850342751,1.965021968,1.7150,4/6/23 4:00,36.013,
4/6/23 12:00,4/6/23 4:00,4/6/23 5:00,49.37169189,0.85193634,1.966058016,1.7161,4/6/23 5:00,36.078,
4/6/23 13:00,4/6/23 5:00,4/6/23 6:00,49.34779663,0.852570534,1.961955547,1.7120,4/6/23 6:00,35.820,
4/6/23 14:00,4/6/23 6:00,4/6/23 7:00,49.3119812,0.847400665,1.95061779,1.7006,4/6/23 7:00,35.115,
4/6/23 15:00,4/6/23 7:00,4/6/23 8:00,49.34384155,0.842941284,1.94539535,1.6954,4/6/23 8:00,34.793,
4/6/23 16:00,4/6/23 8:00,4/6/23 9:00,49.7124054,0.836977959,1.922807693,1.6728,4/6/23 9:00,33.425,
4/6/23 17:00,4/6/23 9:00,4/6/23 10:00,50.48622742,0.837013245,1.929680109,1.6797,4/6/23 10:00,33.837,
4/6/23 18:00,4/6/23 10:00,4/6/23 11:00,51.22497559,0.833346367,1.923051953,1.6731,4/6/23 11:00,33.439,
4/6/23 19:00,4/6/23 11:00,4/6/23 12:00,52.06759949,0.82705307,1.911126733,1.6611,4/6/23 12:00,32.731,
4/6/23 20:00,4/6/23 12:00,4/6/23 13:00,52.53951721,0.829241753,1.909496784,1.6595,4/6/23 13:00,32.635,
4/6/23 21:00,4/6/23 13:00,4/6/23 14:00,52.60955505,0.829036713,1.909087658,1.6591,4/6/23 14:00,32.611,
4/6/23 22:00,4/6/23 14:00,4/6/23 15:00,52.78396301,0.828455925,1.914428711,1.6644,4/6/23 15:00,32.926,
4/6/23 23:00,4/6/23 15:00,4/6/23 16:00,52.91871033,0.829319954,1.913161635,1.6632,4/6/23 16:00,32.851,
4/7/23 0:00,4/6/23 16:00,4/6/23 17:00,52.99663086,0.828566551,1.90904367,1.6590,4/6/23 17:00,32.609,
4/7/23 1:00,4/6/23 17:00,4/6/23 18:00,52.73375549,0.827563286,1.911219239,1.6612,4/6/23 18:00,32.737,
4/7/23 2:00,4/6/23 18:00,4/6/23 19:00,52.22756042,0.828240395,1.913896322,1.6639,4/6/23 19:00,32.895,
4/7/23 3:00,4/6/23 19:00,4/6/23 20:00,51.69200439,0.832963943,1.916377783,1.6664,4/6/23 20:00,33.042,
4/7/23 4:00,4/6/23 20:00,4/6/23 21:00,51.28454895,0.831830978,1.920451879,1.6705,4/6/23 21:00,33.284,
4/7/23 5:00,4/6/23 21:00,4/6/23 22:00,51.06218567,0.833557129,1.91932106,1.6693,4/6/23 22:00,33.217,
4/7/23 6:00,4/6/23 22:00,4/6/23 23:00,50.92584534,0.832673073,1.919987679,1.6700,4/6/23 23:00,33.257,
4/7/23 7:00,4/6/23 23:00,4/7/23 0:00,50.76698303,0.833745956,1.924019933,1.6740,4/7/23 0:00,33.497,
4/7/23 8:00,4/7/23 0:00,4/7/23 1:00,50.57895203,0.835819244,1.926107526,1.6761,4/7/23 1:00,33.623,
4/7/23 9:00,4/7/23 1:00,4/7/23 2:00,50.47164307,0.832048416,1.919657707,1.6697,4/7/23 2:00,33.237,
4/7/23 10:00,4/7/23 2:00,4/7/23 3:00,50.35776978,0.841743469,1.941002369,1.6910,4/7/23 3:00,34.524,
4/7/23 11:00,4/7/23 3:00,4/7/23 4:00,50.22527466,0.843889236,1.950391054,1.7004,4/7/23 4:00,35.101,
4/7/23 12:00,4/7/23 4:00,4/7/23 5:00,50.18948669,0.851920128,1.962364674,1.7124,4/7/23 5:00,35.846,
4/7/23 13:00,4/7/23 5:00,4/7/23 6:00,50.17229309,0.852602959,1.966014028,1.7160,4/7/23 6:00,36.075,
4/7/23 14:00,4/7/23 6:00,4/7/23 7:00,50.18687744,0.860501289,1.976058483,1.7261,4/7/23 7:00,36.710,
4/7/23 15:00,4/7/23 7:00,4/7/23 8:00,50.28355713,0.86920166,2.004415989,1.7544,4/7/23 8:00,38.545,
4/7/23 16:00,4/7/23 8:00,4/7/23 9:00,50.5723053,0.875003815,2.015828609,1.7658,4/7/23 9:00,39.300,
4/7/23 17:00,4/7/23 9:00,4/7/23 10:00,51.10324707,0.880363464,2.035461903,1.7855,4/7/23 10:00,40.622,
4/7/23 18:00,4/7/23 10:00,4/7/23 11:00,51.71716309,0.884866714,2.050864935,1.8009,4/7/23 11:00,41.679,
4/7/23 19:00,4/7/23 11:00,4/7/23 12:00,52.29633484,0.892409325,2.060165644,1.8102,4/7/23 12:00,42.327,
4/7/23 20:00,4/7/23 12:00,4/7/23 13:00,53.47467346,0.896773338,2.067721844,1.8177,4/7/23 13:00,42.857,
4/7/23 21:00,4/7/23 13:00,4/7/23 14:00,54.8506012,0.901631355,2.078984976,1.8290,4/7/23 14:00,43.657,
4/7/23 22:00,4/7/23 14:00,4/7/23 15:00,55.58987122,0.906450272,2.09776473,1.8478,4/7/23 15:00,45.012,
4/7/23 23:00,4/7/23 15:00,4/7/23 16:00,55.37382507,0.910891533,2.099876642,1.8499,4/7/23 16:00,45.166,
4/8/23 0:00,4/7/23 16:00,4/7/23 17:00,55.05360107,0.913568497,2.108090639,1.8581,4/7/23 17:00,45.769,
4/8/23 1:00,4/7/23 17:00,4/7/23 18:00,54.65812073,0.915951729,2.115715027,1.8657,4/7/23 18:00,46.333,
4/8/23 2:00,4/7/23 18:00,4/7/23 19:00,53.87064819,0.916406631,2.118159056,1.8682,4/7/23 19:00,46.515,
4/8/23 3:00,4/7/23 19:00,4/7/23 20:00,52.94776917,0.916960716,2.118467093,1.8685,4/7/23 20:00,46.538,
4/8/23 4:00,4/7/23 20:00,4/7/23 21:00,52.3214386,0.918766975,2.118548393,1.8685,4/7/23 21:00,46.544,
4/8/23 5:00,4/7/23 21:00,4/7/23 22:00,52.12577209,0.914531708,2.105221987,1.8552,4/7/23 22:00,45.557,
4/8/23 6:00,4/7/23 22:00,4/7/23 23:00,52.03323975,0.911326408,2.105734587,1.8557,4/7/23 23:00,45.595,
4/8/23 7:00,4/7/23 23:00,4/8/23 0:00,51.94199829,0.908201218,2.092155218,1.8422,4/8/23 0:00,44.604,
4/8/23 8:00,4/8/23 0:00,4/8/23 1:00,51.73037415,0.907238007,2.090896845,1.8409,4/8/23 1:00,44.513,
4/8/23 9:00,4/8/23 1:00,4/8/23 2:00,51.44464722,0.901542664,2.082333088,1.8323,4/8/23 2:00,43.896,
4/8/23 10:00,4/8/23 2:00,4/8/23 3:00,51.16012878,0.899127007,2.07696557,1.8270,4/8/23 3:00,43.513,
4/8/23 11:00,4/8/23 3:00,4/8/23 4:00,50.91263428,0.895021439,2.063949347,1.8139,4/8/23 4:00,42.592,
4/8/23 12:00,4/8/23 4:00,4/8/23 5:00,50.76964722,0.889831543,2.055673599,1.8057,4/8/23 5:00,42.013,
4/8/23 13:00,4/8/23 5:00,4/8/23 6:00,50.60279236,0.88884449,2.051566601,1.8016,4/8/23 6:00,41.728,
4/8/23 14:00,4/8/23 6:00,4/8/23 7:00,50.46900635,0.885224342,2.043572426,1.7936,4/8/23 7:00,41.176,
4/8/23 15:00,4/8/23 7:00,4/8/23 8:00,50.4954834,0.881541252,2.028712988,1.7787,4/8/23 8:00,40.164,
4/8/23 16:00,4/8/23 8:00,4/8/23 9:00,50.77623901,0.872532845,2.014143705,1.7641,4/8/23 9:00,39.188,
4/8/23 17:00,4/8/23 9:00,4/8/23 10:00,51.26732788,0.866375923,2.000216722,1.7502,4/8/23 10:00,38.269,
4/8/23 18:00,4/8/23 10:00,4/8/23 11:00,51.96446533,0.861325264,1.98147881,1.7315,4/8/23 11:00,37.056,
4/8/23 19:00,4/8/23 11:00,4/8/23 12:00,53.06795959,0.850118637,1.966009736,1.7160,4/8/23 12:00,36.075,
4/8/23 20:00,4/8/23 12:00,4/8/23 13:00,54.57110901,0.847468376,1.956227183,1.7062,4/8/23 13:00,35.463,
4/8/23 21:00,4/8/23 13:00,4/8/23 14:00,55.86777039,0.844976425,1.947553396,1.6976,4/8/23 14:00,34.926,
4/8/23 22:00,4/8/23 14:00,4/8/23 15:00,56.52071533,0.835707664,1.929994464,1.6800,4/8/23 15:00,33.856,
4/8/23 23:00,4/8/23 15:00,4/8/23 16:00,56.70492859,0.834280968,1.926716804,1.6767,4/8/23 16:00,33.659,
4/9/23 0:00,4/8/23 16:00,4/8/23 17:00,56.21139526,0.832522392,1.923650384,1.6737,4/8/23 17:00,33.475,
4/9/23 1:00,4/8/23 17:00,4/8/23 18:00,55.0918335,0.83234024,1.921384454,1.6714,4/8/23 18:00,33.340,
4/9/23 2:00,4/8/23 18:00,4/8/23 19:00,54.18334656,0.83211422,1.91986227,1.6699,4/8/23 19:00,33.249,
4/9/23 3:00,4/8/23 19:00,4/8/23 20:00,53.18155823,0.83645153,1.929913163,1.6799,4/8/23 20:00,33.851,
4/9/23 4:00,4/8/23 20:00,4/8/23 21:00,53.12475891,0.837737083,1.93492651,1.6849,4/8/23 21:00,34.155,
4/9/23 5:00,4/8/23 21:00,4/8/23 22:00,53.14192505,0.838118553,1.932616711,1.6826,4/8/23 22:00,34.015,
4/9/23 6:00,4/8/23 22:00,4/8/23 23:00,52.92137451,0.837036133,1.934414029,1.6844,4/8/23 23:00,34.124,
4/9/23 7:00,4/8/23 23:00,4/9/23 0:00,52.70865173,0.837795258,1.931468368,1.6815,4/9/23 0:00,33.945,
4/9/23 8:00,4/9/23 0:00,4/9/23 1:00,52.53421631,0.835952759,1.933461428,1.6835,4/9/23 1:00,34.066,
4/9/23 9:00,4/9/23 1:00,4/9/23 2:00,52.21434937,0.83247757,1.917185187,1.6672,4/9/23 2:00,33.090,
4/9/23 10:00,4/9/23 2:00,4/9/23 3:00,51.73963013,0.833623886,1.924659967,1.6747,4/9/23 3:00,33.536,
4/9/23 11:00,4/9/23 3:00,4/9/23 4:00,51.56901245,0.832357407,1.918907642,1.6689,4/9/23 4:00,33.192,
4/9/23 12:00,4/9/23 4:00,4/9/23 5:00,51.47774353,0.831716537,1.912211299,1.6622,4/9/23 5:00,32.795,
4/9/23 13:00,4/9/23 5:00,4/9/23 6:00,51.35862427,0.829212189,1.918311357,1.6683,4/9/23 6:00,33.157,
4/9/23 14:00,4/9/23 6:00,4/9/23 7:00,51.19984436,0.827887535,1.908594966,1.6586,4/9/23 7:00,32.582,
4/9/23 15:00,4/9/23 7:00,4/9/23 8:00,51.16279297,0.816706657,1.883589745,1.6336,4/9/23 8:00,31.135,
4/9/23 16:00,4/9/23 8:00,4/9/23 9:00,51.47373352,0.801795006,1.855894327,1.6059,4/9/23 9:00,29.582,
4/9/23 17:00,4/9/23 9:00,4/9/23 10:00,52.39411316,0.801336288,1.850383759,1.6004,4/9/23 10:00,29.279,
4/9/23 18:00,4/9/23 10:00,4/9/23 11:00,53.88778687,0.800000191,1.845537543,1.5955,4/9/23 11:00,29.015,
4/9/23 19:00,4/9/23 11:00,4/9/23 12:00,55.59382629,0.798289299,1.844778657,1.5948,4/9/23 12:00,28.973,
4/9/23 20:00,4/9/23 12:00,4/9/23 13:00,57.2139801,0.800042152,1.840713263,1.5907,4/9/23 13:00,28.753,
4/9/23 21:00,4/9/23 13:00,4/9/23 14:00,58.42167969,0.79382515,1.838515878,1.5885,4/9/23 14:00,28.634,
4/9/23 22:00,4/9/23 14:00,4/9/23 15:00,59.04924622,0.79492569,1.829558134,1.5796,4/9/23 15:00,28.154,
4/9/23 23:00,4/9/23 15:00,4/9/23 16:00,59.1568573,0.789820671,1.818053126,1.5681,4/9/23 16:00,27.545,
4/10/23 0:00,4/9/23 16:00,4/9/23 17:00,58.65544128,0.787294388,1.814654469,1.5647,4/9/23 17:00,27.366,
4/10/23 1:00,4/9/23 17:00,4/9/23 18:00,58.08670654,0.787558556,1.813979149,1.5640,4/9/23 18:00,27.331,
4/10/23 2:00,4/9/23 18:00,4/9/23 19:00,57.17583008,0.790000916,1.82464385,1.5746,4/9/23 19:00,27.893,
4/10/23 3:00,4/9/23 19:00,4/9/23 20:00,55.94022522,0.796634674,1.832710505,1.5827,4/9/23 20:00,28.322,
4/10/23 4:00,4/9/23 20:00,4/9/23 21:00,55.15906982,0.797365189,1.836964965,1.5870,4/9/23 21:00,28.551,
4/10/23 5:00,4/9/23 21:00,4/9/23 22:00,55.34353027,0.797538757,1.840291023,1.5903,4/9/23 22:00,28.730,
4/10/23 6:00,4/9/23 22:00,4/9/23 23:00,55.12740173,0.797121048,1.839939117,1.5899,4/9/23 23:00,28.711,
4/10/23 7:00,4/9/23 23:00,4/10/23 0:00,54.72538452,0.796420097,1.837083578,1.5871,4/10/23 0:00,28.557,
4/10/23 8:00,4/10/23 0:00,4/10/23 1:00,54.7715271,0.798405647,1.844393611,1.5944,4/10/23 1:00,28.952,
4/10/23 9:00,4/10/23 1:00,4/10/23 2:00,54.78075562,0.796784401,1.833541989,1.5835,4/10/23 2:00,28.367,
4/10/23 10:00,4/10/23 2:00,4/10/23 3:00,54.36539001,0.799060822,1.837660074,1.5877,4/10/23 3:00,28.588,
4/10/23 11:00,4/10/23 3:00,4/10/23 4:00,53.92211914,0.796889305,1.837376118,1.5874,4/10/23 4:00,28.573,
4/10/23 12:00,4/10/23 4:00,4/10/23 5:00,53.66473694,0.796654701,1.83932972,1.5893,4/10/23 5:00,28.678,
4/10/23 13:00,4/10/23 5:00,4/10/23 6:00,53.50768738,0.796102524,1.840128183,1.5901,4/10/23 6:00,28.721,
4/10/23 14:00,4/10/23 6:00,4/10/23 7:00,53.43905029,0.793430328,1.83268857,1.5827,4/10/23 7:00,28.321,
4/10/23 15:00,4/10/23 7:00,4/10/23 8:00,53.39809875,0.785328865,1.813781142,1.5638,4/10/23 8:00,27.321,
4/10/23 16:00,4/10/23 8:00,4/10/23 9:00,53.61988525,0.774195671,1.785969138,1.5360,4/10/23 9:00,25.893,
4/10/23 17:00,4/10/23 9:00,4/10/23 10:00,54.51837463,0.771080017,1.778447986,1.5284,4/10/23 10:00,25.515,
4/10/23 18:00,4/10/23 10:00,4/10/23 11:00,56.1205658,0.770341873,1.778018832,1.5280,4/10/23 11:00,25.494,
4/10/23 19:00,4/10/23 11:00,4/10/23 12:00,57.8370697,0.770215988,1.774822712,1.5248,4/10/23 12:00,25.334,
4/10/23 20:00,4/10/23 12:00,4/10/23 13:00,59.50589294,0.771558762,1.77831161,1.5283,4/10/23 13:00,25.508,
4/10/23 21:00,4/10/23 13:00,4/10/23 14:00,60.83919373,0.769863129,1.775733471,1.5257,4/10/23 14:00,25.380,
4/10/23 22:00,4/10/23 14:00,4/10/23 15:00,61.44429321,0.770112991,1.7738657,1.5239,4/10/23 15:00,25.287,
4/10/23 23:00,4/10/23 15:00,4/10/23 16:00,62.21514893,0.770391464,1.77574873,1.5257,4/10/23 16:00,25.381,
4/11/23 0:00,4/10/23 16:00,4/10/23 17:00,62.67294922,0.769221306,1.771903515,1.5219,4/10/23 17:00,25.190,
4/11/23 1:00,4/10/23 17:00,4/10/23 18:00,62.28710938,0.772232056,1.776914597,1.5269,4/10/23 18:00,25.439,
4/11/23 2:00,4/10/23 18:00,4/10/23 19:00,61.29630737,0.77560997,1.787385702,1.5374,4/10/23 19:00,25.964,
4/11/23 3:00,4/10/23 19:00,4/10/23 20:00,59.89414978,0.777216911,1.792139649,1.5421,4/10/23 20:00,26.205,
4/11/23 4:00,4/10/23 20:00,4/10/23 21:00,58.47158508,0.777564049,1.792009711,1.5420,4/10/23 21:00,26.198,
4/11/23 5:00,4/10/23 21:00,4/10/23 22:00,57.69119873,0.77483654,1.784866929,1.5349,4/10/23 22:00,25.837,
4/11/23 6:00,4/10/23 22:00,4/10/23 23:00,57.16926575,0.779735565,1.790575385,1.5406,4/10/23 23:00,26.126,
4/11/23 7:00,4/10/23 23:00,4/11/23 0:00,56.68257141,0.772032738,1.782389879,1.5324,4/11/23 0:00,25.712,
4/11/23 8:00,4/11/23 0:00,4/11/23 1:00,56.48253784,0.774707794,1.789537191,1.5395,4/11/23 1:00,26.073,
4/11/23 9:00,4/11/23 1:00,4/11/23 2:00,56.44966125,0.775613785,1.78592515,1.5359,4/11/23 2:00,25.890,
4/11/23 10:00,4/11/23 2:00,4/11/23 3:00,56.3693512,0.769993782,1.771184087,1.5212,4/11/23 3:00,25.154,
4/11/23 11:00,4/11/23 3:00,4/11/23 4:00,56.15610657,0.772481918,1.779136419,1.5291,4/11/23 4:00,25.549,
4/11/23 12:00,4/11/23 4:00,4/11/23 5:00,55.91913147,0.770647049,1.778005838,1.5280,4/11/23 5:00,25.493,
4/11/23 13:00,4/11/23 5:00,4/11/23 6:00,55.74002686,0.77112484,1.781411171,1.5314,4/11/23 6:00,25.663,
4/11/23 14:00,4/11/23 6:00,4/11/23 7:00,55.75452881,0.772566795,1.779024243,1.5290,4/11/23 7:00,25.544,
4/11/23 15:00,4/11/23 7:00,4/11/23 8:00,55.9862854,0.772411346,1.779688716,1.5297,4/11/23 8:00,25.577,
4/11/23 16:00,4/11/23 8:00,4/11/23 9:00,56.15874329,0.763118744,1.758900404,1.5089,4/11/23 9:00,24.551,
4/11/23 17:00,4/11/23 9:00,4/11/23 10:00,56.60099792,0.758700371,1.752171278,1.5022,4/11/23 10:00,24.225,1.74755168
4/11/23 18:00,4/11/23 10:00,4/11/23 11:00,57.66095886,0.756928444,1.742932081,1.4929,4/11/23 11:00,23.782,
4/11/23 19:00,4/11/23 11:00,4/11/23 12:00,59.14768372,0.75571537,1.736563683,1.4866,4/11/23 12:00,23.480,
4/11/23 20:00,4/11/23 12:00,4/11/23 13:00,60.63608398,0.758591652,1.748273253,1.4983,4/11/23 13:00,24.037,
4/11/23 21:00,4/11/23 13:00,4/11/23 14:00,61.94167175,0.757991791,1.745283604,1.4953,4/11/23 14:00,23.894,
4/11/23 22:00,4/11/23 14:00,4/11/23 15:00,62.84554443,0.754640579,1.743127823,1.4931,4/11/23 15:00,23.791,
4/11/23 23:00,4/11/23 15:00,4/11/23 16:00,63.33965454,0.755041122,1.741757393,1.4918,4/11/23 16:00,23.726,
4/12/23 0:00,4/11/23 16:00,4/11/23 17:00,63.07430725,0.754221916,1.741310835,1.4913,4/11/23 17:00,23.705,
4/12/23 1:00,4/11/23 17:00,4/11/23 18:00,62.22300415,0.755181313,1.740714788,1.4907,4/11/23 18:00,23.676,
4/12/23 2:00,4/11/23 18:00,4/11/23 19:00,60.97281494,0.7573843,1.743493199,1.4935,4/11/23 19:00,23.809,
4/12/23 3:00,4/11/23 19:00,4/11/23 20:00,59.34716797,0.759057999,1.748970628,1.4990,4/11/23 20:00,24.071,
4/12/23 4:00,4/11/23 20:00,4/11/23 21:00,57.77398071,0.760561943,1.752043724,1.5020,4/11/23 21:00,24.219,
4/12/23 5:00,4/11/23 21:00,4/11/23 22:00,56.57070313,0.762343407,1.756414771,1.5064,4/11/23 22:00,24.430,
4/12/23 6:00,4/11/23 22:00,4/11/23 23:00,55.83222961,0.761411667,1.751797318,1.5018,4/11/23 23:00,24.207,
4/12/23 7:00,4/11/23 23:00,4/12/23 0:00,55.34613953,0.760259628,1.754784584,1.5048,4/12/23 0:00,24.351,
4/12/23 8:00,4/12/23 0:00,4/12/23 1:00,55.07996826,0.763738632,1.753667235,1.5037,4/12/23 1:00,24.297,
4/12/23 9:00,4/12/23 1:00,4/12/23 2:00,54.84140015,0.760560036,1.752787232,1.5028,4/12/23 2:00,24.255,
4/12/23 10:00,4/12/23 2:00,4/12/23 3:00,54.55792542,0.759830475,1.75382328,1.5038,4/12/23 3:00,24.305,
4/12/23 11:00,4/12/23 3:00,4/12/23 4:00,54.34558716,0.761079788,1.753088593,1.5031,4/12/23 4:00,24.269,
4/12/23 12:00,4/12/23 4:00,4/12/23 5:00,54.13849487,0.75718689,1.750158429,1.5002,4/12/23 5:00,24.128,
4/12/23 13:00,4/12/23 5:00,4/12/23 6:00,53.88646851,0.7607584,1.755292892,1.5053,4/12/23 6:00,24.376,1.737783492
4/12/23 14:00,4/12/23 6:00,4/12/23 7:00,53.61194763,0.758025169,1.750389576,1.5004,4/12/23 7:00,24.139,
4/12/23 15:00,4/12/23 7:00,4/12/23 8:00,53.53540039,0.745979309,1.725177407,1.4752,4/12/23 8:00,22.946,
4/12/23 16:00,4/12/23 8:00,4/12/23 9:00,53.65023499,0.73722744,1.70253706,1.4525,4/12/23 9:00,21.908,
4/12/23 17:00,4/12/23 9:00,4/12/23 10:00,54.37198181,0.736406326,1.698197007,1.4482,4/12/23 10:00,21.713,
4/12/23 18:00,4/12/23 10:00,4/12/23 11:00,55.7084137,0.738956451,1.704965591,1.4550,4/12/23 11:00,22.018,
4/12/23 19:00,4/12/23 11:00,4/12/23 12:00,57.34677734,0.737774849,1.701340437,1.4513,4/12/23 12:00,21.854,
4/12/23 20:00,4/12/23 12:00,4/12/23 13:00,59.0335083,0.739806175,1.703577638,1.4536,4/12/23 13:00,21.955,
4/12/23 21:00,4/12/23 13:00,4/12/23 14:00,60.490625,0.731054306,1.682648659,1.4326,4/12/23 14:00,21.023,
4/12/23 22:00,4/12/23 14:00,4/12/23 15:00,61.5084259,0.730712891,1.684819937,1.4348,4/12/23 15:00,21.118,
4/12/23 23:00,4/12/23 15:00,4/12/23 16:00,61.87624817,0.729359627,1.681084633,1.4311,4/12/23 16:00,20.954,
4/13/23 0:00,4/12/23 16:00,4/12/23 17:00,61.49139709,0.731584549,1.686137557,1.4361,4/12/23 17:00,21.176,
4/13/23 1:00,4/12/23 17:00,4/12/23 18:00,60.76316833,0.727483749,1.676773071,1.4268,4/12/23 18:00,20.766,
4/13/23 2:00,4/12/23 18:00,4/12/23 19:00,59.67906494,0.734313011,1.689494491,1.4395,4/12/23 19:00,21.325,
4/13/23 3:00,4/12/23 19:00,4/12/23 20:00,58.47946777,0.737010002,1.697369814,1.4474,4/12/23 20:00,21.676,
4/13/23 4:00,4/12/23 20:00,4/12/23 21:00,56.74307861,0.739456177,1.706318736,1.4563,4/12/23 21:00,22.079,
4/13/23 5:00,4/12/23 21:00,4/12/23 22:00,55.14720459,0.740044594,1.707427263,1.4574,4/12/23 22:00,22.129,
4/13/23 6:00,4/12/23 22:00,4/12/23 23:00,54.48011475,0.743114471,1.72170186,1.4717,4/12/23 23:00,22.784,
4/13/23 7:00,4/12/23 23:00,4/13/23 0:00,54.20842285,0.745928764,1.721585393,1.4716,4/13/23 0:00,22.779,
4/13/23 8:00,4/13/23 0:00,4/13/23 1:00,53.9168457,0.744255066,1.715586305,1.4656,4/13/23 1:00,22.502,
4/13/23 9:00,4/13/23 1:00,4/13/23 2:00,53.6000824,0.744920731,1.718477011,1.4685,4/13/23 2:00,22.635,
4/13/23 10:00,4/13/23 2:00,4/13/23 3:00,53.28191833,0.744269371,1.720166445,1.4702,4/13/23 3:00,22.713,
4/13/23 11:00,4/13/23 3:00,4/13/23 4:00,52.97155457,0.742173195,1.715661287,1.4657,4/13/23 4:00,22.506,
4/13/23 12:00,4/13/23 4:00,4/13/23 5:00,52.65976257,0.742036819,1.711024046,1.4610,4/13/23 5:00,22.293,
4/13/23 13:00,4/13/23 5:00,4/13/23 6:00,52.3690094,0.739515305,1.707889318,1.4579,4/13/23 6:00,22.150,
4/13/23 14:00,4/13/23 6:00,4/13/23 7:00,52.11915283,0.740742683,1.707557082,1.4576,4/13/23 7:00,22.135,
4/13/23 15:00,4/13/23 7:00,4/13/23 8:00,52.0411499,0.728515625,1.681812763,1.4318,4/13/23 8:00,20.986,
4/13/23 16:00,4/13/23 8:00,4/13/23 9:00,52.32934875,0.715634346,1.651380777,1.4014,4/13/23 9:00,19.680,
4/13/23 17:00,4/13/23 9:00,4/13/23 10:00,53.16834717,0.711263657,1.645788908,1.3958,4/13/23 10:00,19.446,
4/13/23 18:00,4/13/23 10:00,4/13/23 11:00,54.72142944,0.712421417,1.643287778,1.3933,4/13/23 11:00,19.341,
4/13/23 19:00,4/13/23 11:00,4/13/23 12:00,56.64310303,0.716801643,1.650093794,1.4001,4/13/23 12:00,19.626,
4/13/23 20:00,4/13/23 12:00,4/13/23 13:00,58.56219482,0.71698761,1.648949981,1.3989,4/13/23 13:00,19.578,
4/13/23 21:00,4/13/23 13:00,4/13/23 14:00,60.29927063,0.717018127,1.657342196,1.4073,4/13/23 14:00,19.931,
4/13/23 22:00,4/13/23 14:00,4/13/23 15:00,61.53460083,0.718630791,1.65502584,1.4050,4/13/23 15:00,19.833,
4/13/23 23:00,4/13/23 15:00,4/13/23 16:00,61.94035339,0.71648407,1.646572113,1.3966,4/13/23 16:00,19.478,
4/14/23 0:00,4/13/23 16:00,4/13/23 17:00,61.80162354,0.71304512,1.644037843,1.3940,4/13/23 17:00,19.373,
4/14/23 1:00,4/13/23 17:00,4/13/23 18:00,61.23736572,0.714528084,1.644112587,1.3941,4/13/23 18:00,19.376,
4/14/23 2:00,4/13/23 18:00,4/13/23 19:00,60.08822327,0.712691307,1.643067718,1.3931,4/13/23 19:00,19.332,
4/14/23 3:00,4/13/23 19:00,4/13/23 20:00,58.57139587,0.714804649,1.645381927,1.3954,4/13/23 20:00,19.429,
4/14/23 4:00,4/13/23 20:00,4/13/23 21:00,57.00090027,0.71647644,1.649658322,1.3997,4/13/23 21:00,19.607,
4/14/23 5:00,4/13/23 21:00,4/13/23 22:00,55.68602905,0.717047691,1.657861352,1.4079,4/13/23 22:00,19.953,
4/14/23 6:00,4/13/23 22:00,4/13/23 23:00,54.77814636,0.722028732,1.665494561,1.4155,4/13/23 23:00,20.279,
4/14/23 7:00,4/13/23 23:00,4/14/23 0:00,54.25854797,0.723718643,1.668389559,1.4184,4/14/23 0:00,20.403,
4/14/23 8:00,4/14/23 0:00,4/14/23 1:00,53.82313232,0.725496292,1.676707029,1.4267,4/14/23 1:00,20.763,
4/14/23 9:00,4/14/23 1:00,4/14/23 2:00,53.52749023,0.726093292,1.676018476,1.4260,4/14/23 2:00,20.733,
4/14/23 10:00,4/14/23 2:00,4/14/23 3:00,53.28587341,0.727324486,1.677254796,1.4273,4/14/23 3:00,20.787,
4/14/23 11:00,4/14/23 3:00,4/14/23 4:00,53.02700806,0.725885391,1.678090811,1.4281,4/14/23 4:00,20.823,
4/14/23 12:00,4/14/23 4:00,4/14/23 5:00,52.74298401,0.724830627,1.670675158,1.4207,4/14/23 5:00,20.501,
4/14/23 13:00,4/14/23 5:00,4/14/23 6:00,52.48266296,0.721933365,1.663550019,1.4136,4/14/23 6:00,20.195,
4/14/23 14:00,4/14/23 6:00,4/14/23 7:00,52.24343567,0.719701767,1.662947297,1.4129,4/14/23 7:00,20.170,
4/14/23 15:00,4/14/23 7:00,4/14/23 8:00,52.19320068,0.711874008,1.640273929,1.3903,4/14/23 8:00,19.217,
4/14/23 16:00,4/14/23 8:00,4/14/23 9:00,52.47475281,0.694885254,1.601629972,1.3516,4/14/23 9:00,17.662,
4/14/23 17:00,4/14/23 9:00,4/14/23 10:00,53.28323669,0.693629265,1.599023223,1.3490,4/14/23 10:00,17.561,
4/14/23 18:00,4/14/23 10:00,4/14/23 11:00,54.80844116,0.695105553,1.600184798,1.3502,4/14/23 11:00,17.606,
4/14/23 19:00,4/14/23 11:00,4/14/23 12:00,56.75491638,0.695883751,1.602527499,1.3525,4/14/23 12:00,17.697,
4/14/23 20:00,4/14/23 12:00,4/14/23 13:00,58.76047058,0.696291924,1.606511354,1.3565,4/14/23 13:00,17.854,
4/14/23 21:00,4/14/23 13:00,4/14/23 14:00,60.62954712,0.696680069,1.610985756,1.3610,4/14/23 14:00,18.031,
4/14/23 22:00,4/14/23 14:00,4/14/23 15:00,61.96391907,0.696361542,1.608460426,1.3585,4/14/23 15:00,17.931,
4/14/23 23:00,4/14/23 15:00,4/14/23 16:00,62.67424011,0.697507858,1.607866526,1.3579,4/14/23 16:00,17.907,
4/15/23 0:00,4/14/23 16:00,4/14/23 17:00,62.55393982,0.696831703,1.610136628,1.3601,4/14/23 17:00,17.997,
4/15/23 1:00,4/14/23 17:00,4/14/23 18:00,61.70348816,0.699254036,1.610330224,1.3603,4/14/23 18:00,18.005,
4/15/23 2:00,4/14/23 18:00,4/14/23 19:00,60.62693787,0.699682236,1.611067176,1.3611,4/14/23 19:00,18.034,
4/15/23 3:00,4/14/23 19:00,4/14/23 20:00,59.59381104,0.701917648,1.614336133,1.3643,4/14/23 20:00,18.164,
4/15/23 4:00,4/14/23 20:00,4/14/23 21:00,58.40462341,0.703393936,1.6223104,1.3723,4/14/23 21:00,18.483,
4/15/23 5:00,4/14/23 21:00,4/14/23 22:00,57.23630981,0.705012321,1.627633929,1.3776,4/14/23 22:00,18.699,
4/15/23 6:00,4/14/23 22:00,4/14/23 23:00,56.38121643,0.706109047,1.628291607,1.3783,4/14/23 23:00,18.725,
4/15/23 7:00,4/14/23 23:00,4/15/23 0:00,55.72423401,0.709514618,1.637154579,1.3872,4/15/23 0:00,19.088,
4/15/23 8:00,4/15/23 0:00,4/15/23 1:00,55.21702271,0.708324432,1.629648924,1.3796,4/15/23 1:00,18.780,
4/15/23 9:00,4/15/23 1:00,4/15/23 2:00,54.80580444,0.708081245,1.636573911,1.3866,4/15/23 2:00,19.064,
4/15/23 10:00,4/15/23 2:00,4/15/23 3:00,54.49066162,0.709469795,1.635865569,1.3859,4/15/23 3:00,19.035,
4/15/23 11:00,4/15/23 3:00,4/15/23 4:00,54.19521179,0.709802628,1.638817668,1.3888,4/15/23 4:00,19.156,
4/15/23 12:00,4/15/23 4:00,4/15/23 5:00,53.92604675,0.708929062,1.635073662,1.3851,4/15/23 5:00,19.002,
4/15/23 13:00,4/15/23 5:00,4/15/23 6:00,53.66871948,0.707194328,1.631996155,1.3820,4/15/23 6:00,18.876,
4/15/23 14:00,4/15/23 6:00,4/15/23 7:00,53.42713013,0.706880569,1.631219625,1.3812,4/15/23 7:00,18.845,
4/15/23 15:00,4/15/23 7:00,4/15/23 8:00,53.3532196,0.694449425,1.602437377,1.3524,4/15/23 8:00,17.694,
4/15/23 16:00,4/15/23 8:00,4/15/23 9:00,53.60140076,0.68109417,1.569737315,1.3197,4/15/23 9:00,16.444,
4/15/23 17:00,4/15/23 9:00,4/15/23 10:00,54.398349,0.67628479,1.56099534,1.3110,4/15/23 10:00,16.121,
4/15/23 18:00,4/15/23 10:00,4/15/23 11:00,55.91385803,0.678837776,1.562150121,1.3122,4/15/23 11:00,16.163,
4/15/23 19:00,4/15/23 11:00,4/15/23 12:00,57.89620361,0.674607277,1.558997869,1.3090,4/15/23 12:00,16.047,
4/15/23 20:00,4/15/23 12:00,4/15/23 13:00,59.90856934,0.674086571,1.555882931,1.3059,4/15/23 13:00,15.933,
4/15/23 21:00,4/15/23 13:00,4/15/23 14:00,61.78725891,0.672814369,1.55084753,1.3008,4/15/23 14:00,15.750,
4/15/23 22:00,4/15/23 14:00,4/15/23 15:00,63.20240784,0.672119141,1.554184675,1.3042,4/15/23 15:00,15.871,
4/15/23 23:00,4/15/23 15:00,4/15/23 16:00,63.92885132,0.671985626,1.550781608,1.3008,4/15/23 16:00,15.748,
4/16/23 0:00,4/15/23 16:00,4/15/23 17:00,63.86090088,0.671329498,1.549193382,1.2992,4/15/23 17:00,15.690,
4/16/23 1:00,4/15/23 17:00,4/15/23 18:00,63.50167542,0.672154427,1.549906015,1.2999,4/15/23 18:00,15.716,
4/16/23 2:00,4/15/23 18:00,4/15/23 19:00,62.77756653,0.673384666,1.5455966,1.2956,4/15/23 19:00,15.561,
4/16/23 3:00,4/15/23 19:00,4/15/23 20:00,61.59876099,0.677914619,1.561050296,1.3111,4/15/23 20:00,16.123,
4/16/23 4:00,4/15/23 20:00,4/15/23 21:00,60.1000061,0.679112434,1.565557718,1.3156,4/15/23 21:00,16.289,
4/16/23 5:00,4/15/23 21:00,4/15/23 22:00,58.57007751,0.681126595,1.567552924,1.3176,4/15/23 22:00,16.363,
4/16/23 6:00,4/15/23 22:00,4/15/23 23:00,57.49665833,0.682139397,1.573065519,1.3231,4/15/23 23:00,16.569,
4/16/23 7:00,4/15/23 23:00,4/16/23 0:00,56.715448,0.684780121,1.580866098,1.3309,4/16/23 0:00,16.863,
4/16/23 8:00,4/16/23 0:00,4/16/23 1:00,56.0955719,0.686502457,1.578593731,1.3286,4/16/23 1:00,16.777,
4/16/23 9:00,4/16/23 1:00,4/16/23 2:00,55.61228333,0.686768532,1.583477259,1.3335,4/16/23 2:00,16.962,
4/16/23 10:00,4/16/23 2:00,4/16/23 3:00,55.20122986,0.686677933,1.581367612,1.3314,4/16/23 3:00,16.882,
4/16/23 11:00,4/16/23 3:00,4/16/23 4:00,54.85326538,0.689190865,1.587956071,1.3380,4/16/23 4:00,17.133,
4/16/23 12:00,4/16/23 4:00,4/16/23 5:00,54.5486969,0.688642502,1.591728806,1.3417,4/16/23 5:00,17.278,
4/16/23 13:00,4/16/23 5:00,4/16/23 6:00,54.32844849,0.686142921,1.580951929,1.3310,4/16/23 6:00,16.866,
4/16/23 14:00,4/16/23 6:00,4/16/23 7:00,54.11740112,0.68350029,1.578411102,1.3284,4/16/23 7:00,16.770,
4/16/23 15:00,4/16/23 7:00,4/16/23 8:00,54.08043213,0.677392006,1.560660958,1.3107,4/16/23 8:00,16.108,
4/16/23 16:00,4/16/23 8:00,4/16/23 9:00,54.23347168,0.671918869,1.55316174,1.3032,4/16/23 9:00,15.834,
4/16/23 17:00,4/16/23 9:00,4/16/23 10:00,54.86908569,0.675471306,1.555020571,1.3050,4/16/23 10:00,15.902,
4/16/23 18:00,4/16/23 10:00,4/16/23 11:00,56.11531982,0.671873093,1.552431464,1.3024,4/16/23 11:00,15.808,
4/16/23 19:00,4/16/23 11:00,4/16/23 12:00,57.79765625,0.670696259,1.548119783,1.2981,4/16/23 12:00,15.652,
4/16/23 20:00,4/16/23 12:00,4/16/23 13:00,59.54525146,0.671086311,1.543698192,1.2937,4/16/23 13:00,15.493,
4/16/23 21:00,4/16/23 13:00,4/16/23 14:00,61.14439392,0.668424606,1.536980033,1.2870,4/16/23 14:00,15.253,
4/16/23 22:00,4/16/23 14:00,4/16/23 15:00,62.5879425,0.666723251,1.535825133,1.2858,4/16/23 15:00,15.212,
4/16/23 23:00,4/16/23 15:00,4/16/23 16:00,63.58530884,0.667424202,1.535737157,1.2857,4/16/23 16:00,15.209,
4/17/23 0:00,4/16/23 16:00,4/16/23 17:00,63.8622467,0.663326263,1.531627893,1.2816,4/16/23 17:00,15.064,
4/17/23 1:00,4/16/23 17:00,4/16/23 18:00,63.40631409,0.667660713,1.538240552,1.2882,4/16/23 18:00,15.298,
4/17/23 2:00,4/16/23 18:00,4/16/23 19:00,62.39175415,0.667051315,1.534850597,1.2849,4/16/23 19:00,15.178,
4/17/23 3:00,4/16/23 19:00,4/16/23 20:00,61.00423584,0.667647362,1.537208796,1.2872,4/16/23 20:00,15.261,
4/17/23 4:00,4/16/23 20:00,4/16/23 21:00,59.46917114,0.670001984,1.539479017,1.2895,4/16/23 21:00,15.342,
4/17/23 5:00,4/16/23 21:00,4/16/23 22:00,57.96849365,0.671266556,1.547473073,1.2975,4/16/23 22:00,15.628,
4/17/23 6:00,4/16/23 22:00,4/16/23 23:00,56.82860718,0.671606064,1.548784137,1.2988,4/16/23 23:00,15.676,
4/17/23 7:00,4/16/23 23:00,4/17/23 0:00,56.10872803,0.67386055,1.553210139,1.3032,4/17/23 0:00,15.836,
4/17/23 8:00,4/17/23 0:00,4/17/23 1:00,55.57012329,0.673165321,1.548918366,1.2989,4/17/23 1:00,15.680,
4/17/23 9:00,4/17/23 1:00,4/17/23 2:00,55.2670929,0.672738075,1.554481626,1.3045,4/17/23 2:00,15.882,
4/17/23 10:00,4/17/23 2:00,4/17/23 3:00,54.99298401,0.674044609,1.557565808,1.3076,4/17/23 3:00,15.995,
4/17/23 11:00,4/17/23 3:00,4/17/23 4:00,54.69638062,0.674625397,1.556329489,1.3063,4/17/23 4:00,15.950,
4/17/23 12:00,4/17/23 4:00,4/17/23 5:00,54.44979248,0.675941467,1.555612326,1.3056,4/17/23 5:00,15.923,
4/17/23 13:00,4/17/23 5:00,4/17/23 6:00,54.17277222,0.67595005,1.560264945,1.3103,4/17/23 6:00,16.094,
4/17/23 14:00,4/17/23 6:00,4/17/23 7:00,53.94324036,0.677252769,1.566956758,1.3170,4/17/23 7:00,16.341,
4/17/23 15:00,4/17/23 7:00,4/17/23 8:00,53.97095337,0.67252636,1.549987435,1.3000,4/17/23 8:00,15.719,
4/17/23 16:00,4/17/23 8:00,4/17/23 9:00,54.13585815,0.669519424,1.545048952,1.2950,4/17/23 9:00,15.541,
4/17/23 17:00,4/17/23 9:00,4/17/23 10:00,54.68847046,0.666828156,1.538027048,1.2880,4/17/23 10:00,15.290,
4/17/23 18:00,4/17/23 10:00,4/17/23 11:00,55.31452637,0.663338661,1.527019262,1.2770,4/17/23 11:00,14.903,
4/17/23 19:00,4/17/23 11:00,4/17/23 12:00,56.5088501,0.661585808,1.524685383,1.2747,4/17/23 12:00,14.821,
4/17/23 20:00,4/17/23 12:00,4/17/23 13:00,58.009198,0.661060333,1.521429539,1.2714,4/17/23 13:00,14.708,
4/17/23 21:00,4/17/23 13:00,4/17/23 14:00,59.63050537,0.658120155,1.515474796,1.2655,4/17/23 14:00,14.503,
4/17/23 22:00,4/17/23 14:00,4/17/23 15:00,60.73567505,0.659161568,1.518583059,1.2686,4/17/23 15:00,14.610,
4/17/23 23:00,4/17/23 15:00,4/17/23 16:00,61.81211548,0.658699989,1.519306779,1.2693,4/17/23 16:00,14.635,
4/18/23 0:00,4/17/23 16:00,4/17/23 17:00,62.03197937,0.659990311,1.519777536,1.2698,4/17/23 17:00,14.651,
4/18/23 1:00,4/17/23 17:00,4/17/23 18:00,61.46654053,0.662644386,1.527888179,1.2779,4/17/23 18:00,14.933,
4/18/23 2:00,4/17/23 18:00,4/17/23 19:00,60.72521057,0.666195869,1.539096236,1.2891,4/17/23 19:00,15.328,
4/18/23 3:00,4/17/23 19:00,4/17/23 20:00,59.3904541,0.671285629,1.545323849,1.2953,4/17/23 20:00,15.551,
4/18/23 4:00,4/17/23 20:00,4/17/23 21:00,57.70037231,0.679780006,1.563027859,1.3130,4/17/23 21:00,16.196,
4/18/23 5:00,4/17/23 21:00,4/17/23 22:00,56.58388672,0.684216499,1.574198484,1.3242,4/17/23 22:00,16.611,
4/18/23 6:00,4/17/23 22:00,4/17/23 23:00,55.75977478,0.685128212,1.579447269,1.3294,4/17/23 23:00,16.809,
4/18/23 7:00,4/17/23 23:00,4/18/23 0:00,55.20252075,0.686372757,1.582201362,1.3322,4/18/23 0:00,16.913,
4/18/23 8:00,4/18/23 0:00,4/18/23 1:00,54.82162476,0.688519478,1.588611484,1.3386,4/18/23 1:00,17.158,
4/18/23 9:00,4/18/23 1:00,4/18/23 2:00,54.56847229,0.692703247,1.595611334,1.3456,4/18/23 2:00,17.428,
4/18/23 10:00,4/18/23 2:00,4/18/23 3:00,54.31658325,0.692793846,1.598646998,1.3486,4/18/23 3:00,17.546,
4/18/23 11:00,4/18/23 3:00,4/18/23 4:00,54.03956299,0.695754051,1.602883935,1.3529,4/18/23 4:00,17.711,
4/18/23 12:00,4/18/23 4:00,4/18/23 5:00,53.85743713,0.698469162,1.610592008,1.3606,4/18/23 5:00,18.015,
4/18/23 13:00,4/18/23 5:00,4/18/23 6:00,53.56838684,0.701160431,1.617224455,1.3672,4/18/23 6:00,18.279,
4/18/23 14:00,4/18/23 6:00,4/18/23 7:00,53.25945129,0.700820923,1.620513082,1.3705,4/18/23 7:00,18.411,
4/18/23 15:00,4/18/23 7:00,4/18/23 8:00,53.16304626,0.68970871,1.59540236,1.3454,4/18/23 8:00,17.420,
4/18/23 16:00,4/18/23 8:00,4/18/23 9:00,53.33605347,0.678961754,1.567940116,1.3179,4/18/23 9:00,16.377,
4/18/23 17:00,4/18/23 9:00,4/18/23 10:00,54.05403748,0.677073479,1.561978579,1.3120,4/18/23 10:00,16.157,
4/18/23 18:00,4/18/23 10:00,4/18/23 11:00,55.16036072,0.676377296,1.562876105,1.3129,4/18/23 11:00,16.190,
4/18/23 19:00,4/18/23 11:00,4/18/23 12:00,56.80622253,0.678352356,1.564204812,1.3142,4/18/23 12:00,16.239,
4/18/23 20:00,4/18/23 12:00,4/18/23 13:00,58.45977478,0.676332474,1.561127186,1.3111,4/18/23 13:00,16.125,
4/18/23 21:00,4/18/23 13:00,4/18/23 14:00,59.73937988,0.674685478,1.556034684,1.3060,4/18/23 14:00,15.939,
4/18/23 22:00,4/18/23 14:00,4/18/23 15:00,61.3526123,0.672950745,1.552497387,1.3025,4/18/23 15:00,15.810,
4/18/23 23:00,4/18/23 15:00,4/18/23 16:00,61.84875488,0.671388626,1.547330141,1.2973,4/18/23 16:00,15.623,
4/19/23 0:00,4/18/23 16:00,4/18/23 17:00,61.77808533,0.670680046,1.545799017,1.2958,4/18/23 17:00,15.568,
4/19/23 1:00,4/18/23 17:00,4/18/23 18:00,60.94007568,0.670999527,1.542956829,1.2930,4/18/23 18:00,15.466,
4/19/23 2:00,4/18/23 18:00,4/18/23 19:00,59.4153656,0.668944359,1.540167451,1.2902,4/18/23 19:00,15.366,
4/19/23 3:00,4/18/23 19:00,4/18/23 20:00,58.07885132,0.668627739,1.543053627,1.2931,4/18/23 20:00,15.469,
4/19/23 4:00,4/18/23 20:00,4/18/23 21:00,57.04036865,0.671883583,1.55025363,1.3003,4/18/23 21:00,15.729,
4/19/23 5:00,4/18/23 21:00,4/18/23 22:00,55.9072937,0.671758652,1.550983906,1.3010,4/18/23 22:00,15.755,
4/19/23 6:00,4/18/23 22:00,4/18/23 23:00,55.07208557,0.67325592,1.552655816,1.3027,4/18/23 23:00,15.816,
4/19/23 7:00,4/18/23 23:00,4/19/23 0:00,54.51571045,0.673949242,1.553529143,1.3035,4/19/23 0:00,15.847,
4/19/23 8:00,4/19/23 0:00,4/19/23 1:00,54.09759827,0.671570778,1.550359249,1.3004,4/19/23 1:00,15.732,
4/19/23 9:00,4/19/23 1:00,4/19/23 2:00,53.68453979,0.67386055,1.556039095,1.3060,4/19/23 2:00,15.939,
4/19/23 10:00,4/19/23 2:00,4/19/23 3:00,53.42188416,0.673512459,1.554272652,1.3043,4/19/23 3:00,15.875,
4/19/23 11:00,4/19/23 3:00,4/19/23 4:00,53.14854431,0.673647881,1.556221604,1.3062,4/19/23 4:00,15.946,
4/19/23 12:00,4/19/23 4:00,4/19/23 5:00,52.85001831,0.671034813,1.552086115,1.3021,4/19/23 5:00,15.795,
4/19/23 13:00,4/19/23 5:00,4/19/23 6:00,52.58178711,0.669890404,1.545768261,1.2958,4/19/23 6:00,15.567,
4/19/23 14:00,4/19/23 6:00,4/19/23 7:00,52.35049744,0.666591644,1.543935776,1.2939,4/19/23 7:00,15.501,
4/19/23 15:00,4/19/23 7:00,4/19/23 8:00,52.32009277,0.653477669,1.511792183,1.2618,4/19/23 8:00,14.377,
4/19/23 16:00,4/19/23 8:00,4/19/23 9:00,52.59763489,0.643671989,1.486342788,1.2363,4/19/23 9:00,13.527,
4/19/23 17:00,4/19/23 9:00,4/19/23 10:00,53.22514648,0.644213676,1.486179948,1.2362,4/19/23 10:00,13.522,
4/19/23 18:00,4/19/23 10:00,4/19/23 11:00,54.44715576,0.645145416,1.485860944,1.2359,4/19/23 11:00,13.511,
4/19/23 19:00,4/19/23 11:00,4/19/23 12:00,56.35223999,0.641011238,1.480308771,1.2303,4/19/23 12:00,13.330,
4/19/23 20:00,4/19/23 12:00,4/19/23 13:00,58.21678467,0.637555122,1.471104741,1.2211,4/19/23 13:00,13.034,
4/19/23 21:00,4/19/23 13:00,4/19/23 14:00,59.97676697,0.638813019,1.472761154,1.2228,4/19/23 14:00,13.087,
4/19/23 22:00,4/19/23 14:00,4/19/23 15:00,61.48354187,0.636460304,1.464863896,1.2149,4/19/23 15:00,12.836,
4/19/23 23:00,4/19/23 15:00,4/19/23 16:00,62.31196594,0.635401726,1.461929321,1.2119,4/19/23 16:00,12.743,
4/20/23 0:00,4/19/23 16:00,4/19/23 17:00,62.34467773,0.633658409,1.458240271,1.2082,4/19/23 17:00,12.628,
4/20/23 1:00,4/19/23 17:00,4/19/23 18:00,61.76366577,0.6347332,1.4640522,1.2141,4/19/23 18:00,12.810,
4/20/23 2:00,4/19/23 18:00,4/19/23 19:00,60.72911072,0.638216972,1.469996095,1.2200,4/19/23 19:00,12.999,
4/20/23 3:00,4/19/23 19:00,4/19/23 20:00,59.61083984,0.638848305,1.472123265,1.2221,4/19/23 20:00,13.067,
4/20/23 4:00,4/19/23 20:00,4/19/23 21:00,58.37306519,0.644668579,1.484105587,1.2341,4/19/23 21:00,13.454,
4/20/23 5:00,4/19/23 21:00,4/19/23 22:00,57.09689331,0.648278236,1.492372394,1.2424,4/19/23 22:00,13.725,
4/20/23 6:00,4/19/23 22:00,4/19/23 23:00,56.03500977,0.649327278,1.499497652,1.2495,4/19/23 23:00,13.962,
4/20/23 7:00,4/19/23 23:00,4/20/23 0:00,55.2539093,0.651033401,1.503184438,1.2532,4/20/23 0:00,14.086,
4/20/23 8:00,4/20/23 0:00,4/20/23 1:00,54.61727905,0.650951385,1.500738263,1.2507,4/20/23 1:00,14.004,
4/20/23 9:00,4/20/23 1:00,4/20/23 2:00,54.06593018,0.651021004,1.503580451,1.2536,4/20/23 2:00,14.099,
4/20/23 10:00,4/20/23 2:00,4/20/23 3:00,53.61062927,0.650465965,1.503565073,1.2536,4/20/23 3:00,14.099,
4/20/23 11:00,4/20/23 3:00,4/20/23 4:00,53.23964844,0.649781227,1.499026775,1.2490,4/20/23 4:00,13.946,
4/20/23 12:00,4/20/23 4:00,4/20/23 5:00,52.90945435,0.6495924,1.498591304,1.2486,4/20/23 5:00,13.932,
4/20/23 13:00,4/20/23 5:00,4/20/23 6:00,52.62935791,0.646874428,1.492517591,1.2425,4/20/23 6:00,13.730,
4/20/23 14:00,4/20/23 6:00,4/20/23 7:00,52.39677734,0.644814491,1.48713243,1.2371,4/20/23 7:00,13.553,
4/20/23 15:00,4/20/23 7:00,4/20/23 8:00,52.38224792,0.629606247,1.454485297,1.2045,4/20/23 8:00,12.511,
4/20/23 16:00,4/20/23 8:00,4/20/23 9:00,52.70997009,0.619243622,1.429224968,1.1792,4/20/23 9:00,11.742,
4/20/23 17:00,4/20/23 9:00,4/20/23 10:00,53.41262817,0.617791176,1.425234437,1.1752,4/20/23 10:00,11.623,
4/20/23 18:00,4/20/23 10:00,4/20/23 11:00,54.72670288,0.618873596,1.425940633,1.1759,4/20/23 11:00,11.644,
4/20/23 19:00,4/20/23 11:00,4/20/23 12:00,56.63387451,0.620277405,1.430975914,1.1810,4/20/23 12:00,11.794,
4/20/23 20:00,4/20/23 12:00,4/20/23 13:00,58.78277283,0.621741295,1.430298448,1.1803,4/20/23 13:00,11.774,
4/20/23 21:00,4/20/23 13:00,4/20/23 14:00,60.64921265,0.621043205,1.432953596,1.1830,4/20/23 14:00,11.853,
4/20/23 22:00,4/20/23 14:00,4/20/23 15:00,62.36428833,0.622598648,1.43748951,1.1875,4/20/23 15:00,11.990,
4/20/23 23:00,4/20/23 15:00,4/20/23 16:00,63.43897095,0.621722221,1.435467958,1.1855,4/20/23 16:00,11.929,
4/21/23 0:00,4/20/23 16:00,4/20/23 17:00,63.75771179,0.62394619,1.437933922,1.1879,4/20/23 17:00,12.003,
4/21/23 1:00,4/20/23 17:00,4/20/23 18:00,63.45072632,0.627445221,1.449119925,1.1991,4/20/23 18:00,12.345,
4/21/23 2:00,4/20/23 18:00,4/20/23 19:00,62.79454041,0.62743187,1.445305467,1.1953,4/20/23 19:00,12.227,
4/21/23 3:00,4/20/23 19:00,4/20/23 20:00,61.78986816,0.628852844,1.448638082,1.1986,4/20/23 20:00,12.330,
4/21/23 4:00,4/20/23 20:00,4/20/23 21:00,60.44212036,0.633838654,1.461093426,1.2111,4/20/23 21:00,12.717,
4/21/23 5:00,4/20/23 21:00,4/20/23 22:00,58.85893555,0.635662079,1.468511224,1.2185,4/20/23 22:00,12.952,
4/21/23 6:00,4/20/23 22:00,4/20/23 23:00,57.54263611,0.637192726,1.4679811,1.2180,4/20/23 23:00,12.935,
4/21/23 7:00,4/20/23 23:00,4/21/23 0:00,56.61148987,0.638074875,1.471826196,1.2218,4/21/23 0:00,13.057,
4/21/23 8:00,4/21/23 0:00,4/21/23 1:00,55.91913147,0.638521194,1.476019144,1.2260,4/21/23 1:00,13.192,
4/21/23 9:00,4/21/23 1:00,4/21/23 2:00,55.37514343,0.638741493,1.475429535,1.2254,4/21/23 2:00,13.173,
4/21/23 10:00,4/21/23 2:00,4/21/23 3:00,54.93104858,0.639409065,1.471667886,1.2217,4/21/23 3:00,13.052,
4/21/23 11:00,4/21/23 3:00,4/21/23 4:00,54.63441772,0.638226509,1.471705317,1.2217,4/21/23 4:00,13.053,
4/21/23 12:00,4/21/23 4:00,4/21/23 5:00,54.3917572,0.636679649,1.47080338,1.2208,4/21/23 5:00,13.025,
4/21/23 13:00,4/21/23 5:00,4/21/23 6:00,54.18864746,0.637374878,1.468506813,1.2185,4/21/23 6:00,12.951,
4/21/23 14:00,4/21/23 6:00,4/21/23 7:00,54.01445923,0.636096954,1.472987771,1.2230,4/21/23 7:00,13.094,
4/21/23 15:00,4/21/23 7:00,4/21/23 8:00,54.08836975,0.626145363,1.4407233,1.1907,4/21/23 8:00,12.088,
4/21/23 16:00,4/21/23 8:00,4/21/23 9:00,54.40625916,0.616757393,1.422546268,1.1725,4/21/23 9:00,11.544,
4/21/23 17:00,4/21/23 9:00,4/21/23 10:00,55.16563416,0.610548019,1.409928203,1.1599,4/21/23 10:00,11.176,
4/21/23 18:00,4/21/23 10:00,4/21/23 11:00,56.48253784,0.610589027,1.404316545,1.1543,4/21/23 11:00,11.015,
4/21/23 19:00,4/21/23 11:00,4/21/23 12:00,58.4256073,0.60739994,1.401025653,1.1510,4/21/23 12:00,10.922,
4/21/23 20:00,4/21/23 12:00,4/21/23 13:00,60.4526123,0.606865883,1.395343542,1.1453,4/21/23 13:00,10.761,
4/21/23 21:00,4/21/23 13:00,4/21/23 14:00,62.55786743,0.602243423,1.389692307,1.1397,4/21/23 14:00,10.603,
4/21/23 22:00,4/21/23 14:00,4/21/23 15:00,64.2853302,0.600361824,1.384047508,1.1340,4/21/23 15:00,10.447,
4/21/23 23:00,4/21/23 15:00,4/21/23 16:00,65.23927307,0.602030754,1.389419436,1.1394,4/21/23 16:00,10.595,
4/22/23 0:00,4/21/23 16:00,4/21/23 17:00,65.64878845,0.603322983,1.391548872,1.1415,4/21/23 17:00,10.655,
4/22/23 1:00,4/21/23 17:00,4/21/23 18:00,65.29796753,0.605264664,1.392549753,1.1425,4/21/23 18:00,10.683,
4/22/23 2:00,4/21/23 18:00,4/21/23 19:00,64.4119751,0.609298706,1.402490616,1.1525,4/21/23 19:00,10.963,
4/22/23 3:00,4/21/23 19:00,4/21/23 20:00,63.31350708,0.613610268,1.416826725,1.1668,4/21/23 20:00,11.376,
4/22/23 4:00,4/21/23 20:00,4/21/23 21:00,62.18111877,0.615102768,1.421235204,1.1712,4/21/23 21:00,11.505,
4/22/23 5:00,4/21/23 21:00,4/21/23 22:00,61.05400391,0.618835449,1.424970508,1.1750,4/21/23 22:00,11.616,
4/22/23 6:00,4/21/23 22:00,4/21/23 23:00,59.95314636,0.621278763,1.429264426,1.1793,4/21/23 23:00,11.743,
4/22/23 7:00,4/21/23 23:00,4/22/23 0:00,59.01906128,0.622144699,1.433545351,1.1835,4/22/23 0:00,11.871,
4/22/23 8:00,4/22/23 0:00,4/22/23 1:00,58.28509216,0.62198925,1.432900786,1.1829,4/22/23 1:00,11.852,
4/22/23 9:00,4/22/23 1:00,4/22/23 2:00,57.69512634,0.62238884,1.432751179,1.1828,4/22/23 2:00,11.847,
4/22/23 10:00,4/22/23 2:00,4/22/23 3:00,57.18895874,0.624202728,1.434953213,1.1850,4/22/23 3:00,11.913,
4/22/23 11:00,4/22/23 3:00,4/22/23 4:00,56.82069702,0.625308037,1.436649203,1.1866,4/22/23 4:00,11.964,
4/22/23 12:00,4/22/23 4:00,4/22/23 5:00,56.54441833,0.625088692,1.438756585,1.1888,4/22/23 5:00,12.028,
4/22/23 13:00,4/22/23 5:00,4/22/23 6:00,56.28514099,0.624009132,1.440124869,1.1901,4/22/23 6:00,12.070,
4/22/23 14:00,4/22/23 6:00,4/22/23 7:00,56.07318726,0.625213623,1.441860557,1.1919,4/22/23 7:00,12.122,
4/22/23 15:00,4/22/23 7:00,4/22/23 8:00,56.07184143,0.613815308,1.414118886,1.1641,4/22/23 8:00,11.298,
4/22/23 16:00,4/22/23 8:00,4/22/23 9:00,56.41409302,0.600971222,1.388568163,1.1386,4/22/23 9:00,10.572,
4/22/23 17:00,4/22/23 9:00,4/22/23 10:00,57.13243408,0.602160454,1.39097476,1.1410,4/22/23 10:00,10.639,
4/22/23 18:00,4/22/23 10:00,4/22/23 11:00,58.40066833,0.603508949,1.389390826,1.1394,4/22/23 11:00,10.595,
4/22/23 19:00,4/22/23 11:00,4/22/23 12:00,60.32418213,0.602957726,1.388977289,1.1390,4/22/23 12:00,10.583,
4/22/23 20:00,4/22/23 12:00,4/22/23 13:00,62.52644653,0.604071617,1.389938593,1.1399,4/22/23 13:00,10.610,
4/22/23 21:00,4/22/23 13:00,4/22/23 14:00,64.54902954,0.602464676,1.391542315,1.1415,4/22/23 14:00,10.655,
4/22/23 22:00,4/22/23 14:00,4/22/23 15:00,66.15064392,0.601159096,1.387213111,1.1372,4/22/23 15:00,10.534,
4/22/23 23:00,4/22/23 15:00,4/22/23 16:00,67.16144104,0.60442543,1.392701507,1.1427,4/22/23 16:00,10.687,
4/23/23 0:00,4/22/23 16:00,4/22/23 17:00,67.31376648,0.604721069,1.394353628,1.1444,4/22/23 17:00,10.733,
4/23/23 1:00,4/22/23 17:00,4/22/23 18:00,66.89320984,0.607377052,1.397127628,1.1471,4/22/23 18:00,10.811,
4/23/23 2:00,4/22/23 18:00,4/22/23 19:00,66.3513092,0.603653908,1.395746112,1.1457,4/22/23 19:00,10.772,
4/23/23 3:00,4/22/23 19:00,4/22/23 20:00,65.19362488,0.610282898,1.409461856,1.1595,4/22/23 20:00,11.163,
4/23/23 4:00,4/22/23 20:00,4/22/23 21:00,63.78385925,0.612524986,1.410944462,1.1609,4/22/23 21:00,11.206,
4/23/23 5:00,4/22/23 21:00,4/22/23 22:00,62.40482788,0.61324501,1.415830374,1.1658,4/22/23 22:00,11.347,
4/23/23 6:00,4/22/23 22:00,4/22/23 23:00,60.97281494,0.612764359,1.411226153,1.1612,4/22/23 23:00,11.214,
4/23/23 7:00,4/22/23 23:00,4/23/23 0:00,59.91906128,0.61433506,1.411351442,1.1614,4/23/23 0:00,11.217,
4/23/23 8:00,4/23/23 0:00,4/23/23 1:00,59.05188293,0.614706039,1.415588379,1.1656,4/23/23 1:00,11.340,
4/23/23 9:00,4/23/23 1:00,4/23/23 2:00,58.46238403,0.614992142,1.416424274,1.1664,4/23/23 2:00,11.365,
4/23/23 10:00,4/23/23 2:00,4/23/23 3:00,58.09986267,0.614583015,1.416604638,1.1666,4/23/23 3:00,11.370,
4/23/23 11:00,4/23/23 3:00,4/23/23 4:00,57.80290222,0.616282463,1.418107033,1.1681,4/23/23 4:00,11.414,
4/23/23 12:00,4/23/23 4:00,4/23/23 5:00,57.51635132,0.616542816,1.420152903,1.1702,4/23/23 5:00,11.474,
4/23/23 13:00,4/23/23 5:00,4/23/23 6:00,57.28890686,0.617017746,1.424490929,1.1745,4/23/23 6:00,11.601,
4/23/23 14:00,4/23/23 6:00,4/23/23 7:00,57.15083618,0.617731094,1.420144081,1.1701,4/23/23 7:00,11.473,
4/23/23 15:00,4/23/23 7:00,4/23/23 8:00,57.24814758,0.608594894,1.401723027,1.1517,4/23/23 8:00,10.941,
4/23/23 16:00,4/23/23 8:00,4/23/23 9:00,57.5860321,0.601606369,1.385149717,1.1351,4/23/23 9:00,10.477,
4/23/23 17:00,4/23/23 9:00,4/23/23 10:00,58.32711487,0.600502968,1.382204175,1.1322,4/23/23 10:00,10.396,
4/23/23 18:00,4/23/23 10:00,4/23/23 11:00,59.57148132,0.600259781,1.381865382,1.1319,4/23/23 11:00,10.387,
4/23/23 19:00,4/23/23 11:00,4/23/23 12:00,61.30677185,0.598964691,1.379832745,1.1298,4/23/23 12:00,10.331,
4/23/23 20:00,4/23/23 12:00,4/23/23 13:00,63.41806946,0.600272179,1.38023746,1.1302,4/23/23 13:00,10.342,
4/23/23 21:00,4/23/23 13:00,4/23/23 14:00,65.29277649,0.596632004,1.377003789,1.1270,4/23/23 14:00,10.254,
4/23/23 22:00,4/23/23 14:00,4/23/23 15:00,66.83591614,0.598210335,1.380281448,1.1303,4/23/23 15:00,10.343,
4/23/23 23:00,4/23/23 15:00,4/23/23 16:00,67.94232178,0.597419739,1.382221699,1.1322,4/23/23 16:00,10.396,
4/24/23 0:00,4/23/23 16:00,4/23/23 17:00,68.20766907,0.603550911,1.390970349,1.1410,4/23/23 17:00,10.639,
4/24/23 1:00,4/23/23 17:00,4/23/23 18:00,67.81872559,0.598424911,1.383246899,1.1332,4/23/23 18:00,10.425,
4/24/23 2:00,4/23/23 18:00,4/23/23 19:00,66.96091309,0.599455833,1.389560223,1.1396,4/23/23 19:00,10.599,
4/24/23 3:00,4/23/23 19:00,4/23/23 20:00,65.92124939,0.604641914,1.393383503,1.1434,4/23/23 20:00,10.706,
4/24/23 4:00,4/23/23 20:00,4/23/23 21:00,64.52032776,0.607284546,1.399300933,1.1493,4/23/23 21:00,10.873,
4/24/23 5:00,4/23/23 21:00,4/23/23 22:00,62.96581726,0.60710144,1.398242831,1.1482,4/23/23 22:00,10.843,
4/24/23 6:00,4/23/23 22:00,4/23/23 23:00,61.53199158,0.607961655,1.399518728,1.1495,4/23/23 23:00,10.879,
4/24/23 7:00,4/23/23 23:00,4/24/23 0:00,60.41858215,0.608333588,1.399941087,1.1499,4/24/23 0:00,10.891,
4/24/23 8:00,4/24/23 0:00,4/24/23 1:00,59.51638489,0.608957291,1.40429008,1.1543,4/24/23 1:00,11.015,
4/24/23 9:00,4/24/23 1:00,4/24/23 2:00,58.8182312,0.612110138,1.410003066,1.1600,4/24/23 2:00,11.178,
4/24/23 10:00,4/24/23 2:00,4/24/23 3:00,58.2351593,0.611280441,1.410601377,1.1606,4/24/23 3:00,11.196,
4/24/23 11:00,4/24/23 3:00,4/24/23 4:00,57.72009277,0.612444878,1.409807324,1.1598,4/24/23 4:00,11.173,
4/24/23 12:00,4/24/23 4:00,4/24/23 5:00,57.25734863,0.613723755,1.413716316,1.1637,4/24/23 5:00,11.286,
4/24/23 13:00,4/24/23 5:00,4/24/23 6:00,56.84569092,0.612352371,1.412304044,1.1623,4/24/23 6:00,11.245,
4/24/23 14:00,4/24/23 6:00,4/24/23 7:00,56.48517456,0.612674713,1.409237504,1.1592,4/24/23 7:00,11.156,
4/24/23 15:00,4/24/23 7:00,4/24/23 8:00,56.44966125,0.600294113,1.384019017,1.1340,4/24/23 8:00,10.446,
4/24/23 16:00,4/24/23 8:00,4/24/23 9:00,56.70888367,0.593429565,1.36660099,1.1166,4/24/23 9:00,9.973,
4/24/23 17:00,4/24/23 9:00,4/24/23 10:00,57.42434082,0.588464737,1.355551362,1.1056,4/24/23 10:00,9.681,
4/24/23 18:00,4/24/23 10:00,4/24/23 11:00,58.68038025,0.588270187,1.356508255,1.1065,4/24/23 11:00,9.706,
4/24/23 19:00,4/24/23 11:00,4/24/23 12:00,60.44868469,0.586960793,1.355736136,1.1057,4/24/23 12:00,9.686,
4/24/23 20:00,4/24/23 12:00,4/24/23 13:00,62.65333862,0.5875597,1.352447391,1.1024,4/24/23 13:00,9.600,
4/24/23 21:00,4/24/23 13:00,4/24/23 14:00,64.65084534,0.588572502,1.356228828,1.1062,4/24/23 14:00,9.698,
4/24/23 22:00,4/24/23 14:00,4/24/23 15:00,66.36174622,0.585781097,1.35282135,1.1028,4/24/23 15:00,9.609,
4/24/23 23:00,4/24/23 15:00,4/24/23 16:00,67.4243988,0.583912849,1.347665071,1.0977,4/24/23 16:00,9.476,
4/25/23 0:00,4/24/23 16:00,4/24/23 17:00,67.77447815,0.584073067,1.348419547,1.0984,4/24/23 17:00,9.495,
4/25/23 1:00,4/24/23 17:00,4/24/23 18:00,67.50380249,0.585473061,1.350051761,1.1001,4/24/23 18:00,9.537,
4/25/23 2:00,4/24/23 18:00,4/24/23 19:00,66.73822021,0.589232445,1.354268789,1.1043,4/24/23 19:00,9.647,
4/25/23 3:00,4/24/23 19:00,4/24/23 20:00,65.74005737,0.590206146,1.358087659,1.1081,4/24/23 20:00,9.747,
4/25/23 4:00,4/24/23 20:00,4/24/23 21:00,64.63387146,0.593120575,1.368151784,1.1182,4/24/23 21:00,10.015,
4/25/23 5:00,4/24/23 21:00,4/24/23 22:00,63.24031067,0.594774246,1.371944308,1.1219,4/24/23 22:00,10.117,
4/25/23 6:00,4/24/23 22:00,4/24/23 23:00,61.80294189,0.597272873,1.373165131,1.1232,4/24/23 23:00,10.150,
4/25/23 7:00,4/24/23 23:00,4/25/23 0:00,60.62561951,0.597563744,1.377184153,1.1272,4/25/23 0:00,10.259,
4/25/23 8:00,4/25/23 0:00,4/25/23 1:00,59.71971436,0.59820652,1.379353166,1.1294,4/25/23 1:00,10.318,
4/25/23 9:00,4/25/23 1:00,4/25/23 2:00,58.9717926,0.598653793,1.37733376,1.1273,4/25/23 2:00,10.263,
4/25/23 10:00,4/25/23 2:00,4/25/23 3:00,58.37306519,0.599505424,1.381691575,1.1317,4/25/23 3:00,10.382,
4/25/23 11:00,4/25/23 3:00,4/25/23 4:00,57.86991882,0.600684166,1.38411355,1.1341,4/25/23 4:00,10.448,
4/25/23 12:00,4/25/23 4:00,4/25/23 5:00,57.44801636,0.600639343,1.386425614,1.1364,4/25/23 5:00,10.512,
4/25/23 13:00,4/25/23 5:00,4/25/23 6:00,57.0929657,0.603209496,1.388319612,1.1383,4/25/23 6:00,10.565,
4/25/23 14:00,4/25/23 6:00,4/25/23 7:00,56.80490417,0.600054741,1.386984229,1.1370,4/25/23 7:00,10.528,
4/25/23 15:00,4/25/23 7:00,4/25/23 8:00,56.78386536,0.590140343,1.357205629,1.1072,4/25/23 8:00,9.724,
4/25/23 16:00,4/25/23 8:00,4/25/23 9:00,57.12584229,0.580892563,1.337295175,1.0873,4/25/23 9:00,9.210,
4/25/23 17:00,4/25/23 9:00,4/25/23 10:00,57.79106445,0.580998421,1.335667253,1.0857,4/25/23 10:00,9.169,
4/25/23 18:00,4/25/23 10:00,4/25/23 11:00,58.91274109,0.578080177,1.329294443,1.0793,4/25/23 11:00,9.009,
4/25/23 19:00,4/25/23 11:00,4/25/23 12:00,60.80252686,0.576964378,1.328830361,1.0788,4/25/23 12:00,8.997,
4/25/23 20:00,4/25/23 12:00,4/25/23 13:00,62.98152771,0.575158119,1.326124549,1.0761,4/25/23 13:00,8.930,
4/25/23 21:00,4/25/23 13:00,4/25/23 14:00,65.0749176,0.5726614,1.32209003,1.0721,4/25/23 14:00,8.830,
4/25/23 22:00,4/25/23 14:00,4/25/23 15:00,66.93616638,0.571357727,1.318132639,1.0681,4/25/23 15:00,8.733,
4/25/23 23:00,4/25/23 15:00,4/25/23 16:00,68.27789917,0.571955681,1.315679908,1.0657,4/25/23 16:00,8.673,
4/26/23 0:00,4/25/23 16:00,4/25/23 17:00,68.82400208,0.570054054,1.313097239,1.0631,4/25/23 17:00,8.610,
4/26/23 1:00,4/25/23 17:00,4/25/23 18:00,68.75901794,0.570960045,1.316177011,1.0662,4/25/23 18:00,8.685,
4/26/23 2:00,4/25/23 18:00,4/25/23 19:00,68.02947083,0.573692322,1.32152915,1.0715,4/25/23 19:00,8.816,
4/26/23 3:00,4/25/23 19:00,4/25/23 20:00,67.0664093,0.578899384,1.337237954,1.0872,4/25/23 20:00,9.209,
4/26/23 4:00,4/25/23 20:00,4/25/23 21:00,65.83519897,0.585404396,1.346873045,1.0969,4/25/23 21:00,9.455,
4/26/23 5:00,4/25/23 21:00,4/25/23 22:00,64.39892883,0.587774277,1.35392344,1.1039,4/25/23 22:00,9.638,
4/26/23 6:00,4/25/23 22:00,4/25/23 23:00,62.86254578,0.587972641,1.355819702,1.1058,4/25/23 23:00,9.688,
4/26/23 7:00,4/25/23 23:00,4/26/23 0:00,61.56470337,0.588525772,1.357077956,1.1071,4/26/23 0:00,9.721,
4/26/23 8:00,4/26/23 0:00,4/26/23 1:00,60.64393921,0.590713501,1.359774947,1.1098,4/26/23 1:00,9.792,
4/26/23 9:00,4/26/23 1:00,4/26/23 2:00,59.94397278,0.590358734,1.362227678,1.1122,4/26/23 2:00,9.857,
4/26/23 10:00,4/26/23 2:00,4/26/23 3:00,59.39438171,0.591188431,1.363453031,1.1135,4/26/23 3:00,9.889,
4/26/23 11:00,4/26/23 3:00,4/26/23 4:00,58.89436646,0.591984749,1.362177134,1.1122,4/26/23 4:00,9.855,
4/26/23 12:00,4/26/23 4:00,4/26/23 5:00,58.46897583,0.592913628,1.364086509,1.1141,4/26/23 5:00,9.906,
4/26/23 13:00,4/26/23 5:00,4/26/23 6:00,58.09197998,0.592177391,1.364946723,1.1149,4/26/23 6:00,9.929,
4/26/23 14:00,4/26/23 6:00,4/26/23 7:00,57.78842773,0.591018677,1.364249349,1.1142,4/26/23 7:00,9.910,
4/26/23 15:00,4/26/23 7:00,4/26/23 8:00,57.78710938,0.578810692,1.333183765,1.0832,4/26/23 8:00,9.106,
4/26/23 16:00,4/26/23 8:00,4/26/23 9:00,58.15108643,0.569164276,1.311742306,1.0617,4/26/23 9:00,8.578,
4/26/23 17:00,4/26/23 9:00,4/26/23 10:00,58.91537781,0.568665504,1.309652448,1.0597,4/26/23 10:00,8.527,
4/26/23 18:00,4/26/23 10:00,4/26/23 11:00,60.08297729,0.566199303,1.303618431,1.0536,4/26/23 11:00,8.383,
4/26/23 19:00,4/26/23 11:00,4/26/23 12:00,61.97962952,0.56456852,1.302100539,1.0521,4/26/23 12:00,8.347,
4/26/23 20:00,4/26/23 12:00,4/26/23 13:00,64.27489319,0.565999031,1.304245353,1.0542,4/26/23 13:00,8.398,
4/26/23 21:00,4/26/23 13:00,4/26/23 14:00,66.42950439,0.562355995,1.296103835,1.0461,4/26/23 14:00,8.205,
4/26/23 22:00,4/26/23 14:00,4/26/23 15:00,68.27270813,0.561396599,1.294445157,1.0444,4/26/23 15:00,8.166,
4/26/23 23:00,4/26/23 15:00,4/26/23 16:00,69.60364685,0.560266495,1.290621996,1.0406,4/26/23 16:00,8.077,
4/27/23 0:00,4/26/23 16:00,4/26/23 17:00,70.23082886,0.558578491,1.28886652,1.0389,4/26/23 17:00,8.036,
4/27/23 1:00,4/26/23 17:00,4/26/23 18:00,70.11398926,0.560818672,1.293068171,1.0431,4/26/23 18:00,8.134,
4/27/23 2:00,4/26/23 18:00,4/26/23 19:00,69.37241211,0.564409256,1.29648447,1.0465,4/26/23 19:00,8.214,
4/27/23 3:00,4/26/23 19:00,4/26/23 20:00,68.35202942,0.565745354,1.307465792,1.0575,4/26/23 20:00,8.475,
4/27/23 4:00,4/26/23 20:00,4/26/23 21:00,67.1041748,0.572050095,1.31864965,1.0686,4/26/23 21:00,8.746,
4/27/23 5:00,4/26/23 21:00,4/26/23 22:00,65.84692688,0.574118614,1.324925661,1.0749,4/26/23 22:00,8.900,
4/27/23 6:00,4/26/23 22:00,4/26/23 23:00,64.67171936,0.574942589,1.328005433,1.0780,4/26/23 23:00,8.977,
4/27/23 7:00,4/26/23 23:00,4/27/23 0:00,63.60489197,0.577167511,1.331731796,1.0817,4/27/23 0:00,9.070,
4/27/23 8:00,4/27/23 0:00,4/27/23 1:00,62.68602295,0.577401161,1.333135366,1.0831,4/27/23 1:00,9.105,
4/27/23 9:00,4/27/23 1:00,4/27/23 2:00,61.88671265,0.579053879,1.333179355,1.0832,4/27/23 2:00,9.106,
4/27/23 10:00,4/27/23 2:00,4/27/23 3:00,61.17713318,0.579558372,1.336373448,1.0864,4/27/23 3:00,9.187,
4/27/23 11:00,4/27/23 3:00,4/27/23 4:00,60.53649292,0.579723358,1.33528018,1.0853,4/27/23 4:00,9.159,
4/27/23 12:00,4/27/23 4:00,4/27/23 5:00,59.98725891,0.581139565,1.337479949,1.0875,4/27/23 5:00,9.215,
4/27/23 13:00,4/27/23 5:00,4/27/23 6:00,59.54920654,0.581682205,1.338126659,1.0881,4/27/23 6:00,9.231,
4/27/23 14:00,4/27/23 6:00,4/27/23 7:00,59.21986389,0.581088066,1.337499738,1.0875,4/27/23 7:00,9.215,
4/27/23 15:00,4/27/23 7:00,4/27/23 8:00,59.19885254,0.568629265,1.311220884,1.0612,4/27/23 8:00,8.565,
4/27/23 16:00,4/27/23 8:00,4/27/23 9:00,59.54920654,0.55862236,1.28741014,1.0374,4/27/23 9:00,8.003,
4/27/23 17:00,4/27/23 9:00,4/27/23 10:00,60.21799927,0.557470322,1.28453505,1.0345,4/27/23 10:00,7.937,
4/27/23 18:00,4/27/23 10:00,4/27/23 11:00,61.32904663,0.557026863,1.279757142,1.0298,4/27/23 11:00,7.827,
4/27/23 19:00,4/27/23 11:00,4/27/23 12:00,63.09262695,0.555971146,1.282110929,1.0321,4/27/23 12:00,7.881,
4/27/23 20:00,4/27/23 12:00,4/27/23 13:00,65.34625244,0.552186966,1.276947975,1.0269,4/27/23 13:00,7.764,
4/27/23 21:00,4/27/23 13:00,4/27/23 14:00,67.45175476,0.552041054,1.274983525,1.0250,4/27/23 14:00,7.719,
4/27/23 22:00,4/27/23 14:00,4/27/23 15:00,69.35293884,0.550637245,1.267801166,1.0178,4/27/23 15:00,7.559,
4/27/23 23:00,4/27/23 15:00,4/27/23 16:00,70.64094849,0.547915459,1.264061451,1.0141,4/27/23 16:00,7.476,
4/28/23 0:00,4/27/23 16:00,4/27/23 17:00,71.31424561,0.546714783,1.264475107,1.0145,4/27/23 17:00,7.485,
4/28/23 1:00,4/27/23 17:00,4/27/23 18:00,71.32330933,0.548407555,1.265726686,1.0157,4/27/23 18:00,7.513,
4/28/23 2:00,4/27/23 18:00,4/27/23 19:00,70.68898621,0.550728798,1.271514416,1.0215,4/27/23 19:00,7.642,
4/28/23 3:00,4/27/23 19:00,4/27/23 20:00,69.74910583,0.555901527,1.278734207,1.0287,4/27/23 20:00,7.804,
4/28/23 4:00,4/27/23 20:00,4/27/23 21:00,68.53410034,0.562672615,1.292955995,1.0430,4/27/23 21:00,8.132,
4/28/23 5:00,4/27/23 21:00,4/27/23 22:00,67.0924469,0.562303543,1.297247767,1.0472,4/27/23 22:00,8.232,
4/28/23 6:00,4/27/23 22:00,4/27/23 23:00,65.68529053,0.5666008,1.301576972,1.0516,4/27/23 23:00,8.334,
4/28/23 7:00,4/27/23 23:00,4/28/23 0:00,64.33364258,0.56505394,1.301647305,1.0516,4/28/23 0:00,8.336,
4/28/23 8:00,4/28/23 0:00,4/28/23 1:00,63.27692261,0.564673424,1.304520249,1.0545,4/28/23 1:00,8.404,
4/28/23 9:00,4/28/23 1:00,4/28/23 2:00,62.51993713,0.567004204,1.306610107,1.0566,4/28/23 2:00,8.454,
4/28/23 10:00,4/28/23 2:00,4/28/23 3:00,61.89588623,0.565782547,1.30489862,1.0549,4/28/23 3:00,8.413,
4/28/23 11:00,4/28/23 3:00,4/28/23 4:00,61.34346619,0.567201614,1.310666561,1.0607,4/28/23 4:00,8.552,
4/28/23 12:00,4/28/23 4:00,4/28/23 5:00,60.85885925,0.567624092,1.309073806,1.0591,4/28/23 5:00,8.513,
4/28/23 13:00,4/28/23 5:00,4/28/23 6:00,60.43690186,0.569296837,1.314069629,1.0641,4/28/23 6:00,8.634,
4/28/23 14:00,4/28/23 6:00,4/28/23 7:00,60.09739685,0.56733036,1.307182074,1.0572,4/28/23 7:00,8.468,
4/28/23 15:00,4/28/23 7:00,4/28/23 8:00,60.07377625,0.555826187,1.280538082,1.0305,4/28/23 8:00,7.845,
4/28/23 16:00,4/28/23 8:00,4/28/23 9:00,60.41069946,0.546929359,1.256817579,1.0068,4/28/23 9:00,7.317,
4/28/23 17:00,4/28/23 9:00,4/28/23 10:00,61.11297302,0.546005249,1.253058076,1.0031,4/28/23 10:00,7.236,
4/28/23 18:00,4/28/23 10:00,4/28/23 11:00,62.18768311,0.543268204,1.254444003,1.0044,4/28/23 11:00,7.266,
4/28/23 19:00,4/28/23 11:00,4/28/23 12:00,63.8687561,0.544839859,1.255453706,1.0055,4/28/23 12:00,7.288,
4/28/23 20:00,4/28/23 12:00,4/28/23 13:00,66.03072815,0.54415226,1.25227499,1.0023,4/28/23 13:00,7.219,
4/28/23 21:00,4/28/23 13:00,4/28/23 14:00,68.25710754,0.544621468,1.253467321,1.0035,4/28/23 14:00,7.245,
4/28/23 22:00,4/28/23 14:00,4/28/23 15:00,70.08545227,0.544395447,1.253341913,1.0033,4/28/23 15:00,7.242,
4/28/23 23:00,4/28/23 15:00,4/28/23 16:00,71.30128174,0.54269886,1.251667857,1.0017,4/28/23 16:00,7.206,
4/29/23 0:00,4/28/23 16:00,4/28/23 17:00,71.83543701,0.54344368,1.254349351,1.0043,4/28/23 17:00,7.264,
4/29/23 1:00,4/28/23 17:00,4/28/23 18:00,71.64358826,0.542936325,1.25475204,1.0048,4/28/23 18:00,7.272,
4/29/23 2:00,4/28/23 18:00,4/28/23 19:00,70.87193604,0.544394493,1.255286574,1.0053,4/28/23 19:00,7.284,
4/29/23 3:00,4/28/23 19:00,4/28/23 20:00,69.97377625,0.546812057,1.262592077,1.0126,4/28/23 20:00,7.444,
4/29/23 4:00,4/28/23 20:00,4/28/23 21:00,69.02546387,0.551690102,1.272972941,1.0230,4/28/23 21:00,7.674,
4/29/23 5:00,4/28/23 21:00,4/28/23 22:00,67.7848877,0.554107666,1.277526498,1.0275,4/28/23 22:00,7.777,
4/29/23 6:00,4/28/23 22:00,4/28/23 23:00,66.54021912,0.554756165,1.27799511,1.0280,4/28/23 23:00,7.787,
4/29/23 7:00,4/28/23 23:00,4/29/23 0:00,65.31233215,0.557022095,1.28189528,1.0319,4/29/23 0:00,7.876,
4/29/23 8:00,4/29/23 0:00,4/29/23 1:00,64.19787903,0.557338715,1.28601563,1.0360,4/29/23 1:00,7.971,
4/29/23 9:00,4/29/23 1:00,4/29/23 2:00,63.272995,0.558515549,1.28669095,1.0367,4/29/23 2:00,7.986,
4/29/23 10:00,4/29/23 2:00,4/29/23 3:00,62.47939758,0.558493614,1.28773582,1.0377,4/29/23 3:00,8.010,
4/29/23 11:00,4/29/23 3:00,4/29/23 4:00,61.77940369,0.558113098,1.284189701,1.0342,4/29/23 4:00,7.929,
4/29/23 12:00,4/29/23 4:00,4/29/23 5:00,61.18891602,0.559041977,1.289720058,1.0397,4/29/23 5:00,8.056,
4/29/23 13:00,4/29/23 5:00,4/29/23 6:00,60.70818176,0.558907509,1.288549781,1.0385,4/29/23 6:00,8.029,
4/29/23 14:00,4/29/23 6:00,4/29/23 7:00,60.33467407,0.556705475,1.287029624,1.0370,4/29/23 7:00,7.994,
4/29/23 15:00,4/29/23 7:00,4/29/23 8:00,60.30847168,0.544083595,1.251771212,1.0018,4/29/23 8:00,7.208,
4/29/23 16:00,4/29/23 8:00,4/29/23 9:00,60.63479309,0.533955574,1.227177382,0.9772,4/29/23 9:00,6.942,
4/29/23 17:00,4/29/23 9:00,4/29/23 10:00,61.35914917,0.530755043,1.226977229,0.9770,4/29/23 10:00,6.940,
4/29/23 18:00,4/29/23 10:00,4/29/23 11:00,62.39697266,0.532680511,1.224960089,0.9750,4/29/23 11:00,6.922,
4/29/23 19:00,4/29/23 11:00,4/29/23 12:00,63.95628967,0.533189774,1.226893663,0.9769,4/29/23 12:00,6.940,
4/29/23 20:00,4/29/23 12:00,4/29/23 13:00,66.026828,0.531863213,1.222652435,0.9727,4/29/23 13:00,6.901,
4/29/23 21:00,4/29/23 13:00,4/29/23 14:00,68.14394836,0.532115936,1.2278198,0.9778,4/29/23 14:00,6.948,
4/29/23 22:00,4/29/23 14:00,4/29/23 15:00,69.99844055,0.530662537,1.222346663,0.9723,4/29/23 15:00,6.898,
4/29/23 23:00,4/29/23 15:00,4/29/23 16:00,71.21698914,0.530632019,1.223495007,0.9735,4/29/23 16:00,6.909,
4/30/23 0:00,4/29/23 16:00,4/29/23 17:00,71.74342651,0.531751633,1.224575043,0.9746,4/29/23 17:00,6.919,
4/30/23 1:00,4/29/23 17:00,4/29/23 18:00,71.60211487,0.533953667,1.234216809,0.9842,4/29/23 18:00,7.006,
4/30/23 2:00,4/29/23 18:00,4/29/23 19:00,70.87451782,0.53503418,1.232267737,0.9823,4/29/23 19:00,6.988,
4/30/23 3:00,4/29/23 19:00,4/29/23 20:00,70.02832336,0.537674904,1.237479091,0.9875,4/29/23 20:00,7.036,
4/30/23 4:00,4/29/23 20:00,4/29/23 21:00,68.98907166,0.540369987,1.245695353,0.9957,4/29/23 21:00,7.111,
4/30/23 5:00,4/29/23 21:00,4/29/23 22:00,67.6039978,0.5427742,1.247496963,0.9975,4/29/23 22:00,7.127,
4/30/23 6:00,4/29/23 22:00,4/29/23 23:00,66.24707642,0.542016983,1.249980569,1.0000,4/29/23 23:00,7.150,
4/30/23 7:00,4/29/23 23:00,4/30/23 0:00,65.09054565,0.543331146,1.255933285,1.0059,4/30/23 0:00,7.298,
4/30/23 8:00,4/30/23 0:00,4/30/23 1:00,63.94843445,0.544823647,1.254276752,1.0043,4/30/23 1:00,7.262,
4/30/23 9:00,4/30/23 1:00,4/30/23 2:00,62.92398682,0.543182373,1.253759861,1.0038,4/30/23 2:00,7.251,
4/30/23 10:00,4/30/23 2:00,4/30/23 3:00,62.08301086,0.542969704,1.250831962,1.0008,4/30/23 3:00,7.188,
4/30/23 11:00,4/30/23 3:00,4/30/23 4:00,61.40630798,0.543212891,1.248634338,0.9986,4/30/23 4:00,7.138,
4/30/23 12:00,4/30/23 4:00,4/30/23 5:00,60.83131104,0.543210983,1.252978921,1.0030,4/30/23 5:00,7.234,
4/30/23 13:00,4/30/23 5:00,4/30/23 6:00,60.35694885,0.542455673,1.249054432,0.9991,4/30/23 6:00,7.141,
4/30/23 14:00,4/30/23 6:00,4/30/23 7:00,59.99118652,0.541314125,1.245119095,0.9951,4/30/23 7:00,7.105,
4/30/23 15:00,4/30/23 7:00,4/30/23 8:00,59.92958069,0.532567024,1.225888371,0.9759,4/30/23 8:00,6.930,
4/30/23 16:00,4/30/23 8:00,4/30/23 9:00,60.22327271,0.529223442,1.214761734,0.9648,4/30/23 9:00,6.830,
4/30/23 17:00,4/30/23 9:00,4/30/23 10:00,60.86407776,0.52405262,1.208113909,0.9581,4/30/23 10:00,6.770,
4/30/23 18:00,4/30/23 10:00,4/30/23 11:00,61.75844727,0.525902748,1.211521387,0.9615,4/30/23 11:00,6.800,
4/30/23 19:00,4/30/23 11:00,4/30/23 12:00,62.83507996,0.527556419,1.216523767,0.9665,4/30/23 12:00,6.846,
4/30/23 20:00,4/30/23 12:00,4/30/23 13:00,64.40672913,0.527220726,1.216636062,0.9666,4/30/23 13:00,6.847,
4/30/23 21:00,4/30/23 13:00,4/30/23 14:00,66.00076294,0.525615692,1.209367752,0.9594,4/30/23 14:00,6.781,
4/30/23 22:00,4/30/23 14:00,4/30/23 15:00,67.30332947,0.524788857,1.208688021,0.9587,4/30/23 15:00,6.775,
4/30/23 23:00,4/30/23 15:00,4/30/23 16:00,67.93059387,0.527795792,1.210469961,0.9605,4/30/23 16:00,6.791,
5/1/23 0:00,4/30/23 16:00,4/30/23 17:00,67.99563293,0.526556015,1.217335463,0.9673,4/30/23 17:00,6.853,
5/1/23 1:00,4/30/23 17:00,4/30/23 18:00,67.96575012,0.528557777,1.216444612,0.9664,4/30/23 18:00,6.845,
5/1/23 2:00,4/30/23 18:00,4/30/23 19:00,67.22524414,0.530890465,1.223149657,0.9731,4/30/23 19:00,6.906,
5/1/23 3:00,4/30/23 19:00,4/30/23 20:00,66.18840942,0.533323288,1.228963733,0.9790,4/30/23 20:00,6.958,
5/1/23 4:00,4/30/23 20:00,4/30/23 21:00,65.14404907,0.537024498,1.238295197,0.9883,4/30/23 21:00,7.043,
5/1/23 5:00,4/30/23 21:00,4/30/23 22:00,64.21353455,0.537953377,1.243440628,0.9934,4/30/23 22:00,7.090,
5/1/23 6:00,4/30/23 22:00,4/30/23 23:00,63.28085022,0.538946152,1.244395256,0.9944,4/30/23 23:00,7.099,
5/1/23 7:00,4/30/23 23:00,5/1/23 0:00,62.245224,0.540402412,1.247002006,0.9970,5/1/23 0:00,7.123,
5/1/23 8:00,5/1/23 0:00,5/1/23 1:00,61.23082886,0.541381836,1.242780566,0.9928,5/1/23 1:00,7.084,
5/1/23 9:00,5/1/23 1:00,5/1/23 2:00,60.38183289,0.541082382,1.248469353,0.9985,5/1/23 2:00,7.136,
5/1/23 10:00,5/1/23 2:00,5/1/23 3:00,59.73284302,0.542298317,1.250306129,1.0003,5/1/23 3:00,7.177,
5/1/23 11:00,5/1/23 3:00,5/1/23 4:00,59.35109558,0.54220295,1.249331594,0.9993,5/1/23 4:00,7.144,
5/1/23 12:00,5/1/23 4:00,5/1/23 5:00,59.01906128,0.541296005,1.245429158,0.9954,5/1/23 5:00,7.108,
5/1/23 13:00,5/1/23 5:00,5/1/23 6:00,58.65148621,0.541595459,1.249844193,0.9998,5/1/23 6:00,7.149,
5/1/23 14:00,5/1/23 6:00,5/1/23 7:00,58.48078613,0.541650772,1.249595642,0.9996,5/1/23 7:00,7.146,
5/1/23 15:00,5/1/23 7:00,5/1/23 8:00,58.45713806,0.541222572,1.250132322,1.0001,5/1/23 8:00,7.173,
5/1/23 16:00,5/1/23 8:00,5/1/23 9:00,58.55038452,0.541174889,1.247767568,0.9978,5/1/23 9:00,7.130,
5/1/23 17:00,5/1/23 9:00,5/1/23 10:00,58.68694458,0.540355682,1.246612668,0.9966,5/1/23 10:00,7.119,
5/1/23 18:00,5/1/23 10:00,5/1/23 11:00,58.94949036,0.540237427,1.246531367,0.9965,5/1/23 11:00,7.118,
5/1/23 19:00,5/1/23 11:00,5/1/23 12:00,59.69741211,0.534674644,1.232927799,0.9829,5/1/23 12:00,6.994,
5/1/23 20:00,5/1/23 12:00,5/1/23 13:00,60.4592041,0.535233498,1.233237863,0.9832,5/1/23 13:00,6.997,
5/1/23 21:00,5/1/23 13:00,5/1/23 14:00,60.65445862,0.539339066,1.240580797,0.9906,5/1/23 14:00,7.064,
5/1/23 22:00,5/1/23 14:00,5/1/23 15:00,60.79857178,0.542526245,1.248693705,0.9987,5/1/23 15:00,7.138,
5/1/23 23:00,5/1/23 15:00,5/1/23 16:00,61.1234375,0.543284416,1.253566265,1.0036,5/1/23 16:00,7.247,
5/2/23 0:00,5/1/23 16:00,5/1/23 17:00,61.49793396,0.543933868,1.253933549,1.0039,5/1/23 17:00,7.255,
5/2/23 1:00,5/1/23 17:00,5/1/23 18:00,61.49139709,0.546102524,1.257297158,1.0073,5/1/23 18:00,7.328,
5/2/23 2:00,5/1/23 18:00,5/1/23 19:00,61.03043823,0.54736805,1.261910081,1.0119,5/1/23 19:00,7.429,
5/2/23 3:00,5/1/23 19:00,5/1/23 20:00,60.45524902,0.550436974,1.270913839,1.0209,5/1/23 20:00,7.628,
5/2/23 4:00,5/1/23 20:00,5/1/23 21:00,59.91645203,0.557338715,1.284495473,1.0345,5/1/23 21:00,7.936,
5/2/23 5:00,5/1/23 21:00,5/1/23 22:00,59.48754578,0.565919876,1.302940845,1.0529,5/1/23 22:00,8.367,
5/2/23 6:00,5/1/23 22:00,5/1/23 23:00,59.00593262,0.58146286,1.337631702,1.0876,5/1/23 23:00,9.219,
5/2/23 7:00,5/1/23 23:00,5/2/23 0:00,58.6212738,0.592511177,1.366475463,1.1165,5/2/23 0:00,9.970,
5/2/23 8:00,5/2/23 0:00,5/2/23 1:00,58.26276245,0.601786613,1.38747263,1.1375,5/2/23 1:00,10.541,
5/2/23 9:00,5/2/23 1:00,5/2/23 2:00,57.98030396,0.611643791,1.409950256,1.1600,5/2/23 2:00,11.177,
5/2/23 10:00,5/2/23 2:00,5/2/23 3:00,57.87123718,0.616370201,1.420746803,1.1707,5/2/23 3:00,11.491,
5/2/23 11:00,5/2/23 3:00,5/2/23 4:00,57.81864014,0.618925095,1.426222086,1.1762,5/2/23 4:00,11.653,
5/2/23 12:00,5/2/23 4:00,5/2/23 5:00,57.81210327,0.620492935,1.429642797,1.1796,5/2/23 5:00,11.754,
5/2/23 13:00,5/2/23 5:00,5/2/23 6:00,57.82786865,0.624207497,1.438666463,1.1887,5/2/23 6:00,12.025,
5/2/23 14:00,5/2/23 6:00,5/2/23 7:00,57.90015869,0.625929832,1.444878697,1.1949,5/2/23 7:00,12.214,
5/2/23 15:00,5/2/23 7:00,5/2/23 8:00,58.07357788,0.625352859,1.44053185,1.1905,5/2/23 8:00,12.082,
5/2/23 16:00,5/2/23 8:00,5/2/23 9:00,58.29690247,0.627709389,1.446046829,1.1960,5/2/23 9:00,12.250,
5/2/23 17:00,5/2/23 9:00,5/2/23 10:00,58.8064209,0.625637054,1.439849973,1.1898,5/2/23 10:00,12.061,
5/2/23 18:00,5/2/23 10:00,5/2/23 11:00,59.43113098,0.627512932,1.445114017,1.1951,5/2/23 11:00,12.222,
5/2/23 19:00,5/2/23 11:00,5/2/23 12:00,60.08165894,0.628619194,1.446928859,1.1969,5/2/23 12:00,12.277,
5/2/23 20:00,5/2/23 12:00,5/2/23 13:00,61.0356842,0.627655983,1.44798696,1.1980,5/2/23 13:00,12.310,
5/2/23 21:00,5/2/23 13:00,5/2/23 14:00,61.84089966,0.626832962,1.443736911,1.1937,5/2/23 14:00,12.180,
5/2/23 22:00,5/2/23 14:00,5/2/23 15:00,62.35906982,0.628606796,1.451709032,1.2017,5/2/23 15:00,12.424,
5/2/23 23:00,5/2/23 15:00,5/2/23 16:00,62.53822937,0.630408287,1.453719616,1.2037,5/2/23 16:00,12.487,
5/3/23 0:00,5/2/23 16:00,5/2/23 17:00,63.58530884,0.624304771,1.443382859,1.1934,5/2/23 17:00,12.169,
5/3/23 1:00,5/2/23 17:00,5/2/23 18:00,62.97106323,0.626135826,1.446691394,1.1967,5/2/23 18:00,12.270,
5/3/23 2:00,5/2/23 18:00,5/2/23 19:00,62.62980042,0.625366211,1.440329552,1.1903,5/2/23 19:00,12.076,
5/3/23 3:00,5/2/23 19:00,5/2/23 20:00,62.42704773,0.625112534,1.441143394,1.1911,5/2/23 20:00,12.101,
5/3/23 4:00,5/2/23 20:00,5/2/23 21:00,61.65896606,0.625160217,1.438114285,1.1881,5/2/23 21:00,12.009,
5/3/23 5:00,5/2/23 21:00,5/2/23 22:00,60.8012085,0.625577927,1.443791986,1.1938,5/2/23 22:00,12.181,
5/3/23 6:00,5/2/23 22:00,5/2/23 23:00,60.08690491,0.625555038,1.441627383,1.1916,5/2/23 23:00,12.115,
5/3/23 7:00,5/2/23 23:00,5/3/23 0:00,59.53739624,0.624959946,1.438257217,1.1883,5/3/23 0:00,12.013,
5/3/23 8:00,5/3/23 0:00,5/3/23 1:00,59.16081238,0.624763489,1.436015725,1.1860,5/3/23 1:00,11.945,
5/3/23 9:00,5/3/23 1:00,5/3/23 2:00,58.85105286,0.622461319,1.433342934,1.1833,5/3/23 2:00,11.865,
5/3/23 10:00,5/3/23 2:00,5/3/23 3:00,58.66856995,0.620313644,1.430733919,1.1807,5/3/23 3:00,11.787,
5/3/23 11:00,5/3/23 3:00,5/3/23 4:00,58.47685852,0.619635582,1.432663202,1.1827,5/3/23 4:00,11.845,
5/3/23 12:00,5/3/23 4:00,5/3/23 5:00,58.29558411,0.620548248,1.430318236,1.1803,5/3/23 5:00,11.774,
5/3/23 13:00,5/3/23 5:00,5/3/23 6:00,58.16819763,0.620153427,1.428274512,1.1783,5/3/23 6:00,11.714,
5/3/23 14:00,5/3/23 6:00,5/3/23 7:00,58.11170044,0.618110657,1.425971389,1.1760,5/3/23 7:00,11.645,
5/3/23 15:00,5/3/23 7:00,5/3/23 8:00,58.22073975,0.614707947,1.412801147,1.1628,5/3/23 8:00,11.259,
5/3/23 16:00,5/3/23 8:00,5/3/23 9:00,58.29558411,0.611818314,1.406390905,1.1564,5/3/23 9:00,11.075,
5/3/23 17:00,5/3/23 9:00,5/3/23 10:00,58.5477478,0.612011909,1.409508109,1.1595,5/3/23 10:00,11.164,
5/3/23 18:00,5/3/23 10:00,5/3/23 11:00,58.88387451,0.611336708,1.406806707,1.1568,5/3/23 11:00,11.087,
5/3/23 19:00,5/3/23 11:00,5/3/23 12:00,59.33535767,0.610332489,1.404862165,1.1549,5/3/23 12:00,11.031,
5/3/23 20:00,5/3/23 12:00,5/3/23 13:00,60.31500854,0.604815483,1.394465804,1.1445,5/3/23 13:00,10.736,
5/3/23 21:00,5/3/23 13:00,5/3/23 14:00,60.75926819,0.601732254,1.387870789,1.1379,5/3/23 14:00,10.552,
5/3/23 22:00,5/3/23 14:00,5/3/23 15:00,60.89813538,0.60307312,1.393852115,1.1439,5/3/23 15:00,10.719,
5/3/23 23:00,5/3/23 15:00,5/3/23 16:00,61.57912292,0.602940559,1.39014101,1.1401,5/3/23 16:00,10.615,
5/4/23 0:00,5/3/23 16:00,5/3/23 17:00,61.72309875,0.603554726,1.391196847,1.1412,5/3/23 17:00,10.645,
5/4/23 1:00,5/3/23 17:00,5/3/23 18:00,61.67203979,0.600681305,1.384617329,1.1346,5/3/23 18:00,10.462,
5/4/23 2:00,5/3/23 18:00,5/3/23 19:00,61.05661316,0.601329803,1.384905457,1.1349,5/3/23 19:00,10.470,
5/4/23 3:00,5/3/23 19:00,5/3/23 20:00,60.43033752,0.603782654,1.388708949,1.1387,5/3/23 20:00,10.576,
5/4/23 4:00,5/3/23 20:00,5/3/23 21:00,60.01870728,0.604487419,1.391038537,1.1410,5/3/23 21:00,10.640,
5/4/23 5:00,5/3/23 21:00,5/3/23 22:00,59.56494446,0.602663994,1.388722181,1.1387,5/3/23 22:00,10.576,
5/4/23 6:00,5/3/23 22:00,5/3/23 23:00,58.94163513,0.602352142,1.387028217,1.1370,5/3/23 23:00,10.529,
5/4/23 7:00,5/3/23 23:00,5/4/23 0:00,58.40066833,0.6023283,1.386381507,1.1364,5/4/23 0:00,10.511,
5/4/23 8:00,5/4/23 0:00,5/4/23 1:00,58.02891846,0.601831436,1.386280417,1.1363,5/4/23 1:00,10.508,
5/4/23 9:00,5/4/23 1:00,5/4/23 2:00,57.70432739,0.599080086,1.383398533,1.1334,5/4/23 2:00,10.429,
5/4/23 10:00,5/4/23 2:00,5/4/23 3:00,57.40462036,0.597599983,1.378849387,1.1288,5/4/23 3:00,10.304,
5/4/23 11:00,5/4/23 3:00,5/4/23 4:00,57.20870667,0.596505165,1.373695254,1.1237,5/4/23 4:00,10.164,
5/4/23 12:00,5/4/23 4:00,5/4/23 5:00,57.10216675,0.597216606,1.374630213,1.1246,5/4/23 5:00,10.189,
5/4/23 13:00,5/4/23 5:00,5/4/23 6:00,57.01540222,0.596107483,1.370883942,1.1209,5/4/23 6:00,10.088,
5/4/23 14:00,5/4/23 6:00,5/4/23 7:00,56.95486755,0.59360218,1.368184686,1.1182,5/4/23 7:00,10.015,
5/4/23 15:00,5/4/23 7:00,5/4/23 8:00,57.04300537,0.590221405,1.359363556,1.1094,5/4/23 8:00,9.781,
5/4/23 16:00,5/4/23 8:00,5/4/23 9:00,57.24158325,0.585137367,1.346672893,1.0967,5/4/23 9:00,9.450,
5/4/23 17:00,5/4/23 9:00,5/4/23 10:00,57.58866882,0.580452919,1.340487003,1.0905,5/4/23 10:00,9.291,
5/4/23 18:00,5/4/23 10:00,5/4/23 11:00,58.26276245,0.579556465,1.334811568,1.0848,5/4/23 11:00,9.147,
5/4/23 19:00,5/4/23 11:00,5/4/23 12:00,58.39146729,0.579357147,1.335634351,1.0856,5/4/23 12:00,9.168,
5/4/23 20:00,5/4/23 12:00,5/4/23 13:00,58.97445679,0.575844765,1.33216083,1.0822,5/4/23 13:00,9.081,
5/4/23 21:00,5/4/23 13:00,5/4/23 14:00,59.50328369,0.575583458,1.328273773,1.0783,5/4/23 14:00,8.983,
5/4/23 22:00,5/4/23 14:00,5/4/23 15:00,59.88758545,0.573539734,1.320752621,1.0708,5/4/23 15:00,8.797,
5/4/23 23:00,5/4/23 15:00,5/4/23 16:00,59.65022583,0.573958397,1.322164893,1.0722,5/4/23 16:00,8.832,
5/5/23 0:00,5/4/23 16:00,5/4/23 17:00,59.65412598,0.573609352,1.320440292,1.0704,5/4/23 17:00,8.790,
5/5/23 1:00,5/4/23 17:00,5/4/23 18:00,59.65544434,0.57496357,1.325013638,1.0750,5/4/23 18:00,8.902,
5/5/23 2:00,5/4/23 18:00,5/4/23 19:00,59.57675476,0.573488235,1.322899699,1.0729,5/4/23 19:00,8.850,
5/5/23 3:00,5/4/23 19:00,5/4/23 20:00,59.2867981,0.575263977,1.322503686,1.0725,5/4/23 20:00,8.840,
5/5/23 4:00,5/4/23 20:00,5/4/23 21:00,59.03482666,0.575593948,1.326159716,1.0762,5/4/23 21:00,8.931,
5/5/23 5:00,5/4/23 21:00,5/4/23 22:00,58.72633057,0.578046799,1.32900846,1.0790,5/4/23 22:00,9.002,
5/5/23 6:00,5/4/23 22:00,5/4/23 23:00,58.33895264,0.577271461,1.326278567,1.0763,5/4/23 23:00,8.934,
5/5/23 7:00,5/4/23 23:00,5/5/23 0:00,57.90276794,0.577448845,1.330018163,1.0800,5/5/23 0:00,9.027,
5/5/23 8:00,5/5/23 0:00,5/5/23 1:00,57.48086548,0.576301575,1.329015136,1.0790,5/5/23 1:00,9.002,
5/5/23 9:00,5/5/23 1:00,5/5/23 2:00,57.11925049,0.576957703,1.33044064,1.0804,5/5/23 2:00,9.038,
5/5/23 10:00,5/5/23 2:00,5/5/23 3:00,56.76678162,0.576435089,1.330255866,1.0803,5/5/23 3:00,9.033,
5/5/23 11:00,5/5/23 3:00,5/5/23 4:00,56.41016541,0.575743675,1.330451608,1.0805,5/5/23 4:00,9.038,
5/5/23 12:00,5/5/23 4:00,5/5/23 5:00,56.16533508,0.573692322,1.324960828,1.0750,5/5/23 5:00,8.901,
5/5/23 13:00,5/5/23 5:00,5/5/23 6:00,55.94412537,0.573472023,1.324032545,1.0740,5/5/23 6:00,8.878,
5/5/23 14:00,5/5/23 6:00,5/5/23 7:00,55.79797974,0.571163177,1.319335937,1.0693,5/5/23 7:00,8.763,
5/5/23 15:00,5/5/23 7:00,5/5/23 8:00,55.92704163,0.569446564,1.306123972,1.0561,5/5/23 8:00,8.443,
5/5/23 16:00,5/5/23 8:00,5/5/23 9:00,56.24432678,0.565131187,1.302144527,1.0521,5/5/23 9:00,8.348,
5/5/23 17:00,5/5/23 9:00,5/5/23 10:00,57.09821167,0.55625248,1.281114459,1.0311,5/5/23 10:00,7.858,
5/5/23 18:00,5/5/23 10:00,5/5/23 11:00,57.52689819,0.557107925,1.285305023,1.0353,5/5/23 11:00,7.954,
5/5/23 19:00,5/5/23 11:00,5/5/23 12:00,57.95006409,0.556339264,1.2837497,1.0337,5/5/23 12:00,7.919,
5/5/23 20:00,5/5/23 12:00,5/5/23 13:00,58.71844788,0.55669117,1.283824563,1.0338,5/5/23 13:00,7.920,
5/5/23 21:00,5/5/23 13:00,5/5/23 14:00,59.46917114,0.559995651,1.287623644,1.0376,5/5/23 14:00,8.008,
5/5/23 22:00,5/5/23 14:00,5/5/23 15:00,60.07377625,0.560353279,1.291440248,1.0414,5/5/23 15:00,8.096,
5/5/23 23:00,5/5/23 15:00,5/5/23 16:00,60.32940063,0.558576584,1.286928415,1.0369,5/5/23 16:00,7.992,
5/6/23 0:00,5/5/23 16:00,5/5/23 17:00,60.10525208,0.556966782,1.286895514,1.0369,5/5/23 17:00,7.991,
5/6/23 1:00,5/5/23 17:00,5/5/23 18:00,59.84561768,0.556782722,1.282361627,1.0324,5/5/23 18:00,7.887,
5/6/23 2:00,5/5/23 18:00,5/5/23 19:00,59.60427551,0.556741714,1.282500267,1.0325,5/5/23 19:00,7.890,
5/6/23 3:00,5/5/23 19:00,5/5/23 20:00,59.21986389,0.556826591,1.283661723,1.0337,5/5/23 20:00,7.917,
5/6/23 4:00,5/5/23 20:00,5/5/23 21:00,58.81562195,0.559059143,1.283813596,1.0338,5/5/23 21:00,7.920,
5/6/23 5:00,5/5/23 21:00,5/5/23 22:00,58.40198669,0.557455063,1.282660842,1.0327,5/5/23 22:00,7.894,
5/6/23 6:00,5/5/23 22:00,5/5/23 23:00,57.96190186,0.55741024,1.284715414,1.0347,5/5/23 23:00,7.941,
5/6/23 7:00,5/5/23 23:00,5/6/23 0:00,57.54263611,0.556728363,1.28525877,1.0353,5/6/23 0:00,7.953,
5/6/23 8:00,5/6/23 0:00,5/6/23 1:00,57.23370056,0.558228493,1.287456393,1.0375,5/6/23 1:00,8.004,
5/6/23 9:00,5/6/23 1:00,5/6/23 2:00,56.98117981,0.559565544,1.288393497,1.0384,5/6/23 2:00,8.026,
5/6/23 10:00,5/6/23 2:00,5/6/23 3:00,56.7759552,0.56182003,1.294425368,1.0444,5/6/23 3:00,8.166,
5/6/23 11:00,5/6/23 3:00,5/6/23 4:00,56.57729492,0.563271523,1.296526194,1.0465,5/6/23 4:00,8.215,
5/6/23 12:00,5/6/23 4:00,5/6/23 5:00,56.40489197,0.571211815,1.314056516,1.0641,5/6/23 5:00,8.634,
5/6/23 13:00,5/6/23 5:00,5/6/23 6:00,56.29038696,0.575296402,1.326309323,1.0763,5/6/23 6:00,8.935,
5/6/23 14:00,5/6/23 6:00,5/6/23 7:00,56.14558716,0.584887505,1.346925855,1.0969,5/6/23 7:00,9.456,
5/6/23 15:00,5/6/23 7:00,5/6/23 8:00,55.97444763,0.599151611,1.380629063,1.1306,5/6/23 8:00,10.353,
5/6/23 16:00,5/6/23 8:00,5/6/23 9:00,56.29431458,0.603063583,1.38766396,1.1377,5/6/23 9:00,10.547,
5/6/23 17:00,5/6/23 9:00,5/6/23 10:00,56.79963074,0.602119446,1.385079265,1.1351,5/6/23 10:00,10.475,
5/6/23 18:00,5/6/23 10:00,5/6/23 11:00,57.29022522,0.602136612,1.388128161,1.1381,5/6/23 11:00,10.559,
5/6/23 19:00,5/6/23 11:00,5/6/23 12:00,58.70010071,0.606376648,1.400009274,1.1500,5/6/23 12:00,10.893,
5/6/23 20:00,5/6/23 12:00,5/6/23 13:00,60.64654846,0.610499382,1.409021974,1.1590,5/6/23 13:00,11.150,
5/6/23 21:00,5/6/23 13:00,5/6/23 14:00,62.14711609,0.619231224,1.429002643,1.1790,5/6/23 14:00,11.735,
5/6/23 22:00,5/6/23 14:00,5/6/23 15:00,63.10570068,0.629673958,1.452648401,1.2026,5/6/23 15:00,12.454,
5/6/23 23:00,5/6/23 15:00,5/6/23 16:00,64.56600342,0.637719154,1.467103362,1.2171,5/6/23 16:00,12.907,
5/7/23 0:00,5/6/23 16:00,5/6/23 17:00,63.96933594,0.642189026,1.479483843,1.2295,5/6/23 17:00,13.304,
5/7/23 1:00,5/6/23 17:00,5/6/23 18:00,63.42850647,0.648582458,1.497075558,1.2471,5/6/23 18:00,13.881,
5/7/23 2:00,5/6/23 18:00,5/6/23 19:00,62.86644592,0.656602859,1.509511113,1.2595,5/6/23 19:00,14.300,
5/7/23 3:00,5/6/23 19:00,5/6/23 20:00,61.82389832,0.662223816,1.529056311,1.2791,5/6/23 20:00,14.974,
5/7/23 4:00,5/6/23 20:00,5/6/23 21:00,60.56665039,0.666751862,1.540433764,1.2904,5/6/23 21:00,15.376,
5/7/23 5:00,5/6/23 21:00,5/6/23 22:00,59.35109558,0.671551704,1.549481511,1.2995,5/6/23 22:00,15.701,
5/7/23 6:00,5/6/23 22:00,5/6/23 23:00,58.37702026,0.672980309,1.546879053,1.2969,5/6/23 23:00,15.607,
5/7/23 7:00,5/6/23 23:00,5/7/23 0:00,57.68460693,0.674113274,1.55214107,1.3021,5/7/23 0:00,15.797,
5/7/23 8:00,5/7/23 0:00,5/7/23 1:00,57.17451172,0.673742294,1.554754376,1.3048,5/7/23 1:00,15.892,
5/7/23 9:00,5/7/23 1:00,5/7/23 2:00,56.78650208,0.67227459,1.550907016,1.3009,5/7/23 2:00,15.752,
5/7/23 10:00,5/7/23 2:00,5/7/23 3:00,56.53384399,0.67261982,1.551492095,1.3015,5/7/23 3:00,15.774,
5/7/23 11:00,5/7/23 3:00,5/7/23 4:00,56.36146851,0.671551704,1.546786666,1.2968,5/7/23 4:00,15.603,
5/7/23 12:00,5/7/23 4:00,5/7/23 5:00,56.24034424,0.67010498,1.544375777,1.2944,5/7/23 5:00,15.517,
5/7/23 13:00,5/7/23 5:00,5/7/23 6:00,56.11400146,0.671033859,1.54958272,1.2996,5/7/23 6:00,15.704,
5/7/23 14:00,5/7/23 6:00,5/7/23 7:00,56.00078735,0.669514656,1.541584253,1.2916,5/7/23 7:00,15.417,
5/7/23 15:00,5/7/23 7:00,5/7/23 8:00,56.06132202,0.65329361,1.50558877,1.2556,5/7/23 8:00,14.167,
5/7/23 16:00,5/7/23 8:00,5/7/23 9:00,56.45097961,0.64494133,1.489391685,1.2394,5/7/23 9:00,13.627,
5/7/23 17:00,5/7/23 9:00,5/7/23 10:00,57.08508301,0.64544487,1.490225434,1.2402,5/7/23 10:00,13.654,
5/7/23 18:00,5/7/23 10:00,5/7/23 11:00,58.0394104,0.648573875,1.489814043,1.2398,5/7/23 11:00,13.641,
5/7/23 19:00,5/7/23 11:00,5/7/23 12:00,59.84822693,0.643733978,1.484635711,1.2346,5/7/23 12:00,13.471,
5/7/23 20:00,5/7/23 12:00,5/7/23 13:00,60.39235229,0.64067173,1.477162957,1.2272,5/7/23 13:00,13.229,
5/7/23 21:00,5/7/23 13:00,5/7/23 14:00,61.38796082,0.639332771,1.470651507,1.2207,5/7/23 14:00,13.020,
5/7/23 22:00,5/7/23 14:00,5/7/23 15:00,62.76056519,0.630187035,1.457461596,1.2075,5/7/23 15:00,12.603,
5/7/23 23:00,5/7/23 15:00,5/7/23 16:00,63.6244751,0.624329567,1.442848206,1.1928,5/7/23 16:00,12.152,
5/8/23 0:00,5/7/23 16:00,5/7/23 17:00,63.62054749,0.625871658,1.444861054,1.1949,5/7/23 17:00,12.214,
5/8/23 1:00,5/7/23 17:00,5/7/23 18:00,64.14171143,0.62473774,1.436655879,1.1867,5/7/23 18:00,11.965,
5/8/23 2:00,5/7/23 18:00,5/7/23 19:00,63.67020569,0.626151085,1.443664432,1.1937,5/7/23 19:00,12.177,
5/8/23 3:00,5/7/23 19:00,5/7/23 20:00,62.69648743,0.623578072,1.44163835,1.1916,5/7/23 20:00,12.116,
5/8/23 4:00,5/7/23 20:00,5/7/23 21:00,61.73098145,0.625332832,1.443631411,1.1936,5/7/23 21:00,12.176,
5/8/23 5:00,5/7/23 21:00,5/7/23 22:00,60.54698486,0.624973297,1.436662436,1.1867,5/7/23 22:00,11.965,
5/8/23 6:00,5/7/23 22:00,5/7/23 23:00,59.33796692,0.622620583,1.438954592,1.1890,5/7/23 23:00,12.034,
5/8/23 7:00,5/7/23 23:00,5/8/23 0:00,58.32975159,0.620697975,1.430804372,1.1808,5/8/23 0:00,11.789,
5/8/23 8:00,5/8/23 0:00,5/8/23 1:00,57.63599243,0.618161201,1.425806403,1.1758,5/8/23 1:00,11.640,
5/8/23 9:00,5/8/23 1:00,5/8/23 2:00,57.27709656,0.616477013,1.419715166,1.1697,5/8/23 2:00,11.461,
5/8/23 10:00,5/8/23 2:00,5/8/23 3:00,57.01012878,0.616236687,1.419270754,1.1693,5/8/23 3:00,11.448,
5/8/23 11:00,5/8/23 3:00,5/8/23 4:00,56.88120422,0.61430645,1.414314628,1.1643,5/8/23 4:00,11.303,
5/8/23 12:00,5/8/23 4:00,5/8/23 5:00,56.88776855,0.616486549,1.420069337,1.1701,5/8/23 5:00,11.471,
5/8/23 13:00,5/8/23 5:00,5/8/23 6:00,56.88120422,0.617479324,1.421893001,1.1719,5/8/23 6:00,11.525,
5/8/23 14:00,5/8/23 6:00,5/8/23 7:00,56.8680481,0.618584633,1.421582818,1.1716,5/8/23 7:00,11.516,
5/8/23 15:00,5/8/23 7:00,5/8/23 8:00,57.01012878,0.608263969,1.399916887,1.1499,5/8/23 8:00,10.890,
5/8/23 16:00,5/8/23 8:00,5/8/23 9:00,57.36122437,0.600589752,1.380041718,1.1300,5/8/23 9:00,10.337,
5/8/23 17:00,5/8/23 9:00,5/8/23 10:00,57.8554718,0.599842072,1.384357691,1.1344,5/8/23 10:00,10.455,
5/8/23 18:00,5/8/23 10:00,5/8/23 11:00,58.45450134,0.601214409,1.389430404,1.1394,5/8/23 11:00,10.596,
5/8/23 19:00,5/8/23 11:00,5/8/23 12:00,59.41143799,0.602942467,1.387413144,1.1374,5/8/23 12:00,10.540,
5/8/23 20:00,5/8/23 12:00,5/8/23 13:00,60.71208191,0.602228165,1.385992169,1.1360,5/8/23 13:00,10.500,
5/8/23 21:00,5/8/23 13:00,5/8/23 14:00,61.7885498,0.597681046,1.377936482,1.1279,5/8/23 14:00,10.279,
5/8/23 22:00,5/8/23 14:00,5/8/23 15:00,62.67033997,0.596471786,1.375747681,1.1257,5/8/23 15:00,10.220,
5/8/23 23:00,5/8/23 15:00,5/8/23 16:00,63.37884827,0.596912384,1.375298977,1.1253,5/8/23 16:00,10.207,
5/9/23 0:00,5/8/23 16:00,5/8/23 17:00,63.6231842,0.598768234,1.379203558,1.1292,5/8/23 17:00,10.314,
5/9/23 1:00,5/8/23 17:00,5/8/23 18:00,63.96018982,0.59781456,1.376123905,1.1261,5/8/23 18:00,10.230,
5/9/23 2:00,5/8/23 18:00,5/8/23 19:00,63.35794678,0.601626396,1.384232283,1.1342,5/8/23 19:00,10.452,
5/9/23 3:00,5/8/23 19:00,5/8/23 20:00,62.25961609,0.602395058,1.388596773,1.1386,5/8/23 20:00,10.573,
5/9/23 4:00,5/8/23 20:00,5/8/23 21:00,61.34607544,0.605280876,1.392978787,1.1430,5/8/23 21:00,10.695,
5/9/23 5:00,5/8/23 21:00,5/8/23 22:00,60.51685486,0.605218887,1.39522922,1.1452,5/8/23 22:00,10.758,
5/9/23 6:00,5/8/23 22:00,5/8/23 23:00,59.58592834,0.605494499,1.395752668,1.1458,5/8/23 23:00,10.773,
5/9/23 7:00,5/8/23 23:00,5/9/23 0:00,58.73945923,0.604334831,1.394195318,1.1442,5/9/23 0:00,10.729,
5/9/23 8:00,5/9/23 0:00,5/9/23 1:00,58.05256653,0.60590744,1.395730615,1.1457,5/9/23 1:00,10.772,
5/9/23 9:00,5/9/23 1:00,5/9/23 2:00,57.54790955,0.605559349,1.392994165,1.1430,5/9/23 2:00,10.695,
5/9/23 10:00,5/9/23 2:00,5/9/23 3:00,57.0929657,0.603922844,1.395510674,1.1455,5/9/23 3:00,10.766,
5/9/23 11:00,5/9/23 3:00,5/9/23 4:00,56.70492859,0.603288651,1.389778018,1.1398,5/9/23 4:00,10.605,
5/9/23 12:00,5/9/23 4:00,5/9/23 5:00,56.39569092,0.60165596,1.388209581,1.1382,5/9/23 5:00,10.562,
5/9/23 13:00,5/9/23 5:00,5/9/23 6:00,56.12320251,0.600320816,1.385897517,1.1359,5/9/23 6:00,10.498,
5/9/23 14:00,5/9/23 6:00,5/9/23 7:00,55.92965088,0.599521637,1.380076885,1.1301,5/9/23 7:00,10.338,
5/9/23 15:00,5/9/23 7:00,5/9/23 8:00,55.95338135,0.587519646,1.357517838,1.1075,5/9/23 8:00,9.732,
5/9/23 16:00,5/9/23 8:00,5/9/23 9:00,56.29697876,0.579631805,1.336967349,1.0870,5/9/23 9:00,9.202,
5/9/23 17:00,5/9/23 9:00,5/9/23 10:00,56.96934204,0.577588081,1.32806468,1.0781,5/9/23 10:00,8.978,
5/9/23 18:00,5/9/23 10:00,5/9/23 11:00,58.1130188,0.575087547,1.324560523,1.0746,5/9/23 11:00,8.891,
5/9/23 19:00,5/9/23 11:00,5/9/23 12:00,59.65280762,0.573304176,1.323427558,1.0734,5/9/23 12:00,8.863,
5/9/23 20:00,5/9/23 12:00,5/9/23 13:00,61.41413574,0.572235107,1.316449881,1.0664,5/9/23 13:00,8.692,
5/9/23 21:00,5/9/23 13:00,5/9/23 14:00,63.20111694,0.570457458,1.314511776,1.0645,5/9/23 14:00,8.645,
5/9/23 22:00,5/9/23 14:00,5/9/23 15:00,64.52290955,0.56974411,1.312806964,1.0628,5/9/23 15:00,8.603,
5/9/23 23:00,5/9/23 15:00,5/9/23 16:00,65.69570007,0.570158958,1.317028403,1.0670,5/9/23 16:00,8.706,
5/10/23 0:00,5/9/23 16:00,5/9/23 17:00,66.14932556,0.569635391,1.312331796,1.0623,5/9/23 17:00,8.592,
5/10/23 1:00,5/9/23 17:00,5/9/23 18:00,65.98252563,0.570561409,1.316124201,1.0661,5/9/23 18:00,8.684,
5/10/23 2:00,5/9/23 18:00,5/9/23 19:00,65.39190063,0.572365761,1.320460081,1.0705,5/9/23 19:00,8.790,
5/10/23 3:00,5/9/23 19:00,5/9/23 20:00,64.53730164,0.57369709,1.321925163,1.0719,5/9/23 20:00,8.826,
5/10/23 4:00,5/9/23 20:00,5/9/23 21:00,63.62189331,0.57677269,1.327785373,1.0778,5/9/23 21:00,8.971,
5/10/23 5:00,5/9/23 21:00,5/9/23 22:00,62.59447937,0.578035355,1.327803016,1.0778,5/9/23 22:00,8.972,
5/10/23 6:00,5/9/23 22:00,5/9/23 23:00,61.4599762,0.57811451,1.331395268,1.0814,5/9/23 23:00,9.062,
5/10/23 7:00,5/9/23 23:00,5/10/23 0:00,60.29531555,0.5770998,1.331626296,1.0816,5/10/23 0:00,9.067,
5/10/23 8:00,5/10/23 0:00,5/10/23 1:00,59.2867981,0.577688217,1.332327962,1.0823,5/10/23 1:00,9.085,
5/10/23 9:00,5/10/23 1:00,5/10/23 2:00,58.48998718,0.579514503,1.331837416,1.0818,5/10/23 2:00,9.073,
5/10/23 10:00,5/10/23 2:00,5/10/23 3:00,57.87123718,0.577425957,1.33347857,1.0835,5/10/23 3:00,9.114,
5/10/23 11:00,5/10/23 3:00,5/10/23 4:00,57.35597839,0.57719326,1.328856707,1.0789,5/10/23 4:00,8.998,
5/10/23 12:00,5/10/23 4:00,5/10/23 5:00,56.87200317,0.578222275,1.329774022,1.0798,5/10/23 5:00,9.021,
5/10/23 13:00,5/10/23 5:00,5/10/23 6:00,56.45622559,0.576766014,1.328291416,1.0783,5/10/23 6:00,8.984,
5/10/23 14:00,5/10/23 6:00,5/10/23 7:00,56.12979431,0.574997902,1.322569728,1.0726,5/10/23 7:00,8.842,
5/10/23 15:00,5/10/23 7:00,5/10/23 8:00,56.17189941,0.558656693,1.287814975,1.0378,5/10/23 8:00,8.012,
5/10/23 16:00,5/10/23 8:00,5/10/23 9:00,56.54178162,0.552733421,1.273408413,1.0234,5/10/23 9:00,7.684,
5/10/23 17:00,5/10/23 9:00,5/10/23 10:00,57.30335388,0.552379608,1.273153305,1.0232,5/10/23 10:00,7.678,
5/10/23 18:00,5/10/23 10:00,5/10/23 11:00,58.37965698,0.553225517,1.272242546,1.0222,5/10/23 11:00,7.658,
5/10/23 19:00,5/10/23 11:00,5/10/23 12:00,59.96624756,0.55596447,1.281059384,1.0311,5/10/23 12:00,7.857,
5/10/23 20:00,5/10/23 12:00,5/10/23 13:00,61.86968384,0.552814484,1.274921894,1.0249,5/10/23 13:00,7.718,
5/10/23 21:00,5/10/23 13:00,5/10/23 14:00,63.96672668,0.551898956,1.272185326,1.0222,5/10/23 14:00,7.657,
5/10/23 22:00,5/10/23 14:00,5/10/23 15:00,65.64225159,0.549602509,1.267955184,1.0180,5/10/23 15:00,7.562,
5/10/23 23:00,5/10/23 15:00,5/10/23 16:00,66.79944153,0.546541214,1.262171865,1.0122,5/10/23 16:00,7.434,
5/11/23 0:00,5/10/23 16:00,5/10/23 17:00,67.40357971,0.546067238,1.258496046,1.0085,5/10/23 17:00,7.354,
5/11/23 1:00,5/10/23 17:00,5/10/23 18:00,67.49729309,0.545005798,1.257552266,1.0076,5/10/23 18:00,7.333,
5/11/23 2:00,5/10/23 18:00,5/10/23 19:00,67.10675659,0.548757553,1.266208529,1.0162,5/10/23 19:00,7.523,
5/11/23 3:00,5/10/23 19:00,5/10/23 20:00,66.32263489,0.552969933,1.272744179,1.0227,5/10/23 20:00,7.669,
5/11/23 4:00,5/10/23 20:00,5/10/23 21:00,65.5262085,0.555900574,1.282473803,1.0325,5/10/23 21:00,7.889,
5/11/23 5:00,5/10/23 21:00,5/10/23 22:00,64.53337402,0.557487488,1.285412788,1.0354,5/10/23 22:00,7.957,
5/11/23 6:00,5/10/23 22:00,5/10/23 23:00,63.3161438,0.558903694,1.286132097,1.0361,5/10/23 23:00,7.973,
5/11/23 7:00,5/10/23 23:00,5/11/23 0:00,61.98355713,0.559649467,1.292986751,1.0430,5/11/23 0:00,8.132,
5/11/23 8:00,5/11/23 0:00,5/11/23 1:00,60.74748535,0.559938431,1.291248918,1.0412,5/11/23 1:00,8.092,
5/11/23 9:00,5/11/23 1:00,5/11/23 2:00,59.71842346,0.560387611,1.292456508,1.0425,5/11/23 2:00,8.120,
5/11/23 10:00,5/11/23 2:00,5/11/23 3:00,58.8917572,0.560441971,1.292348742,1.0423,5/11/23 3:00,8.117,
5/11/23 11:00,5/11/23 3:00,5/11/23 4:00,58.24304199,0.560687065,1.292643547,1.0426,5/11/23 4:00,8.124,
5/11/23 12:00,5/11/23 4:00,5/11/23 5:00,57.70171814,0.559668541,1.292912006,1.0429,5/11/23 5:00,8.130,
5/11/23 13:00,5/11/23 5:00,5/11/23 6:00,57.23762817,0.558914185,1.287535667,1.0375,5/11/23 6:00,8.006,
5/11/23 14:00,5/11/23 6:00,5/11/23 7:00,56.95618591,0.557418823,1.285142303,1.0351,5/11/23 7:00,7.951,
5/11/23 15:00,5/11/23 7:00,5/11/23 8:00,56.96805115,0.543829918,1.254626513,1.0046,5/11/23 8:00,7.270,
5/11/23 16:00,5/11/23 8:00,5/11/23 9:00,57.30206299,0.538214684,1.237727761,0.9877,5/11/23 9:00,7.038,
5/11/23 17:00,5/11/23 9:00,5/11/23 10:00,58.0762146,0.535701752,1.236053705,0.9861,5/11/23 10:00,7.023,
5/11/23 18:00,5/11/23 10:00,5/11/23 11:00,59.10176086,0.535056114,1.232437134,0.9824,5/11/23 11:00,6.990,
5/11/23 19:00,5/11/23 11:00,5/11/23 12:00,60.55484009,0.536054611,1.23104465,0.9810,5/11/23 12:00,6.977,
5/11/23 20:00,5/11/23 12:00,5/11/23 13:00,62.43493042,0.532913208,1.231163502,0.9812,5/11/23 13:00,6.978,
5/11/23 21:00,5/11/23 13:00,5/11/23 14:00,64.47201538,0.530688286,1.225531936,0.9755,5/11/23 14:00,6.927,
5/11/23 22:00,5/11/23 14:00,5/11/23 15:00,66.31744385,0.530741692,1.223242044,0.9732,5/11/23 15:00,6.906,
5/11/23 23:00,5/11/23 15:00,5/11/23 16:00,67.75626831,0.527501106,1.217991114,0.9680,5/11/23 16:00,6.859,
5/12/23 0:00,5/11/23 16:00,5/11/23 17:00,68.54970093,0.527770996,1.21579349,0.9658,5/11/23 17:00,6.839,
5/12/23 1:00,5/11/23 17:00,5/11/23 18:00,68.71482544,0.529432297,1.220384479,0.9704,5/11/23 18:00,6.881,
5/12/23 2:00,5/11/23 18:00,5/11/23 19:00,68.3169281,0.531376839,1.223505974,0.9735,5/11/23 19:00,6.909,
5/12/23 3:00,5/11/23 19:00,5/11/23 20:00,67.63915405,0.53468895,1.230897307,0.9809,5/11/23 20:00,6.976,
5/12/23 4:00,5/11/23 20:00,5/11/23 21:00,66.76038513,0.537834167,1.23941052,0.9894,5/11/23 21:00,7.053,
5/12/23 5:00,5/11/23 21:00,5/11/23 22:00,65.80655212,0.539593697,1.243790388,0.9938,5/11/23 22:00,7.093,
5/12/23 6:00,5/11/23 22:00,5/11/23 23:00,64.72654114,0.54128933,1.24651587,0.9965,5/11/23 23:00,7.118,
5/12/23 7:00,5/11/23 23:00,5/12/23 0:00,63.48209229,0.541793823,1.247180223,0.9972,5/12/23 0:00,7.124,
5/12/23 8:00,5/12/23 0:00,5/12/23 1:00,62.3132843,0.544429779,1.249496579,0.9995,5/12/23 1:00,7.145,
5/12/23 9:00,5/12/23 1:00,5/12/23 2:00,61.37093201,0.543828011,1.254193187,1.0042,5/12/23 2:00,7.260,
5/12/23 10:00,5/12/23 2:00,5/12/23 3:00,60.6151001,0.543669701,1.24971664,0.9997,5/12/23 3:00,7.147,
5/12/23 11:00,5/12/23 3:00,5/12/23 4:00,59.97410278,0.542866707,1.251731634,1.0017,5/12/23 4:00,7.207,
5/12/23 12:00,5/12/23 4:00,5/12/23 5:00,59.47180786,0.543375015,1.250240207,1.0002,5/12/23 5:00,7.175,
5/12/23 13:00,5/12/23 5:00,5/12/23 6:00,59.01117859,0.544185638,1.250596523,1.0006,5/12/23 6:00,7.183,
5/12/23 14:00,5/12/23 6:00,5/12/23 7:00,58.6396759,0.541612625,1.247083426,0.9971,5/12/23 7:00,7.123,
5/12/23 15:00,5/12/23 7:00,5/12/23 8:00,58.65280457,0.527440071,1.211472988,0.9615,5/12/23 8:00,6.800,
5/12/23 16:00,5/12/23 8:00,5/12/23 9:00,59.01642456,0.518314362,1.195418835,0.9454,5/12/23 9:00,6.655,
5/12/23 17:00,5/12/23 9:00,5/12/23 10:00,59.79052124,0.517188072,1.189358354,0.9394,5/12/23 10:00,6.601,
5/12/23 18:00,5/12/23 10:00,5/12/23 11:00,60.80774536,0.516281128,1.188416839,0.9384,5/12/23 11:00,6.592,
5/12/23 19:00,5/12/23 11:00,5/12/23 12:00,62.17197266,0.515272141,1.189087868,0.9391,5/12/23 12:00,6.598,
5/12/23 20:00,5/12/23 12:00,5/12/23 13:00,63.96672668,0.514925957,1.186934233,0.9369,5/12/23 13:00,6.579,
5/12/23 21:00,5/12/23 13:00,5/12/23 14:00,65.97598877,0.513788223,1.185112834,0.9351,5/12/23 14:00,6.563,
5/12/23 22:00,5/12/23 14:00,5/12/23 15:00,67.90326538,0.510098457,1.178964376,0.9290,5/12/23 15:00,6.507,
5/12/23 23:00,5/12/23 15:00,5/12/23 16:00,69.4061676,0.509358406,1.175440311,0.9254,5/12/23 16:00,6.476,
5/13/23 0:00,5/12/23 16:00,5/12/23 17:00,70.26458435,0.507534981,1.17222631,0.9222,5/12/23 17:00,6.447,
5/13/23 1:00,5/12/23 17:00,5/12/23 18:00,70.55533752,0.507252693,1.17322731,0.9232,5/12/23 18:00,6.456,
5/13/23 2:00,5/12/23 18:00,5/12/23 19:00,70.30740356,0.510650635,1.174351335,0.9244,5/12/23 19:00,6.466,
5/13/23 3:00,5/12/23 19:00,5/12/23 20:00,69.77247925,0.513758659,1.182710648,0.9327,5/12/23 20:00,6.541,
5/13/23 4:00,5/12/23 20:00,5/12/23 21:00,69.03716431,0.518231392,1.197510958,0.9475,5/12/23 21:00,6.674,
5/13/23 5:00,5/12/23 21:00,5/12/23 22:00,68.10362854,0.522233963,1.200693965,0.9507,5/12/23 22:00,6.703,
5/13/23 6:00,5/12/23 22:00,5/12/23 23:00,67.0026062,0.523221016,1.201301098,0.9513,5/12/23 23:00,6.708,
5/13/23 7:00,5/12/23 23:00,5/13/23 0:00,65.76612244,0.52541256,1.210681081,0.9607,5/13/23 0:00,6.793,
5/13/23 8:00,5/13/23 0:00,5/13/23 1:00,64.54642029,0.525752068,1.212931514,0.9629,5/13/23 1:00,6.813,
5/13/23 9:00,5/13/23 1:00,5/13/23 2:00,63.36838379,0.525859833,1.213380218,0.9634,5/13/23 2:00,6.817,
5/13/23 10:00,5/13/23 2:00,5/13/23 3:00,62.3708252,0.526198387,1.215452552,0.9655,5/13/23 3:00,6.836,
5/13/23 11:00,5/13/23 3:00,5/13/23 4:00,61.61183472,0.527456284,1.215751648,0.9658,5/13/23 4:00,6.839,
5/13/23 12:00,5/13/23 4:00,5/13/23 5:00,61.0356842,0.528172493,1.217306972,0.9673,5/13/23 5:00,6.853,
5/13/23 13:00,5/13/23 5:00,5/13/23 6:00,60.59021606,0.527626038,1.216237783,0.9662,5/13/23 6:00,6.843,
5/13/23 14:00,5/13/23 6:00,5/13/23 7:00,60.27306824,0.525619507,1.215291858,0.9653,5/13/23 7:00,6.834,
5/13/23 15:00,5/13/23 7:00,5/13/23 8:00,60.38317871,0.512939453,1.178990722,0.9290,5/13/23 8:00,6.508,
5/13/23 16:00,5/13/23 8:00,5/13/23 9:00,60.80381775,0.505532265,1.162417412,0.9124,5/13/23 9:00,6.360,
5/13/23 17:00,5/13/23 9:00,5/13/23 10:00,61.66028442,0.501993179,1.158717394,0.9087,5/13/23 10:00,6.327,
5/13/23 18:00,5/13/23 10:00,5/13/23 11:00,62.74353638,0.501777649,1.154476166,0.9045,5/13/23 11:00,6.289,
5/13/23 19:00,5/13/23 11:00,5/13/23 12:00,64.03464966,0.501883507,1.153547883,0.9035,5/13/23 12:00,6.281,
5/13/23 20:00,5/13/23 12:00,5/13/23 13:00,65.76351318,0.500392914,1.156321764,0.9063,5/13/23 13:00,6.305,
5/13/23 21:00,5/13/23 13:00,5/13/23 14:00,67.63396301,0.500551224,1.154128551,0.9041,5/13/23 14:00,6.286,
5/13/23 22:00,5/13/23 14:00,5/13/23 15:00,69.42698669,0.497447014,1.148329973,0.8983,5/13/23 15:00,6.234,
5/13/23 23:00,5/13/23 15:00,5/13/23 16:00,70.94068298,0.496025085,1.142282605,0.8923,5/13/23 16:00,6.181,
5/14/23 0:00,5/13/23 16:00,5/13/23 17:00,71.75768127,0.493865013,1.139715552,0.8897,5/13/23 17:00,6.158,
5/14/23 1:00,5/13/23 17:00,5/13/23 18:00,71.96636658,0.494825363,1.140395284,0.8904,5/13/23 18:00,6.164,
5/14/23 2:00,5/13/23 18:00,5/13/23 19:00,71.68118896,0.495838165,1.148956895,0.8990,5/13/23 19:00,6.240,
5/14/23 3:00,5/13/23 19:00,5/13/23 20:00,71.13266907,0.501955986,1.159991026,0.9100,5/13/23 20:00,6.338,
5/14/23 4:00,5/13/23 20:00,5/13/23 21:00,70.38139648,0.506511688,1.163145542,0.9131,5/13/23 21:00,6.366,
5/14/23 5:00,5/13/23 21:00,5/13/23 22:00,69.52179871,0.510652542,1.17491889,0.9249,5/13/23 22:00,6.471,
5/14/23 6:00,5/13/23 22:00,5/13/23 23:00,68.52498169,0.512922287,1.184118509,0.9341,5/13/23 23:00,6.554,
5/14/23 7:00,5/13/23 23:00,5/14/23 0:00,67.32807617,0.514686584,1.185933352,0.9359,5/14/23 0:00,6.570,
5/14/23 8:00,5/14/23 0:00,5/14/23 1:00,66.1037323,0.51538372,1.190130472,0.9401,5/14/23 1:00,6.608,
5/14/23 9:00,5/14/23 1:00,5/14/23 2:00,64.93923645,0.516214371,1.189127445,0.9391,5/14/23 2:00,6.599,
5/14/23 10:00,5/14/23 2:00,5/14/23 3:00,63.89490356,0.517195702,1.192292929,0.9423,5/14/23 3:00,6.627,
5/14/23 11:00,5/14/23 3:00,5/14/23 4:00,63.05211487,0.517160416,1.192893505,0.9429,5/14/23 4:00,6.632,
5/14/23 12:00,5/14/23 4:00,5/14/23 5:00,62.3956543,0.517769814,1.193243265,0.9432,5/14/23 5:00,6.636,
5/14/23 13:00,5/14/23 5:00,5/14/23 6:00,61.91027832,0.518478394,1.192079663,0.9421,5/14/23 6:00,6.625,
5/14/23 14:00,5/14/23 6:00,5/14/23 7:00,61.5712677,0.517752647,1.193227887,0.9432,5/14/23 7:00,6.635,
5/14/23 15:00,5/14/23 7:00,5/14/23 8:00,61.69563293,0.505679131,1.1663661,0.9164,5/14/23 8:00,6.395,
5/14/23 16:00,5/14/23 8:00,5/14/23 9:00,62.15365295,0.497601509,1.149656415,0.8997,5/14/23 9:00,6.246,
5/14/23 17:00,5/14/23 9:00,5/14/23 10:00,63.05472412,0.496854782,1.142210126,0.8922,5/14/23 10:00,6.180,
5/14/23 18:00,5/14/23 10:00,5/14/23 11:00,64.02679443,0.494281769,1.135439038,0.8854,5/14/23 11:00,6.120,
5/14/23 19:00,5/14/23 11:00,5/14/23 12:00,65.2144989,0.495242119,1.142361879,0.8924,5/14/23 12:00,6.182,
5/14/23 20:00,5/14/23 12:00,5/14/23 13:00,66.75387573,0.494618416,1.141484141,0.8915,5/14/23 13:00,6.174,
5/14/23 21:00,5/14/23 13:00,5/14/23 14:00,68.471698,0.493546486,1.13779068,0.8878,5/14/23 14:00,6.141,
5/14/23 22:00,5/14/23 14:00,5/14/23 15:00,70.00102234,0.492294312,1.137597084,0.8876,5/14/23 15:00,6.139,
5/14/23 23:00,5/14/23 15:00,5/14/23 16:00,71.19103394,0.494683266,1.138534188,0.8885,5/14/23 16:00,6.148,
5/15/23 0:00,5/14/23 16:00,5/14/23 17:00,71.76416321,0.493496895,1.140311718,0.8903,5/14/23 17:00,6.163,
5/15/23 1:00,5/14/23 17:00,5/14/23 18:00,71.69544373,0.494760513,1.140736222,0.8907,5/14/23 18:00,6.167,
5/15/23 2:00,5/14/23 18:00,5/14/23 19:00,71.18842468,0.494735718,1.140960574,0.8910,5/14/23 19:00,6.169,
5/15/23 3:00,5/14/23 19:00,5/14/23 20:00,70.49820862,0.494527817,1.141545653,0.8915,5/14/23 20:00,6.174,
5/15/23 4:00,5/14/23 20:00,5/14/23 21:00,69.80497131,0.497076035,1.145899057,0.8959,5/14/23 21:00,6.213,
5/15/23 5:00,5/14/23 21:00,5/14/23 22:00,69.01376343,0.497671127,1.146972656,0.8970,5/14/23 22:00,6.222,
5/15/23 6:00,5/14/23 22:00,5/14/23 23:00,68.07630005,0.497701645,1.146048665,0.8960,5/14/23 23:00,6.214,
5/15/23 7:00,5/14/23 23:00,5/15/23 0:00,67.13279419,0.495227814,1.140610814,0.8906,5/15/23 0:00,6.166,
5/15/23 8:00,5/15/23 0:00,5/15/23 1:00,66.10112305,0.498081207,1.144480228,0.8945,5/15/23 1:00,6.200,
5/15/23 9:00,5/15/23 1:00,5/15/23 2:00,65.15448608,0.498246193,1.148266077,0.8983,5/15/23 2:00,6.234,
5/15/23 10:00,5/15/23 2:00,5/15/23 3:00,64.22658081,0.498010635,1.147260785,0.8973,5/15/23 3:00,6.225,
5/15/23 11:00,5/15/23 3:00,5/15/23 4:00,63.38277588,0.49752903,1.148574114,0.8986,5/15/23 4:00,6.237,
5/15/23 12:00,5/15/23 4:00,5/15/23 5:00,62.62455444,0.498456955,1.147320151,0.8973,5/15/23 5:00,6.225,
5/15/23 13:00,5/15/23 5:00,5/15/23 6:00,62.01234131,0.497982979,1.149832368,0.8998,5/15/23 6:00,6.248,
5/15/23 14:00,5/15/23 6:00,5/15/23 7:00,61.53591919,0.497649193,1.147835016,0.8978,5/15/23 7:00,6.230,
5/15/23 15:00,5/15/23 7:00,5/15/23 8:00,61.53591919,0.483009338,1.114338517,0.8643,5/15/23 8:00,5.935,
5/15/23 16:00,5/15/23 8:00,5/15/23 9:00,61.85397339,0.477825165,1.098500013,0.8485,5/15/23 9:00,5.796,
5/15/23 17:00,5/15/23 9:00,5/15/23 10:00,62.68473206,0.477079391,1.102039456,0.8520,5/15/23 10:00,5.827,
5/15/23 18:00,5/15/23 10:00,5/15/23 11:00,63.75252075,0.477160454,1.099696755,0.8497,5/15/23 11:00,5.806,
5/15/23 19:00,5/15/23 11:00,5/15/23 12:00,64.90792542,0.478368759,1.102783084,0.8528,5/15/23 12:00,5.833,
5/15/23 20:00,5/15/23 12:00,5/15/23 13:00,66.21972046,0.478132248,1.102428794,0.8524,5/15/23 13:00,5.830,
5/15/23 21:00,5/15/23 13:00,5/15/23 14:00,67.63783569,0.477285385,1.100002408,0.8500,5/15/23 14:00,5.809,
5/15/23 22:00,5/15/23 14:00,5/15/23 15:00,69.01895447,0.482432365,1.114078999,0.8641,5/15/23 15:00,5.932,
5/15/23 23:00,5/15/23 15:00,5/15/23 16:00,70.14774475,0.487036705,1.121003985,0.8710,5/15/23 16:00,5.993,
5/16/23 0:00,5/15/23 16:00,5/15/23 17:00,70.89915466,0.484069824,1.120130658,0.8701,5/15/23 17:00,5.985,
5/16/23 1:00,5/15/23 17:00,5/15/23 18:00,71.09896851,0.483381271,1.109795928,0.8598,5/15/23 18:00,5.895,
5/16/23 2:00,5/15/23 18:00,5/15/23 19:00,70.78497925,0.479620934,1.105108142,0.8551,5/15/23 19:00,5.854,
5/16/23 3:00,5/15/23 19:00,5/15/23 20:00,70.21138306,0.482068062,1.109545112,0.8595,5/15/23 20:00,5.893,
5/16/23 4:00,5/15/23 20:00,5/15/23 21:00,69.49842529,0.484448433,1.11516571,0.8652,5/15/23 21:00,5.942,
5/16/23 5:00,5/15/23 21:00,5/15/23 22:00,68.71869812,0.487518311,1.123692036,0.8737,5/15/23 22:00,6.017,
5/16/23 6:00,5/15/23 22:00,5/15/23 23:00,67.89027405,0.487538338,1.12118876,0.8712,5/15/23 23:00,5.995,
5/16/23 7:00,5/15/23 23:00,5/16/23 0:00,67.03776245,0.48865509,1.124363065,0.8744,5/16/23 0:00,6.023,
5/16/23 8:00,5/16/23 0:00,5/16/23 1:00,66.15586243,0.490526199,1.127563715,0.8776,5/16/23 1:00,6.051,
5/16/23 9:00,5/16/23 1:00,5/16/23 2:00,65.26017456,0.489309311,1.127240419,0.8772,5/16/23 2:00,6.048,
5/16/23 10:00,5/16/23 2:00,5/16/23 3:00,64.42504883,0.489794731,1.128052115,0.8781,5/16/23 3:00,6.055,
5/16/23 11:00,5/16/23 3:00,5/16/23 4:00,63.6676239,0.489663124,1.129440188,0.8794,5/16/23 4:00,6.067,
5/16/23 12:00,5/16/23 4:00,5/16/23 5:00,62.94620667,0.496415138,1.13504529,0.8850,5/16/23 5:00,6.117,
5/16/23 13:00,5/16/23 5:00,5/16/23 6:00,62.30279236,0.492581367,1.136417985,0.8864,5/16/23 6:00,6.129,
5/16/23 14:00,5/16/23 6:00,5/16/23 7:00,61.77808533,0.489173889,1.125128627,0.8751,5/16/23 7:00,6.029,
5/16/23 15:00,5/16/23 7:00,5/16/23 8:00,61.80557861,0.476928711,1.100088239,0.8501,5/16/23 8:00,5.810,
5/16/23 16:00,5/16/23 8:00,5/16/23 9:00,62.11701355,0.472125053,1.084480643,0.8345,5/16/23 9:00,5.674,
5/16/23 17:00,5/16/23 9:00,5/16/23 10:00,62.99850159,0.472064972,1.091229677,0.8412,5/16/23 10:00,5.733,
5/16/23 18:00,5/16/23 10:00,5/16/23 11:00,64.11820068,0.472145081,1.089058399,0.8391,5/16/23 11:00,5.714,
5/16/23 19:00,5/16/23 11:00,5/16/23 12:00,65.28884888,0.471586227,1.088627338,0.8386,5/16/23 12:00,5.710,
5/16/23 20:00,5/16/23 12:00,5/16/23 13:00,66.67180786,0.472780228,1.086995006,0.8370,5/16/23 13:00,5.696,
5/16/23 21:00,5/16/23 13:00,5/16/23 14:00,68.1491394,0.469222069,1.083316922,0.8333,5/16/23 14:00,5.664,
5/16/23 22:00,5/16/23 14:00,5/16/23 15:00,69.5997467,0.466898918,1.075927734,0.8259,5/16/23 15:00,5.600,
5/16/23 23:00,5/16/23 15:00,5/16/23 16:00,70.82131653,0.468114853,1.078459859,0.8285,5/16/23 16:00,5.622,
5/17/23 0:00,5/16/23 16:00,5/16/23 17:00,71.55023193,0.46708107,1.07913959,0.8291,5/16/23 17:00,5.627,
5/17/23 1:00,5/16/23 17:00,5/16/23 18:00,71.82247314,0.467411041,1.078365207,0.8284,5/16/23 18:00,5.621,
5/17/23 2:00,5/16/23 18:00,5/16/23 19:00,71.67080688,0.470673561,1.085683942,0.8357,5/16/23 19:00,5.684,
5/17/23 3:00,5/16/23 19:00,5/16/23 20:00,71.19883423,0.474095345,1.095011115,0.8450,5/16/23 20:00,5.765,
5/17/23 4:00,5/16/23 20:00,5/16/23 21:00,70.55143738,0.47799015,1.103361607,0.8534,5/16/23 21:00,5.838,
5/17/23 5:00,5/16/23 21:00,5/16/23 22:00,69.91922913,0.483046532,1.110374451,0.8604,5/16/23 22:00,5.900,
5/17/23 6:00,5/16/23 22:00,5/16/23 23:00,69.18141479,0.486862183,1.121963143,0.8720,5/16/23 23:00,6.002,
5/17/23 7:00,5/16/23 23:00,5/17/23 0:00,68.28572693,0.489408493,1.127152443,0.8772,5/17/23 0:00,6.047,
5/17/23 8:00,5/17/23 0:00,5/17/23 1:00,67.28643799,0.490631104,1.130240917,0.8802,5/17/23 1:00,6.074,
5/17/23 9:00,5/17/23 1:00,5/17/23 2:00,66.2431488,0.490540504,1.129063964,0.8791,5/17/23 2:00,6.064,
5/17/23 10:00,5/17/23 2:00,5/17/23 3:00,65.25102844,0.489411354,1.128197312,0.8782,5/17/23 3:00,6.056,
5/17/23 11:00,5/17/23 3:00,5/17/23 4:00,64.40285645,0.488958359,1.132676125,0.8827,5/17/23 4:00,6.096,
5/17/23 12:00,5/17/23 4:00,5/17/23 5:00,63.69371643,0.490641594,1.131109953,0.8811,5/17/23 5:00,6.082,
5/17/23 13:00,5/17/23 5:00,5/17/23 6:00,63.07301636,0.491641045,1.134673595,0.8847,5/17/23 6:00,6.114,
5/17/23 14:00,5/17/23 6:00,5/17/23 7:00,62.59969788,0.488664627,1.127178788,0.8772,5/17/23 7:00,6.047,
5/17/23 15:00,5/17/23 7:00,5/17/23 8:00,62.68602295,0.474754333,1.095294952,0.8453,5/17/23 8:00,5.768,
5/17/23 16:00,5/17/23 8:00,5/17/23 9:00,63.02989502,0.469626427,1.082828522,0.8328,5/17/23 9:00,5.659,
5/17/23 17:00,5/17/23 9:00,5/17/23 10:00,63.92495117,0.468267441,1.079667449,0.8297,5/17/23 10:00,5.632,
5/17/23 18:00,5/17/23 10:00,5/17/23 11:00,65.09450073,0.467422485,1.078360796,0.8284,5/17/23 11:00,5.621,
5/17/23 19:00,5/17/23 11:00,5/17/23 12:00,66.30049744,0.468575478,1.077731729,0.8277,5/17/23 12:00,5.615,
5/17/23 20:00,5/17/23 12:00,5/17/23 13:00,67.59619751,0.467068672,1.076770306,0.8268,5/17/23 13:00,5.607,
5/17/23 21:00,5/17/23 13:00,5/17/23 14:00,69.07874756,0.463514328,1.068199873,0.8182,5/17/23 14:00,5.533,
5/17/23 22:00,5/17/23 14:00,5/17/23 15:00,70.25420227,0.460879326,1.059853911,0.8099,5/17/23 15:00,5.461,
5/17/23 23:00,5/17/23 15:00,5/17/23 16:00,71.26626282,0.460740089,1.062453985,0.8125,5/17/23 16:00,5.483,
5/18/23 0:00,5/17/23 16:00,5/17/23 17:00,71.94562988,0.461081505,1.064158916,0.8142,5/17/23 17:00,5.498,
5/18/23 1:00,5/17/23 17:00,5/17/23 18:00,72.14000549,0.462122917,1.067454219,0.8175,5/17/23 18:00,5.526,
5/18/23 2:00,5/17/23 18:00,5/17/23 19:00,71.75117188,0.463453293,1.069469213,0.8195,5/17/23 19:00,5.544,
5/18/23 3:00,5/17/23 19:00,5/17/23 20:00,71.11451416,0.467556953,1.076528311,0.8265,5/17/23 20:00,5.605,
5/18/23 4:00,5/17/23 20:00,5/17/23 21:00,70.48524475,0.471263885,1.085972071,0.8360,5/17/23 21:00,5.687,
5/18/23 5:00,5/17/23 21:00,5/17/23 22:00,69.84391785,0.47409153,1.088939667,0.8389,5/17/23 22:00,5.713,
5/18/23 6:00,5/17/23 22:00,5/17/23 23:00,69.08654785,0.475515366,1.092674851,0.8427,5/17/23 23:00,5.745,
5/18/23 7:00,5/17/23 23:00,5/18/23 0:00,68.26100769,0.478188515,1.100196004,0.8502,5/18/23 0:00,5.811,
5/18/23 8:00,5/18/23 0:00,5/18/23 1:00,67.35411377,0.478951454,1.104338288,0.8543,5/18/23 1:00,5.847,
5/18/23 9:00,5/18/23 1:00,5/18/23 2:00,66.42431335,0.478603363,1.102206588,0.8522,5/18/23 2:00,5.828,
5/18/23 10:00,5/18/23 2:00,5/18/23 3:00,65.49099731,0.47754097,1.103462815,0.8535,5/18/23 3:00,5.839,
5/18/23 11:00,5/18/23 3:00,5/18/23 4:00,64.64952698,0.480126381,1.103482485,0.8535,5/18/23 4:00,5.839,
5/18/23 12:00,5/18/23 4:00,5/18/23 5:00,63.92624207,0.478971481,1.102556348,0.8526,5/18/23 5:00,5.831,
5/18/23 13:00,5/18/23 5:00,5/18/23 6:00,63.31350708,0.479198456,1.104111671,0.8541,5/18/23 6:00,5.845,
5/18/23 14:00,5/18/23 6:00,5/18/23 7:00,62.81286011,0.477502823,1.09947443,0.8495,5/18/23 7:00,5.804,
5/18/23 15:00,5/18/23 7:00,5/18/23 8:00,62.88605652,0.462291718,1.064702272,0.8147,5/18/23 8:00,5.503,
5/18/23 16:00,5/18/23 8:00,5/18/23 9:00,63.19326172,0.45794487,1.054431319,0.8044,5/18/23 9:00,5.414,
5/18/23 17:00,5/18/23 9:00,5/18/23 10:00,64.06337891,0.454329491,1.050907254,0.8009,5/18/23 10:00,5.384,
5/18/23 18:00,5/18/23 10:00,5/18/23 11:00,65.28623962,0.454752922,1.048769116,0.7988,5/18/23 11:00,5.365,
5/18/23 19:00,5/18/23 11:00,5/18/23 12:00,66.55065613,0.454295158,1.045592546,0.7956,5/18/23 12:00,5.338,
5/18/23 20:00,5/18/23 12:00,5/18/23 13:00,67.98656921,0.453933716,1.044237494,0.7942,5/18/23 13:00,5.327,
5/18/23 21:00,5/18/23 13:00,5/18/23 14:00,69.09824829,0.454190254,1.044391394,0.7944,5/18/23 14:00,5.328,
5/18/23 22:00,5/18/23 14:00,5/18/23 15:00,70.1438446,0.455681801,1.047794461,0.7978,5/18/23 15:00,5.357,
5/18/23 23:00,5/18/23 15:00,5/18/23 16:00,70.8394989,0.453321457,1.045574903,0.7956,5/18/23 16:00,5.338,
5/19/23 0:00,5/18/23 16:00,5/18/23 17:00,71.19232483,0.45333004,1.045880675,0.7959,5/18/23 17:00,5.341,
5/19/23 1:00,5/18/23 17:00,5/18/23 18:00,71.19751587,0.45313549,1.047801137,0.7978,5/18/23 18:00,5.357,
5/19/23 2:00,5/18/23 18:00,5/18/23 19:00,70.71494141,0.457119942,1.051820159,0.8018,5/18/23 19:00,5.392,
5/19/23 3:00,5/18/23 19:00,5/18/23 20:00,70.07246094,0.457382202,1.054873586,0.8049,5/18/23 20:00,5.418,
5/19/23 4:00,5/18/23 20:00,5/18/23 21:00,69.25546265,0.461820602,1.064545989,0.8145,5/18/23 21:00,5.501,
5/19/23 5:00,5/18/23 21:00,5/18/23 22:00,68.66022339,0.464858055,1.067964554,0.8180,5/18/23 22:00,5.531,
5/19/23 6:00,5/18/23 22:00,5/18/23 23:00,68.12052002,0.467886925,1.078384995,0.8284,5/18/23 23:00,5.621,
5/19/23 7:00,5/18/23 23:00,5/19/23 0:00,67.47776489,0.467571259,1.076205015,0.8262,5/19/23 0:00,5.602,
5/19/23 8:00,5/19/23 0:00,5/19/23 1:00,66.75906677,0.467673302,1.080877304,0.8309,5/19/23 1:00,5.643,
5/19/23 9:00,5/19/23 1:00,5/19/23 2:00,66.01249084,0.46941185,1.080501199,0.8305,5/19/23 2:00,5.639,
5/19/23 10:00,5/19/23 2:00,5/19/23 3:00,65.26800232,0.470121384,1.079832554,0.8298,5/19/23 3:00,5.633,
5/19/23 11:00,5/19/23 3:00,5/19/23 4:00,64.53337402,0.467071533,1.080056787,0.8301,5/19/23 4:00,5.635,
5/19/23 12:00,5/19/23 4:00,5/19/23 5:00,63.89619446,0.469349861,1.085642099,0.8356,5/19/23 5:00,5.684,
5/19/23 13:00,5/19/23 5:00,5/19/23 6:00,63.31743469,0.469911575,1.082049847,0.8320,5/19/23 6:00,5.653,
5/19/23 14:00,5/19/23 6:00,5/19/23 7:00,62.88476563,0.467164993,1.08123374,0.8312,5/19/23 7:00,5.646,
5/19/23 15:00,5/19/23 7:00,5/19/23 8:00,63.03379517,0.454316139,1.048513889,0.7985,5/19/23 8:00,5.363,
5/19/23 16:00,5/19/23 8:00,5/19/23 9:00,63.40367737,0.44816494,1.033205509,0.7832,5/19/23 9:00,5.232,
5/19/23 17:00,5/19/23 9:00,5/19/23 10:00,64.30886841,0.446548462,1.028409958,0.7784,5/19/23 10:00,5.191,
5/19/23 18:00,5/19/23 10:00,5/19/23 11:00,65.62269592,0.446334839,1.028885007,0.7789,5/19/23 11:00,5.195,
5/19/23 19:00,5/19/23 11:00,5/19/23 12:00,66.9648407,0.445631027,1.027233005,0.7772,5/19/23 12:00,5.181,
5/19/23 20:00,5/19/23 12:00,5/19/23 13:00,68.47427979,0.445281982,1.027160406,0.7772,5/19/23 13:00,5.181,
5/19/23 21:00,5/19/23 13:00,5/19/23 14:00,69.51921692,0.4442873,1.027017355,0.7770,5/19/23 14:00,5.179,
5/19/23 22:00,5/19/23 14:00,5/19/23 15:00,70.63449402,0.445606232,1.024342418,0.7743,5/19/23 15:00,5.157,
5/19/23 23:00,5/19/23 15:00,5/19/23 16:00,71.26494446,0.444059372,1.024153352,0.7742,5/19/23 16:00,5.155,
5/20/23 0:00,5/19/23 16:00,5/19/23 17:00,71.60340576,0.444857597,1.023684621,0.7737,5/19/23 17:00,5.151,
5/20/23 1:00,5/19/23 17:00,5/19/23 18:00,71.48283081,0.446796417,1.028508902,0.7785,5/19/23 18:00,5.192,
5/20/23 2:00,5/19/23 18:00,5/19/23 19:00,70.9835022,0.448988914,1.034525394,0.7845,5/19/23 19:00,5.243,
5/20/23 3:00,5/19/23 19:00,5/19/23 20:00,70.3528595,0.450697899,1.039133906,0.7891,5/19/23 20:00,5.283,
5/20/23 4:00,5/19/23 20:00,5/19/23 21:00,69.75561523,0.456744194,1.051677227,0.8017,5/19/23 21:00,5.390,
5/20/23 5:00,5/19/23 21:00,5/19/23 22:00,69.1749054,0.460178375,1.061004281,0.8110,5/19/23 22:00,5.471,
5/20/23 6:00,5/19/23 22:00,5/19/23 23:00,68.6250946,0.463340759,1.068404436,0.8184,5/19/23 23:00,5.535,
5/20/23 7:00,5/19/23 23:00,5/20/23 0:00,67.97223206,0.464152336,1.070841789,0.8208,5/20/23 0:00,5.556,
5/20/23 8:00,5/20/23 0:00,5/20/23 1:00,67.25518188,0.464864731,1.069636345,0.8196,5/20/23 1:00,5.545,
5/20/23 9:00,5/20/23 1:00,5/20/23 2:00,66.50113525,0.46482563,1.073287964,0.8233,5/20/23 2:00,5.577,
5/20/23 10:00,5/20/23 2:00,5/20/23 3:00,65.74005737,0.464748383,1.072416902,0.8224,5/20/23 3:00,5.569,
5/20/23 11:00,5/20/23 3:00,5/20/23 4:00,64.99664001,0.465145111,1.072861314,0.8229,5/20/23 4:00,5.573,
5/20/23 12:00,5/20/23 4:00,5/20/23 5:00,64.3101593,0.465702057,1.073622465,0.8236,5/20/23 5:00,5.580,
5/20/23 13:00,5/20/23 5:00,5/20/23 6:00,63.718573,0.465092659,1.073006511,0.8230,5/20/23 6:00,5.574,
5/20/23 14:00,5/20/23 6:00,5/20/23 7:00,63.27692261,0.463495255,1.068655252,0.8187,5/20/23 7:00,5.537,
5/20/23 15:00,5/20/23 7:00,5/20/23 8:00,63.47555542,0.449448586,1.03584528,0.7858,5/20/23 8:00,5.255,
5/20/23 16:00,5/20/23 8:00,5/20/23 9:00,63.85960999,0.444735527,1.024784684,0.7748,5/20/23 9:00,5.160,
5/20/23 17:00,5/20/23 9:00,5/20/23 10:00,64.75002441,0.443216324,1.018805504,0.7688,5/20/23 10:00,5.110,
5/20/23 18:00,5/20/23 10:00,5/20/23 11:00,66.09458618,0.441561699,1.018326044,0.7683,5/20/23 11:00,5.105,
5/20/23 19:00,5/20/23 11:00,5/20/23 12:00,67.4178894,0.44132328,1.016889453,0.7669,5/20/23 12:00,5.093,
5/20/23 20:00,5/20/23 12:00,5/20/23 13:00,68.97218018,0.442264557,1.019021153,0.7690,5/20/23 13:00,5.111,
5/20/23 21:00,5/20/23 13:00,5/20/23 14:00,69.85951843,0.440620422,1.016258121,0.7663,5/20/23 14:00,5.088,
5/20/23 22:00,5/20/23 14:00,5/20/23 15:00,71.03277588,0.440220833,1.015296936,0.7653,5/20/23 15:00,5.080,
5/20/23 23:00,5/20/23 15:00,5/20/23 16:00,71.66045227,0.438103676,1.008739233,0.7587,5/20/23 16:00,5.024,
5/21/23 0:00,5/20/23 16:00,5/20/23 17:00,71.87042847,0.438200951,1.011566043,0.7616,5/20/23 17:00,5.048,
5/21/23 1:00,5/20/23 17:00,5/20/23 18:00,71.85359192,0.440439224,1.014656782,0.7647,5/20/23 18:00,5.074,
5/21/23 2:00,5/20/23 18:00,5/20/23 19:00,71.39076538,0.442256927,1.019232273,0.7692,5/20/23 19:00,5.113,
5/21/23 3:00,5/20/23 19:00,5/20/23 20:00,70.8394989,0.446012497,1.026845813,0.7768,5/20/23 20:00,5.178,
5/21/23 4:00,5/20/23 20:00,5/20/23 21:00,70.18800964,0.450579643,1.041476727,0.7915,5/20/23 21:00,5.303,
5/21/23 5:00,5/20/23 21:00,5/20/23 22:00,69.54649048,0.45550251,1.050645471,0.8006,5/20/23 22:00,5.381,
5/21/23 6:00,5/20/23 22:00,5/20/23 23:00,69.02675476,0.460597038,1.057434082,0.8074,5/20/23 23:00,5.440,
5/21/23 7:00,5/20/23 23:00,5/21/23 0:00,68.44305115,0.461043358,1.05979228,0.8098,5/21/23 0:00,5.460,
5/21/23 8:00,5/21/23 0:00,5/21/23 1:00,67.78878784,0.461041451,1.06263876,0.8126,5/21/23 1:00,5.485,
5/21/23 9:00,5/21/23 1:00,5/21/23 2:00,67.07030945,0.461689949,1.064603209,0.8146,5/21/23 2:00,5.502,
5/21/23 10:00,5/21/23 2:00,5/21/23 3:00,66.31483459,0.461856842,1.06463623,0.8146,5/21/23 3:00,5.502,
5/21/23 11:00,5/21/23 3:00,5/21/23 4:00,65.56534729,0.46098423,1.066745877,0.8167,5/21/23 4:00,5.520,
5/21/23 12:00,5/21/23 4:00,5/21/23 5:00,64.87139587,0.460765839,1.063032508,0.8130,5/21/23 5:00,5.488,
5/21/23 13:00,5/21/23 5:00,5/21/23 6:00,64.22919006,0.462386131,1.068241715,0.8182,5/21/23 6:00,5.533,
5/21/23 14:00,5/21/23 6:00,5/21/23 7:00,63.73551941,0.460022926,1.061494827,0.8115,5/21/23 7:00,5.475,
5/21/23 15:00,5/21/23 7:00,5/21/23 8:00,63.98630981,0.444897652,1.023695707,0.7737,5/21/23 8:00,5.151,
5/21/23 16:00,5/21/23 8:00,5/21/23 9:00,64.3806366,0.439481735,1.013345599,0.7633,5/21/23 9:00,5.063,
5/21/23 17:00,5/21/23 9:00,5/21/23 10:00,64.82440186,0.441511154,1.020290494,0.7703,5/21/23 10:00,5.122,
5/21/23 18:00,5/21/23 10:00,5/21/23 11:00,66.0203186,0.438789368,1.012340307,0.7623,5/21/23 11:00,5.055,
5/21/23 19:00,5/21/23 11:00,5/21/23 12:00,66.71479187,0.439256668,1.015470624,0.7655,5/21/23 12:00,5.081,
5/21/23 20:00,5/21/23 12:00,5/21/23 13:00,68.27921753,0.437132835,1.009663224,0.7597,5/21/23 13:00,5.032,
5/21/23 21:00,5/21/23 13:00,5/21/23 14:00,69.61273804,0.435896873,1.002384067,0.7524,5/21/23 14:00,4.970,
5/21/23 22:00,5/21/23 14:00,5/21/23 15:00,70.7162323,0.435118675,1.003050566,0.7531,5/21/23 15:00,4.976,
5/21/23 23:00,5/21/23 15:00,5/21/23 16:00,71.44781189,0.434329987,1.001396298,0.7514,5/21/23 16:00,4.962,
5/22/23 0:00,5/21/23 16:00,5/21/23 17:00,71.53468628,0.4360075,1.002500534,0.7525,5/21/23 17:00,4.971,
5/22/23 1:00,5/21/23 17:00,5/21/23 18:00,71.41669312,0.434684753,1.002819657,0.7528,5/21/23 18:00,4.974,
5/22/23 2:00,5/21/23 18:00,5/21/23 19:00,70.96921997,0.438269615,1.008165002,0.7582,5/21/23 19:00,5.019,
5/22/23 3:00,5/21/23 19:00,5/21/23 20:00,70.3463501,0.442028999,1.017835498,0.7678,5/21/23 20:00,5.101,
5/22/23 4:00,5/21/23 20:00,5/21/23 21:00,69.81403503,0.446942329,1.025829434,0.7758,5/21/23 21:00,5.169,
5/22/23 5:00,5/21/23 21:00,5/21/23 22:00,69.26977234,0.451102257,1.038038373,0.7880,5/21/23 22:00,5.273,
5/22/23 6:00,5/21/23 22:00,5/21/23 23:00,68.82922058,0.452699661,1.044772029,0.7948,5/21/23 23:00,5.331,
5/22/23 7:00,5/21/23 23:00,5/22/23 0:00,68.37023926,0.453673363,1.046670437,0.7967,5/22/23 0:00,5.347,
5/22/23 8:00,5/22/23 0:00,5/22/23 1:00,67.86555481,0.455309868,1.050368309,0.8004,5/22/23 1:00,5.379,
5/22/23 9:00,5/22/23 1:00,5/22/23 2:00,67.28121948,0.456207275,1.05271554,0.8027,5/22/23 2:00,5.399,
5/22/23 10:00,5/22/23 2:00,5/22/23 3:00,66.67831726,0.455611229,1.049279451,0.7993,5/22/23 3:00,5.370,
5/22/23 11:00,5/22/23 3:00,5/22/23 4:00,66.03072815,0.454944611,1.050504684,0.8005,5/22/23 4:00,5.380,
5/22/23 12:00,5/22/23 4:00,5/22/23 5:00,65.37492676,0.455871582,1.04878664,0.7988,5/22/23 5:00,5.366,
5/22/23 13:00,5/22/23 5:00,5/22/23 6:00,64.76309814,0.45488739,1.048590899,0.7986,5/22/23 6:00,5.364,
5/22/23 14:00,5/22/23 6:00,5/22/23 7:00,64.29972229,0.452356339,1.043630362,0.7936,5/22/23 7:00,5.321,
5/22/23 15:00,5/22/23 7:00,5/22/23 8:00,64.47723389,0.440189362,1.012793541,0.7628,5/22/23 8:00,5.059,
5/22/23 16:00,5/22/23 8:00,5/22/23 9:00,64.92619019,0.434804916,1.000817776,0.7508,5/22/23 9:00,4.957,
5/22/23 17:00,5/22/23 9:00,5/22/23 10:00,65.7791687,0.433405876,0.997245252,0.7472,5/22/23 10:00,4.927,
5/22/23 18:00,5/22/23 10:00,5/22/23 11:00,67.18357849,0.431650162,0.996072829,0.7461,5/22/23 11:00,4.917,
5/22/23 19:00,5/22/23 11:00,5/22/23 12:00,68.52888184,0.431174278,0.992484927,0.7425,5/22/23 12:00,4.887,
5/22/23 20:00,5/22/23 12:00,5/22/23 13:00,70.01662292,0.430391312,0.99346602,0.7435,5/22/23 13:00,4.895,
5/22/23 21:00,5/22/23 13:00,5/22/23 14:00,71.1197052,0.429795265,0.98993969,0.7399,5/22/23 14:00,4.866,
5/22/23 22:00,5/22/23 14:00,5/22/23 15:00,72.02470398,0.426808357,0.9859097,0.7359,5/22/23 15:00,4.832,
5/22/23 23:00,5/22/23 15:00,5/22/23 16:00,72.32399902,0.424770355,0.980869949,0.7309,5/22/23 16:00,4.790,
5/23/23 0:00,5/22/23 16:00,5/22/23 17:00,72.24110718,0.42695713,0.982038081,0.7320,5/22/23 17:00,4.799,
5/23/23 1:00,5/22/23 17:00,5/22/23 18:00,72.06227722,0.429196358,0.987396777,0.7374,5/22/23 18:00,4.844,
5/23/23 2:00,5/22/23 18:00,5/22/23 19:00,71.62546082,0.432275772,0.996316969,0.7463,5/22/23 19:00,4.919,
5/23/23 3:00,5/22/23 19:00,5/22/23 20:00,71.01074829,0.436250687,1.003721476,0.7537,5/22/23 20:00,4.982,
5/23/23 4:00,5/22/23 20:00,5/22/23 21:00,70.37620544,0.441248894,1.017237067,0.7672,5/22/23 21:00,5.096,
5/23/23 5:00,5/22/23 21:00,5/22/23 22:00,69.76989746,0.445465088,1.025990129,0.7760,5/22/23 22:00,5.171,
5/23/23 6:00,5/22/23 22:00,5/22/23 23:00,69.24118042,0.44600296,1.031498432,0.7815,5/22/23 23:00,5.218,
5/23/23 7:00,5/22/23 23:00,5/23/23 0:00,68.74341736,0.449016571,1.035213947,0.7852,5/23/23 0:00,5.249,
5/23/23 8:00,5/23/23 0:00,5/23/23 1:00,68.22848816,0.447590828,1.033513427,0.7835,5/23/23 1:00,5.235,
5/23/23 9:00,5/23/23 1:00,5/23/23 2:00,67.74066772,0.448820114,1.035473466,0.7855,5/23/23 2:00,5.252,
5/23/23 10:00,5/23/23 2:00,5/23/23 3:00,67.17445984,0.449067116,1.032772064,0.7828,5/23/23 3:00,5.228,
5/23/23 11:00,5/23/23 3:00,5/23/23 4:00,66.58713074,0.449819565,1.033810377,0.7838,5/23/23 4:00,5.237,
5/23/23 12:00,5/23/23 4:00,5/23/23 5:00,66.00469055,0.448784828,1.03568244,0.7857,5/23/23 5:00,5.253,
5/23/23 13:00,5/23/23 5:00,5/23/23 6:00,65.41406555,0.449584007,1.03508842,0.7851,5/23/23 6:00,5.248,
5/23/23 14:00,5/23/23 6:00,5/23/23 7:00,64.9301178,0.446876526,1.029813409,0.7798,5/23/23 7:00,5.203,
5/23/23 15:00,5/23/23 7:00,5/23/23 8:00,65.09189148,0.435064316,1.00127089,0.7513,5/23/23 8:00,4.961,
5/23/23 16:00,5/23/23 8:00,5/23/23 9:00,65.59792175,0.427587509,0.98512435,0.7351,5/23/23 9:00,4.825,
5/23/23 17:00,5/23/23 9:00,5/23/23 10:00,66.40733948,0.426065445,0.980518043,0.7305,5/23/23 10:00,4.787,
5/23/23 18:00,5/23/23 10:00,5/23/23 11:00,67.75107727,0.425492287,0.981202066,0.7312,5/23/23 11:00,4.792,
5/23/23 19:00,5/23/23 11:00,5/23/23 12:00,69.29185486,0.424670219,0.980995357,0.7310,5/23/23 12:00,4.791,
5/23/23 20:00,5/23/23 12:00,5/23/23 13:00,70.59554749,0.427746773,0.984459996,0.7345,5/23/23 13:00,4.820,
5/23/23 21:00,5/23/23 13:00,5/23/23 14:00,71.56448669,0.426506996,0.984985709,0.7350,5/23/23 14:00,4.824,
5/23/23 22:00,5/23/23 14:00,5/23/23 15:00,72.37585449,0.424654961,0.981019497,0.7310,5/23/23 15:00,4.791,
5/23/23 23:00,5/23/23 15:00,5/23/23 16:00,72.49631958,0.424251556,0.978579998,0.7286,5/23/23 16:00,4.770,
5/24/23 0:00,5/23/23 16:00,5/23/23 17:00,72.14777832,0.425354004,0.980207801,0.7302,5/23/23 17:00,4.784,
5/24/23 1:00,5/23/23 17:00,5/23/23 18:00,71.82637329,0.426431656,0.980830312,0.7308,5/23/23 18:00,4.789,
5/24/23 2:00,5/23/23 18:00,5/23/23 19:00,71.19751587,0.42858696,0.991600633,0.7416,5/23/23 19:00,4.880,
5/24/23 3:00,5/23/23 19:00,5/23/23 20:00,70.49304504,0.432761192,1.002799749,0.7528,5/23/23 20:00,4.974,
5/24/23 4:00,5/23/23 20:00,5/23/23 21:00,69.70235901,0.440310478,1.01335001,0.7634,5/23/23 21:00,5.063,
5/24/23 5:00,5/23/23 21:00,5/23/23 22:00,68.87209473,0.442671776,1.020554304,0.7706,5/23/23 22:00,5.124,
5/24/23 6:00,5/23/23 22:00,5/23/23 23:00,68.21417847,0.444155693,1.019903183,0.7699,5/23/23 23:00,5.119,
5/24/23 7:00,5/23/23 23:00,5/24/23 0:00,67.63264465,0.444016457,1.02137053,0.7714,5/24/23 0:00,5.131,
5/24/23 8:00,5/24/23 0:00,5/24/23 1:00,67.04946289,0.443020821,1.019934058,0.7699,5/24/23 1:00,5.119,
5/24/23 9:00,5/24/23 1:00,5/24/23 2:00,66.54414673,0.441772461,1.018242359,0.7682,5/24/23 2:00,5.105,
5/24/23 10:00,5/24/23 2:00,5/24/23 3:00,66.01770935,0.442568779,1.019681096,0.7697,5/24/23 3:00,5.117,
5/24/23 11:00,5/24/23 3:00,5/24/23 4:00,65.48448792,0.440489769,1.015452981,0.7655,5/24/23 4:00,5.081,
5/24/23 12:00,5/24/23 4:00,5/24/23 5:00,64.96403809,0.440581322,1.01504612,0.7650,5/24/23 5:00,5.078,
5/24/23 13:00,5/24/23 5:00,5/24/23 6:00,64.3492981,0.439579964,1.014447689,0.7644,5/24/23 6:00,5.073,
5/24/23 14:00,5/24/23 6:00,5/24/23 7:00,64.0385498,0.436999321,1.00635457,0.7564,5/24/23 7:00,5.004,
5/24/23 15:00,5/24/23 7:00,5/24/23 8:00,64.30491333,0.425120354,0.978667915,0.7287,5/24/23 8:00,4.771,
5/24/23 16:00,5/24/23 8:00,5/24/23 9:00,64.98881226,0.420218468,0.9691208,0.7191,5/24/23 9:00,4.691,
5/24/23 17:00,5/24/23 9:00,5/24/23 10:00,65.82478943,0.417079926,0.960992515,0.7110,5/24/23 10:00,4.624,
5/24/23 18:00,5/24/23 10:00,5/24/23 11:00,67.20571594,0.415676117,0.95862776,0.7086,5/24/23 11:00,4.604,
5/24/23 19:00,5/24/23 11:00,5/24/23 12:00,68.66277771,0.415437698,0.95717591,0.7072,5/24/23 12:00,4.592,
5/24/23 20:00,5/24/23 12:00,5/24/23 13:00,69.8724823,0.413841248,0.952549696,0.7025,5/24/23 13:00,4.554,
5/24/23 21:00,5/24/23 13:00,5/24/23 14:00,71.39853821,0.414393425,0.954078555,0.7041,5/24/23 14:00,4.566,
5/24/23 22:00,5/24/23 14:00,5/24/23 15:00,72.17241516,0.414077759,0.951700628,0.7017,5/24/23 15:00,4.547,
5/24/23 23:00,5/24/23 15:00,5/24/23 16:00,72.02335815,0.412424088,0.949265361,0.6993,5/24/23 16:00,4.526,
5/25/23 0:00,5/24/23 16:00,5/24/23 17:00,71.65784302,0.411037445,0.948326051,0.6983,5/24/23 17:00,4.519,
5/25/23 1:00,5/24/23 17:00,5/24/23 18:00,71.07172241,0.412097931,0.949661374,0.6997,5/24/23 18:00,4.530,
5/25/23 2:00,5/24/23 18:00,5/24/23 19:00,70.49040833,0.414762497,0.951922774,0.7019,5/24/23 19:00,4.548,
5/25/23 3:00,5/24/23 19:00,5/24/23 20:00,69.79717102,0.419013023,0.963273764,0.7133,5/24/23 20:00,4.643,
5/25/23 4:00,5/24/23 20:00,5/24/23 21:00,69.06572876,0.424168587,0.972856045,0.7229,5/24/23 21:00,4.723,
5/25/23 5:00,5/24/23 21:00,5/24/23 22:00,68.42745056,0.429655075,0.987159193,0.7372,5/24/23 22:00,4.842,
5/25/23 6:00,5/24/23 22:00,5/24/23 23:00,67.84212646,0.434066772,0.999783814,0.7498,5/24/23 23:00,4.949,
5/25/23 7:00,5/24/23 23:00,5/25/23 0:00,67.39185181,0.436174393,1.008035302,0.7580,5/25/23 0:00,5.018,
5/25/23 8:00,5/25/23 0:00,5/25/23 1:00,66.9648407,0.435770035,1.003998637,0.7540,5/25/23 1:00,4.984,
5/25/23 9:00,5/25/23 1:00,5/25/23 2:00,66.55194702,0.436535835,1.00433743,0.7543,5/25/23 2:00,4.987,
5/25/23 10:00,5/25/23 2:00,5/25/23 3:00,66.09590454,0.4357481,1.003763199,0.7538,5/25/23 3:00,4.982,
5/25/23 11:00,5/25/23 3:00,5/25/23 4:00,65.62533264,0.433989525,1.003536701,0.7535,5/25/23 4:00,4.980,
5/25/23 12:00,5/25/23 4:00,5/25/23 5:00,65.14536743,0.434184074,1.001196146,0.7512,5/25/23 5:00,4.960,
5/25/23 13:00,5/25/23 5:00,5/25/23 6:00,64.65084534,0.434644699,1.004262686,0.7543,5/25/23 6:00,4.986,
5/25/23 14:00,5/25/23 6:00,5/25/23 7:00,64.25921021,0.431443214,0.994671464,0.7447,5/25/23 7:00,4.905,
5/25/23 15:00,5/25/23 7:00,5/25/23 8:00,64.53076477,0.421347618,0.969943464,0.7199,5/25/23 8:00,4.698,
5/25/23 16:00,5/25/23 8:00,5/25/23 9:00,65.271875,0.418020248,0.961201489,0.7112,5/25/23 9:00,4.625,
5/25/23 17:00,5/25/23 9:00,5/25/23 10:00,66.1988739,0.41694355,0.957512438,0.7075,5/25/23 10:00,4.595,
5/25/23 18:00,5/25/23 10:00,5/25/23 11:00,67.67035522,0.414722443,0.953073204,0.7031,5/25/23 11:00,4.558,
5/25/23 19:00,5/25/23 11:00,5/25/23 12:00,69.19047852,0.412599564,0.950701833,0.7007,5/25/23 12:00,4.538,
5/25/23 20:00,5/25/23 12:00,5/25/23 13:00,70.63968506,0.411770821,0.952380359,0.7024,5/25/23 13:00,4.552,
5/25/23 21:00,5/25/23 13:00,5/25/23 14:00,71.72785339,0.413041115,0.952142775,0.7021,5/25/23 14:00,4.550,
5/25/23 22:00,5/25/23 14:00,5/25/23 15:00,72.22037048,0.411353111,0.946517885,0.6965,5/25/23 15:00,4.504,
5/25/23 23:00,5/25/23 15:00,5/25/23 16:00,72.23720703,0.409937859,0.945787489,0.6958,5/25/23 16:00,4.498,
5/26/23 0:00,5/25/23 16:00,5/25/23 17:00,71.69802551,0.410480499,0.942254603,0.6923,5/25/23 17:00,4.469,
5/26/23 1:00,5/25/23 17:00,5/25/23 18:00,71.2960907,0.410125732,0.945519149,0.6955,5/25/23 18:00,4.495,
5/26/23 2:00,5/25/23 18:00,5/25/23 19:00,70.64874878,0.413976669,0.954252362,0.7043,5/25/23 19:00,4.568,
5/26/23 3:00,5/25/23 19:00,5/25/23 20:00,69.89456482,0.415128708,0.957131922,0.7071,5/25/23 20:00,4.592,
5/26/23 4:00,5/25/23 20:00,5/25/23 21:00,69.08003845,0.420495987,0.970799208,0.7208,5/25/23 21:00,4.705,
5/26/23 5:00,5/25/23 21:00,5/25/23 22:00,68.30654602,0.42403698,0.980880976,0.7309,5/25/23 22:00,4.790,
5/26/23 6:00,5/25/23 22:00,5/25/23 23:00,67.67821045,0.428248405,0.982739806,0.7327,5/25/23 23:00,4.805,
5/26/23 7:00,5/25/23 23:00,5/26/23 0:00,67.14713135,0.429190636,0.988377869,0.7384,5/26/23 0:00,4.853,
5/26/23 8:00,5/26/23 0:00,5/26/23 1:00,66.71086426,0.427883148,0.986789584,0.7368,5/26/23 1:00,4.839,
5/26/23 9:00,5/26/23 1:00,5/26/23 2:00,66.26012268,0.42882061,0.990835011,0.7408,5/26/23 2:00,4.873,
5/26/23 10:00,5/26/23 2:00,5/26/23 3:00,65.81825256,0.429354668,0.990205944,0.7402,5/26/23 3:00,4.868,
5/26/23 11:00,5/26/23 3:00,5/26/23 4:00,65.3736084,0.428525925,0.9868204,0.7368,5/26/23 4:00,4.839,
5/26/23 12:00,5/26/23 4:00,5/26/23 5:00,64.93269958,0.428267479,0.988454819,0.7385,5/26/23 5:00,4.853,
5/26/23 13:00,5/26/23 5:00,5/26/23 6:00,64.48638,0.429023743,0.987484694,0.7375,5/26/23 6:00,4.845,
5/26/23 14:00,5/26/23 6:00,5/26/23 7:00,64.14042053,0.426540375,0.981364846,0.7314,5/26/23 7:00,4.794,
5/26/23 15:00,5/26/23 7:00,5/26/23 8:00,64.53469238,0.414067268,0.954428256,0.7044,5/26/23 8:00,4.569,
5/26/23 16:00,5/26/23 8:00,5/26/23 9:00,65.41406555,0.408425331,0.940862179,0.6909,5/26/23 9:00,4.457,
5/26/23 17:00,5/26/23 9:00,5/26/23 10:00,66.35391846,0.407169342,0.937960625,0.6880,5/26/23 10:00,4.433,
5/26/23 18:00,5/26/23 10:00,5/26/23 11:00,67.75236816,0.40616703,0.934000969,0.6840,5/26/23 11:00,4.401,
5/26/23 19:00,5/26/23 11:00,5/26/23 12:00,69.3360199,0.405238152,0.933145225,0.6831,5/26/23 12:00,4.394,
5/26/23 20:00,5/26/23 12:00,5/26/23 13:00,70.90305481,0.404352188,0.931750536,0.6818,5/26/23 13:00,4.382,
5/26/23 21:00,5/26/23 13:00,5/26/23 14:00,72.10372314,0.404522896,0.9321751,0.6822,5/26/23 14:00,4.386,
5/26/23 22:00,5/26/23 14:00,5/26/23 15:00,72.13484192,0.439351082,1.011691332,0.7617,5/26/23 15:00,5.049,
5/26/23 23:00,5/26/23 15:00,5/26/23 16:00,71.58266907,0.504179955,1.162905812,0.9129,5/26/23 16:00,6.364,
5/27/23 0:00,5/26/23 16:00,5/26/23 17:00,71.15991516,0.501915932,1.157729745,0.9077,5/26/23 17:00,6.318,
5/27/23 1:00,5/26/23 17:00,5/26/23 18:00,71.34278259,0.479073524,1.101744771,0.8517,5/26/23 18:00,5.824,
5/27/23 2:00,5/26/23 18:00,5/26/23 19:00,71.53078613,0.460554123,1.062544227,0.8125,5/26/23 19:00,5.484,
5/27/23 3:00,5/26/23 19:00,5/26/23 20:00,71.45171204,0.45046711,1.038986444,0.7890,5/26/23 20:00,5.282,
5/27/23 4:00,5/26/23 20:00,5/26/23 21:00,71.05354004,0.446718216,1.027965546,0.7780,5/26/23 21:00,5.187,
5/27/23 5:00,5/26/23 21:00,5/26/23 22:00,70.55401917,0.443664551,1.021412373,0.7714,5/26/23 22:00,5.132,
5/27/23 6:00,5/26/23 22:00,5/26/23 23:00,70.04257813,0.441431046,1.018829703,0.7688,5/26/23 23:00,5.110,
5/27/23 7:00,5/26/23 23:00,5/27/23 0:00,69.51012573,0.441703796,1.019922972,0.7699,5/27/23 0:00,5.119,
5/27/23 8:00,5/27/23 0:00,5/27/23 1:00,68.87989502,0.439652443,1.012756109,0.7628,5/27/23 1:00,5.058,
5/27/23 9:00,5/27/23 1:00,5/27/23 2:00,68.12573853,0.43940258,1.012498736,0.7625,5/27/23 2:00,5.056,
5/27/23 10:00,5/27/23 2:00,5/27/23 3:00,67.3736145,0.437917709,1.007797718,0.7578,5/27/23 3:00,5.016,
5/27/23 11:00,5/27/23 3:00,5/27/23 4:00,66.63530579,0.438287735,1.007436872,0.7574,5/27/23 4:00,5.013,
5/27/23 12:00,5/27/23 4:00,5/27/23 5:00,65.91993103,0.436167717,1.004291296,0.7543,5/27/23 5:00,4.987,
5/27/23 13:00,5/27/23 5:00,5/27/23 6:00,65.28365784,0.434998512,1.003787518,0.7538,5/27/23 6:00,4.982,
5/27/23 14:00,5/27/23 6:00,5/27/23 7:00,64.76046143,0.432971954,0.996754706,0.7468,5/27/23 7:00,4.923,
5/27/23 15:00,5/27/23 7:00,5/27/23 8:00,65.00578613,0.417891502,0.961951613,0.7120,5/27/23 8:00,4.632,
5/27/23 16:00,5/27/23 8:00,5/27/23 9:00,65.55359192,0.411759377,0.946799338,0.6968,5/27/23 9:00,4.506,
5/27/23 17:00,5/27/23 9:00,5/27/23 10:00,66.38256531,0.408774376,0.939551055,0.6896,5/27/23 10:00,4.446,
5/27/23 18:00,5/27/23 10:00,5/27/23 11:00,67.73544922,0.407130241,0.9383412,0.6883,5/27/23 11:00,4.436,
5/27/23 19:00,5/27/23 11:00,5/27/23 12:00,69.27496338,0.405083656,0.930762827,0.6808,5/27/23 12:00,4.374,
5/27/23 20:00,5/27/23 12:00,5/27/23 13:00,70.78761597,0.405130386,0.934858859,0.6849,5/27/23 13:00,4.408,
5/27/23 21:00,5/27/23 13:00,5/27/23 14:00,71.96504822,0.403960228,0.932001352,0.6820,5/27/23 14:00,4.384,
5/27/23 22:00,5/27/23 14:00,5/27/23 15:00,72.71264038,0.399235725,0.921726108,0.6717,5/27/23 15:00,4.300,
5/27/23 23:00,5/27/23 15:00,5/27/23 16:00,72.87191467,0.397090912,0.915643632,0.6656,5/27/23 16:00,4.250,
5/28/23 0:00,5/27/23 16:00,5/27/23 17:00,72.44710083,0.396635056,0.917271495,0.6673,5/27/23 17:00,4.263,
5/28/23 1:00,5/27/23 17:00,5/27/23 18:00,72.00654907,0.396580696,0.915181637,0.6652,5/27/23 18:00,4.246,
5/28/23 2:00,5/27/23 18:00,5/27/23 19:00,71.14953308,0.398483276,0.918459356,0.6685,5/27/23 19:00,4.273,
5/28/23 3:00,5/27/23 19:00,5/27/23 20:00,70.24250183,0.401808739,0.926389635,0.6764,5/27/23 20:00,4.338,
5/28/23 4:00,5/27/23 20:00,5/27/23 21:00,69.31912842,0.405599594,0.933360815,0.6834,5/27/23 21:00,4.395,
5/28/23 5:00,5/27/23 21:00,5/27/23 22:00,68.46906128,0.407930374,0.938910902,0.6889,5/27/23 22:00,4.441,
5/28/23 6:00,5/27/23 22:00,5/27/23 23:00,68.01777039,0.408706665,0.937648237,0.6876,5/27/23 23:00,4.431,
5/28/23 7:00,5/27/23 23:00,5/28/23 0:00,67.65865479,0.408923149,0.940831363,0.6908,5/28/23 0:00,4.457,
5/28/23 8:00,5/28/23 0:00,5/28/23 1:00,67.34760437,0.408596039,0.941579282,0.6916,5/28/23 1:00,4.463,
5/28/23 9:00,5/28/23 1:00,5/28/23 2:00,67.11326599,0.407689095,0.938451171,0.6885,5/28/23 2:00,4.437,
5/28/23 10:00,5/28/23 2:00,5/28/23 3:00,66.83849792,0.407893181,0.940224171,0.6902,5/28/23 3:00,4.452,
5/28/23 11:00,5/28/23 3:00,5/28/23 4:00,66.53763733,0.406855583,0.937940776,0.6879,5/28/23 4:00,4.433,
5/28/23 12:00,5/28/23 4:00,5/28/23 5:00,66.27185059,0.40525341,0.93570143,0.6857,5/28/23 5:00,4.415,
5/28/23 13:00,5/28/23 5:00,5/28/23 6:00,65.95904236,0.406470299,0.93712467,0.6871,5/28/23 6:00,4.426,
5/28/23 14:00,5/28/23 6:00,5/28/23 7:00,65.76351318,0.405981064,0.933616042,0.6836,5/28/23 7:00,4.397,
5/28/23 15:00,5/28/23 7:00,5/28/23 8:00,65.94992371,0.398852348,0.922429979,0.6724,5/28/23 8:00,4.306,
5/28/23 16:00,5/28/23 8:00,5/28/23 9:00,66.71347351,0.392857552,0.903797686,0.6538,5/28/23 9:00,4.154,
5/28/23 17:00,5/28/23 9:00,5/28/23 10:00,67.87338257,0.388295174,0.892561078,0.6426,5/28/23 10:00,4.063,
5/28/23 18:00,5/28/23 10:00,5/28/23 11:00,69.06965637,0.387786865,0.889659584,0.6397,5/28/23 11:00,4.039,
5/28/23 19:00,5/28/23 11:00,5/28/23 12:00,70.38919678,0.386746407,0.888121843,0.6381,5/28/23 12:00,4.027,
5/28/23 20:00,5/28/23 12:00,5/28/23 13:00,71.28699951,0.386170387,0.891936302,0.6419,5/28/23 13:00,4.058,
5/28/23 21:00,5/28/23 13:00,5/28/23 14:00,72.19444275,0.385572433,0.889155805,0.6392,5/28/23 14:00,4.035,
5/28/23 22:00,5/28/23 14:00,5/28/23 15:00,70.69417725,0.388075829,0.894226313,0.6442,5/28/23 15:00,4.076,
5/28/23 23:00,5/28/23 15:00,5/28/23 16:00,70.3775238,0.389629364,0.895519793,0.6455,5/28/23 16:00,4.087,
5/29/23 0:00,5/28/23 16:00,5/28/23 17:00,69.49452515,0.393556595,0.906129479,0.6561,5/28/23 17:00,4.173,
5/29/23 1:00,5/28/23 17:00,5/28/23 18:00,68.68101501,0.398761749,0.915586412,0.6656,5/28/23 18:00,4.250,
5/29/23 2:00,5/28/23 18:00,5/28/23 19:00,68.41967773,0.398563385,0.919117093,0.6691,5/28/23 19:00,4.279,
5/29/23 3:00,5/28/23 19:00,5/28/23 20:00,67.84992676,0.399882317,0.924101889,0.6741,5/28/23 20:00,4.319,
5/29/23 4:00,5/28/23 20:00,5/28/23 21:00,67.48037415,0.401618958,0.920476615,0.6705,5/28/23 21:00,4.290,
5/29/23 5:00,5/28/23 21:00,5/28/23 22:00,67.10804749,0.399681091,0.925621927,0.6756,5/28/23 22:00,4.332,
5/29/23 6:00,5/28/23 22:00,5/28/23 23:00,66.70828247,0.399329185,0.923789501,0.6738,5/28/23 23:00,4.317,
5/29/23 7:00,5/28/23 23:00,5/29/23 0:00,65.80391541,0.399082184,0.922553182,0.6726,5/29/23 0:00,4.307,
5/29/23 8:00,5/29/23 0:00,5/29/23 1:00,64.96274719,0.402573586,0.926695406,0.6767,5/29/23 1:00,4.341,
5/29/23 9:00,5/29/23 1:00,5/29/23 2:00,64.4171936,0.403101921,0.927999914,0.6780,5/29/23 2:00,4.351,
5/29/23 10:00,5/29/23 2:00,5/29/23 3:00,64.12998352,0.404150963,0.930644035,0.6806,5/29/23 3:00,4.373,
5/29/23 11:00,5/29/23 3:00,5/29/23 4:00,63.70028076,0.405055046,0.932142138,0.6821,5/29/23 4:00,4.385,
5/29/23 12:00,5/29/23 4:00,5/29/23 5:00,63.40631409,0.404893875,0.935692608,0.6857,5/29/23 5:00,4.414,
5/29/23 13:00,5/29/23 5:00,5/29/23 6:00,63.0272583,0.403622627,0.933140814,0.6831,5/29/23 6:00,4.393,
5/29/23 14:00,5/29/23 6:00,5/29/23 7:00,63.79432373,0.402985573,0.930208504,0.6802,5/29/23 7:00,4.369,
5/29/23 15:00,5/29/23 7:00,5/29/23 8:00,64.57775879,0.390114784,0.902264416,0.6523,5/29/23 8:00,4.141,
5/29/23 16:00,5/29/23 8:00,5/29/23 9:00,64.95750122,0.391703606,0.901714444,0.6517,5/29/23 9:00,4.137,
5/29/23 17:00,5/29/23 9:00,5/29/23 10:00,66.24578552,0.386048317,0.892899871,0.6429,5/29/23 10:00,4.065,
5/29/23 18:00,5/29/23 10:00,5/29/23 11:00,68.00085144,0.382964134,0.882708132,0.6327,5/29/23 11:00,3.983,
5/29/23 19:00,5/29/23 11:00,5/29/23 12:00,69.71403198,0.383340836,0.880127788,0.6301,5/29/23 12:00,3.963,
5/29/23 20:00,5/29/23 12:00,5/29/23 13:00,71.40372925,0.38481617,0.882175863,0.6322,5/29/23 13:00,3.979,
5/29/23 21:00,5/29/23 13:00,5/29/23 14:00,73.12701721,0.3826828,0.881357431,0.6314,5/29/23 14:00,3.972,
5/29/23 22:00,5/29/23 14:00,5/29/23 15:00,73.37426453,0.382138252,0.880013406,0.6300,5/29/23 15:00,3.962,
5/29/23 23:00,5/29/23 15:00,5/29/23 16:00,72.99364319,0.38189888,0.880074978,0.6301,5/29/23 16:00,3.962,
5/30/23 0:00,5/29/23 16:00,5/29/23 17:00,72.1192688,0.384428978,0.885004699,0.6350,5/29/23 17:00,4.002,
5/30/23 1:00,5/29/23 17:00,5/29/23 18:00,71.30257263,0.391895294,0.900359333,0.6504,5/29/23 18:00,4.126,
5/30/23 2:00,5/29/23 18:00,5/29/23 19:00,70.51507263,0.397830009,0.914803326,0.6648,5/29/23 19:00,4.243,
5/30/23 3:00,5/29/23 19:00,5/29/23 20:00,69.49323425,0.402924538,0.929612398,0.6796,5/29/23 20:00,4.365,
5/30/23 4:00,5/29/23 20:00,5/29/23 21:00,68.58870239,0.407286644,0.939894259,0.6899,5/29/23 21:00,4.449,
5/30/23 5:00,5/29/23 21:00,5/29/23 22:00,67.68991089,0.40923214,0.944159687,0.6942,5/29/23 22:00,4.484,
5/30/23 6:00,5/29/23 22:00,5/29/23 23:00,67.08330078,0.409093857,0.942740738,0.6927,5/29/23 23:00,4.473,
5/30/23 7:00,5/29/23 23:00,5/30/23 0:00,66.59232178,0.409147263,0.94046402,0.6905,5/30/23 0:00,4.454,
5/30/23 8:00,5/30/23 0:00,5/30/23 1:00,66.20145569,0.40567112,0.938517213,0.6885,5/30/23 1:00,4.438,
5/30/23 9:00,5/30/23 1:00,5/30/23 2:00,65.86255493,0.404762268,0.935279012,0.6853,5/30/23 2:00,4.411,
5/30/23 10:00,5/30/23 2:00,5/30/23 3:00,65.5262085,0.403687477,0.929984093,0.6800,5/30/23 3:00,4.368,
5/30/23 11:00,5/30/23 3:00,5/30/23 4:00,65.11144714,0.400562286,0.924354851,0.6744,5/30/23 4:00,4.321,
5/30/23 12:00,5/30/23 4:00,5/30/23 5:00,64.14432068,0.398597717,0.917841256,0.6678,5/30/23 5:00,4.268,
5/30/23 13:00,5/30/23 5:00,5/30/23 6:00,63.95887146,0.396015167,0.912330747,0.6623,5/30/23 6:00,4.223,
5/30/23 14:00,5/30/23 6:00,5/30/23 7:00,64.72132263,0.396190643,0.913747311,0.6637,5/30/23 7:00,4.235,
5/30/23 15:00,5/30/23 7:00,5/30/23 8:00,64.74483337,0.393755913,0.911736727,0.6617,5/30/23 8:00,4.218,
5/30/23 16:00,5/30/23 8:00,5/30/23 9:00,65.4114563,0.385624886,0.887714863,0.6377,5/30/23 9:00,4.024,
5/30/23 17:00,5/30/23 9:00,5/30/23 10:00,66.69784546,0.379480362,0.872934461,0.6229,5/30/23 10:00,3.905,
5/30/23 18:00,5/30/23 10:00,5/30/23 11:00,67.88247375,0.378423691,0.873948514,0.6239,5/30/23 11:00,3.913,
5/30/23 19:00,5/30/23 11:00,5/30/23 12:00,69.31135559,0.377968788,0.87312144,0.6231,5/30/23 12:00,3.906,
5/30/23 20:00,5/30/23 12:00,5/30/23 13:00,70.87841797,0.377840042,0.871260345,0.6213,5/30/23 13:00,3.891,
5/30/23 21:00,5/30/23 13:00,5/30/23 14:00,72.25404358,0.375091553,0.865611315,0.6156,5/30/23 14:00,3.846,
5/30/23 22:00,5/30/23 14:00,5/30/23 15:00,72.90687866,0.371543884,0.861524045,0.6115,5/30/23 15:00,3.814,
5/30/23 23:00,5/30/23 15:00,5/30/23 16:00,73.15030823,0.371118546,0.855030179,0.6050,5/30/23 16:00,3.762,
5/31/23 0:00,5/30/23 16:00,5/30/23 17:00,72.46264648,0.369509697,0.85253787,0.6025,5/30/23 17:00,3.742,
5/31/23 1:00,5/30/23 17:00,5/30/23 18:00,71.85620117,0.370113373,0.854253769,0.6043,5/30/23 18:00,3.756,
5/31/23 2:00,5/30/23 18:00,5/30/23 19:00,70.96792908,0.371990204,0.861178696,0.6112,5/30/23 19:00,3.811,
5/31/23 3:00,5/30/23 19:00,5/30/23 20:00,69.91793823,0.374817848,0.86122483,0.6112,5/30/23 20:00,3.811,
5/31/23 4:00,5/30/23 20:00,5/30/23 21:00,68.94619751,0.377780914,0.872721016,0.6227,5/30/23 21:00,3.903,
5/31/23 5:00,5/30/23 21:00,5/30/23 22:00,68.06591797,0.380447388,0.877067864,0.6271,5/30/23 22:00,3.938,
5/31/23 6:00,5/30/23 22:00,5/30/23 23:00,67.29160156,0.384358406,0.88517189,0.6352,5/30/23 23:00,4.003,
5/31/23 7:00,5/30/23 23:00,5/31/23 0:00,66.6262146,0.386762619,0.892123342,0.6421,5/31/23 0:00,4.059,
5/31/23 8:00,5/31/23 0:00,5/31/23 1:00,66.13237915,0.388895035,0.893139601,0.6431,5/31/23 1:00,4.067,
5/31/23 9:00,5/31/23 1:00,5/31/23 2:00,65.68399963,0.390203476,0.895246983,0.6452,5/31/23 2:00,4.084,
5/31/23 10:00,5/31/23 2:00,5/31/23 3:00,65.29406738,0.390132904,0.898705065,0.6487,5/31/23 3:00,4.112,
5/31/23 11:00,5/31/23 3:00,5/31/23 4:00,64.9431366,0.391646385,0.901298702,0.6513,5/31/23 4:00,4.133,
5/31/23 12:00,5/31/23 4:00,5/31/23 5:00,64.05294189,0.389405251,0.898834944,0.6488,5/31/23 5:00,4.114,
5/31/23 13:00,5/31/23 5:00,5/31/23 6:00,62.99328308,0.390798569,0.898071587,0.6481,5/31/23 6:00,4.107,
5/31/23 14:00,5/31/23 6:00,5/31/23 7:00,63.4219696,0.388993263,0.895073235,0.6451,5/31/23 7:00,4.083,
5/31/23 15:00,5/31/23 7:00,5/31/23 8:00,64.37019958,0.373494148,0.860809088,0.6108,5/31/23 8:00,3.808,
5/31/23 16:00,5/31/23 8:00,5/31/23 9:00,65.28233948,0.369145393,0.850478888,0.6005,5/31/23 9:00,3.726,
5/31/23 17:00,5/31/23 9:00,5/31/23 10:00,66.36045532,0.365843773,0.842117429,0.5921,5/31/23 10:00,3.660,
5/31/23 18:00,5/31/23 10:00,5/31/23 11:00,67.86816406,0.363837242,0.837412,0.5874,5/31/23 11:00,3.623,
5/31/23 19:00,5/31/23 11:00,5/31/23 12:00,69.68936768,0.364806175,0.841323256,0.5913,5/31/23 12:00,3.653,
5/31/23 20:00,5/31/23 12:00,5/31/23 13:00,71.49318542,0.366778374,0.846173882,0.5962,5/31/23 13:00,3.692,
5/31/23 21:00,5/31/23 13:00,5/31/23 14:00,72.86416931,0.367969513,0.847242951,0.5972,5/31/23 14:00,3.700,
5/31/23 22:00,5/31/23 14:00,5/31/23 15:00,73.6564209,0.365367889,0.840416968,0.5904,5/31/23 15:00,3.646,
5/31/23 23:00,5/31/23 15:00,5/31/23 16:00,73.71333008,0.363582611,0.840586364,0.5906,5/31/23 16:00,3.648,
6/1/23 0:00,5/31/23 16:00,5/31/23 17:00,73.07392578,0.363645554,0.83738786,0.5874,5/31/23 17:00,3.622,
6/1/23 1:00,5/31/23 17:00,5/31/23 18:00,72.29032593,0.365365028,0.840441167,0.5904,5/31/23 18:00,3.646,
6/1/23 2:00,5/31/23 18:00,5/31/23 19:00,71.32462769,0.366855621,0.844726384,0.5947,5/31/23 19:00,3.680,
6/1/23 3:00,5/31/23 19:00,5/31/23 20:00,70.40737915,0.370750427,0.850868225,0.6009,5/31/23 20:00,3.729,
6/1/23 4:00,5/31/23 20:00,5/31/23 21:00,69.35681152,0.372262001,0.857166231,0.6072,5/31/23 21:00,3.779,
6/1/23 5:00,5/31/23 21:00,5/31/23 22:00,68.42615967,0.375188828,0.866458237,0.6165,5/31/23 22:00,3.853,
6/1/23 6:00,5/31/23 22:00,5/31/23 23:00,67.66126404,0.378641129,0.872105122,0.6221,5/31/23 23:00,3.898,
6/1/23 7:00,5/31/23 23:00,6/1/23 0:00,66.983078,0.38022995,0.875785351,0.6258,6/1/23 0:00,3.928,
6/1/23 8:00,6/1/23 0:00,6/1/23 1:00,66.39432068,0.38131237,0.87669611,0.6267,6/1/23 1:00,3.935,
6/1/23 9:00,6/1/23 1:00,6/1/23 2:00,65.93690491,0.382157326,0.881192505,0.6312,6/1/23 2:00,3.971,
6/1/23 10:00,6/1/23 2:00,6/1/23 3:00,65.31362305,0.38403511,0.882771969,0.6328,6/1/23 3:00,3.984,
6/1/23 11:00,6/1/23 3:00,6/1/23 4:00,64.61167908,0.383308411,0.884131491,0.6341,6/1/23 4:00,3.995,
6/1/23 12:00,6/1/23 4:00,6/1/23 5:00,64.04508667,0.383321762,0.881722629,0.6317,6/1/23 5:00,3.975,
6/1/23 13:00,6/1/23 5:00,6/1/23 6:00,64.35322571,0.385719299,0.889729977,0.6397,6/1/23 6:00,4.040,
6/1/23 14:00,6/1/23 6:00,6/1/23 7:00,64.0960083,0.382900238,0.883086503,0.6331,6/1/23 7:00,3.986,
6/1/23 15:00,6/1/23 7:00,6/1/23 8:00,64.54773865,0.369332314,0.850408494,0.6004,6/1/23 8:00,3.725,
6/1/23 16:00,6/1/23 8:00,6/1/23 9:00,65.47795105,0.361618996,0.834558904,0.5846,6/1/23 9:00,3.600,5.675
6/1/23 17:00,6/1/23 9:00,6/1/23 10:00,66.52069092,0.359643936,0.826533973,0.5765,6/1/23 10:00,3.537,
6/1/23 18:00,6/1/23 10:00,6/1/23 11:00,68.02817993,0.355929375,0.819916964,0.5699,6/1/23 11:00,3.485,
6/1/23 19:00,6/1/23 11:00,6/1/23 12:00,69.79197998,0.356344223,0.818502486,0.5685,6/1/23 12:00,3.474,
6/1/23 20:00,6/1/23 12:00,6/1/23 13:00,71.83543701,0.354982376,0.817646801,0.5676,6/1/23 13:00,3.468,
6/1/23 21:00,6/1/23 13:00,6/1/23 14:00,73.27846375,0.353831291,0.8171826,0.5672,6/1/23 14:00,3.464,
6/1/23 22:00,6/1/23 14:00,6/1/23 15:00,74.17780457,0.351556778,0.8114236,0.5614,6/1/23 15:00,3.419,
6/1/23 23:00,6/1/23 15:00,6/1/23 16:00,73.96436768,0.349379539,0.80494076,0.5549,6/1/23 16:00,3.369,
6/2/23 0:00,6/1/23 16:00,6/1/23 17:00,73.15420837,0.35003376,0.809021354,0.5590,6/1/23 17:00,3.400,
6/2/23 1:00,6/1/23 17:00,6/1/23 18:00,72.50409241,0.352304459,0.811597347,0.5616,6/1/23 18:00,3.420,
6/2/23 2:00,6/1/23 18:00,6/1/23 19:00,71.40760193,0.354740143,0.816692054,0.5667,6/1/23 19:00,3.460,
6/2/23 3:00,6/1/23 19:00,6/1/23 20:00,70.22173767,0.357867241,0.827290773,0.5773,6/1/23 20:00,3.543,
6/2/23 4:00,6/1/23 20:00,6/1/23 21:00,68.28830872,0.361650467,0.832972884,0.5830,6/1/23 21:00,3.588,
6/2/23 5:00,6/1/23 21:00,6/1/23 22:00,67.16924133,0.364761353,0.841442108,0.5914,6/1/23 22:00,3.654,
6/2/23 6:00,6/1/23 22:00,6/1/23 23:00,66.29788818,0.367438316,0.847104311,0.5971,6/1/23 23:00,3.699,
6/2/23 7:00,6/1/23 23:00,6/2/23 0:00,65.28102112,0.369428635,0.850148916,0.6001,6/2/23 0:00,3.723,
6/2/23 8:00,6/2/23 0:00,6/2/23 1:00,64.57254028,0.372948647,0.856677949,0.6067,6/2/23 1:00,3.775,
6/2/23 9:00,6/2/23 1:00,6/2/23 2:00,63.86614685,0.374238968,0.862698734,0.6127,6/2/23 2:00,3.823,
6/2/23 10:00,6/2/23 2:00,6/2/23 3:00,63.33965454,0.374193192,0.861686826,0.6117,6/2/23 3:00,3.815,
6/2/23 11:00,6/2/23 3:00,6/2/23 4:00,62.9148407,0.375012398,0.867714286,0.6177,6/2/23 4:00,3.863,
6/2/23 12:00,6/2/23 4:00,6/2/23 5:00,62.43493042,0.375958443,0.863833785,0.6138,6/2/23 5:00,3.832,
6/2/23 13:00,6/2/23 5:00,6/2/23 6:00,62.09083862,0.375415802,0.863831639,0.6138,6/2/23 6:00,3.832,
6/2/23 14:00,6/2/23 6:00,6/2/23 7:00,62.357724,0.372599602,0.860729873,0.6107,6/2/23 7:00,3.807,
6/2/23 15:00,6/2/23 7:00,6/2/23 8:00,63.68720703,0.357733727,0.825013936,0.5750,6/2/23 8:00,3.525,
6/2/23 16:00,6/2/23 8:00,6/2/23 9:00,65.09708252,0.348973274,0.808667183,0.5587,6/2/23 9:00,3.398,
6/2/23 17:00,6/2/23 9:00,6/2/23 10:00,66.59885864,0.346746445,0.79761982,0.5476,6/2/23 10:00,3.312,
6/2/23 18:00,6/2/23 10:00,6/2/23 11:00,68.20247803,0.344504356,0.793336809,0.5433,6/2/23 11:00,3.279,
6/2/23 19:00,6/2/23 11:00,6/2/23 12:00,70.02052307,0.342743874,0.791616499,0.5416,6/2/23 12:00,3.266,
6/2/23 20:00,6/2/23 12:00,6/2/23 13:00,71.87951965,0.340536118,0.784871936,0.5349,6/2/23 13:00,3.214,
6/2/23 21:00,6/2/23 13:00,6/2/23 14:00,73.66287537,0.339701653,0.783349693,0.5333,6/2/23 14:00,3.202,
6/2/23 22:00,6/2/23 14:00,6/2/23 15:00,74.87604065,0.336862564,0.777038455,0.5270,6/2/23 15:00,3.154,
6/2/23 23:00,6/2/23 15:00,6/2/23 16:00,74.89155884,0.334815025,0.772313237,0.5223,6/2/23 16:00,3.118,
6/3/23 0:00,6/2/23 16:00,6/2/23 17:00,73.78452148,0.334488869,0.769433737,0.5194,6/2/23 17:00,3.096,
6/3/23 1:00,6/2/23 17:00,6/2/23 18:00,72.66471252,0.333989143,0.769268751,0.5193,6/2/23 18:00,3.094,
6/3/23 2:00,6/2/23 18:00,6/2/23 19:00,71.72266235,0.335063934,0.769680083,0.5197,6/2/23 19:00,3.098,
6/3/23 3:00,6/2/23 19:00,6/2/23 20:00,70.79538879,0.337042809,0.775487602,0.5255,6/2/23 20:00,3.142,
6/3/23 4:00,6/2/23 20:00,6/2/23 21:00,69.82834473,0.340312004,0.786128044,0.5361,6/2/23 21:00,3.223,
6/3/23 5:00,6/2/23 21:00,6/2/23 22:00,68.88508606,0.34506321,0.793224573,0.5432,6/2/23 22:00,3.278,
6/3/23 6:00,6/2/23 22:00,6/2/23 23:00,68.01516113,0.348218918,0.80308193,0.5531,6/2/23 23:00,3.354,
6/3/23 7:00,6/2/23 23:00,6/3/23 0:00,66.11677856,0.350034714,0.806394815,0.5564,6/3/23 0:00,3.380,
6/3/23 8:00,6/3/23 0:00,6/3/23 1:00,65.3540802,0.35190773,0.814523101,0.5645,6/3/23 1:00,3.443,
6/3/23 9:00,6/3/23 1:00,6/3/23 2:00,64.78265381,0.35293293,0.814487875,0.5645,6/3/23 2:00,3.443,
6/3/23 10:00,6/3/23 2:00,6/3/23 3:00,64.17304993,0.354421616,0.817402601,0.5674,6/3/23 3:00,3.466,
6/3/23 11:00,6/3/23 3:00,6/3/23 4:00,63.64408569,0.354579926,0.815418363,0.5654,6/3/23 4:00,3.450,
6/3/23 12:00,6/3/23 4:00,6/3/23 5:00,63.26513977,0.354836464,0.818449736,0.5684,6/3/23 5:00,3.474,
6/3/23 13:00,6/3/23 5:00,6/3/23 6:00,62.84029846,0.356347084,0.820471346,0.5705,6/3/23 6:00,3.490,
6/3/23 14:00,6/3/23 6:00,6/3/23 7:00,63.33572693,0.353419304,0.814745247,0.5647,6/3/23 7:00,3.445,
6/3/23 15:00,6/3/23 7:00,6/3/23 8:00,64.45506897,0.339952469,0.780980468,0.5310,6/3/23 8:00,3.184,
6/3/23 16:00,6/3/23 8:00,6/3/23 9:00,66.13501587,0.330943108,0.761941195,0.5119,6/3/23 9:00,3.039,
6/3/23 17:00,6/3/23 9:00,6/3/23 10:00,67.7575592,0.327149391,0.758524895,0.5085,6/3/23 10:00,3.013,
6/3/23 18:00,6/3/23 10:00,6/3/23 11:00,69.37502136,0.32938385,0.756144702,0.5061,6/3/23 11:00,2.995,
6/3/23 19:00,6/3/23 11:00,6/3/23 12:00,71.16639709,0.326806068,0.752884626,0.5029,6/3/23 12:00,2.970,
6/3/23 20:00,6/3/23 12:00,6/3/23 13:00,73.23317261,0.32396698,0.746925354,0.4969,6/3/23 13:00,2.925,
6/3/23 21:00,6/3/23 13:00,6/3/23 14:00,74.51533203,0.320144653,0.735851586,0.4859,6/3/23 14:00,2.842,
6/3/23 22:00,6/3/23 14:00,6/3/23 15:00,76.09560547,0.315414429,0.729912043,0.4799,6/3/23 15:00,2.798,
6/3/23 23:00,6/3/23 15:00,6/3/23 16:00,76.42739258,0.312068939,0.721150279,0.4712,6/3/23 16:00,2.733,
6/4/23 0:00,6/3/23 16:00,6/3/23 17:00,74.96261292,0.313043594,0.719608247,0.4696,6/3/23 17:00,2.721,
6/4/23 1:00,6/3/23 17:00,6/3/23 18:00,73.99537659,0.311422348,0.715410948,0.4654,6/3/23 18:00,2.690,
6/4/23 2:00,6/3/23 18:00,6/3/23 19:00,73.40013733,0.309586525,0.715835571,0.4658,6/3/23 19:00,2.693,
6/4/23 3:00,6/3/23 19:00,6/3/23 20:00,72.3343811,0.31176281,0.718231142,0.4682,6/3/23 20:00,2.711,
6/4/23 4:00,6/3/23 20:00,6/3/23 21:00,71.10284119,0.315273285,0.723961651,0.4740,6/3/23 21:00,2.754,
6/4/23 5:00,6/3/23 21:00,6/3/23 22:00,69.99324951,0.317873955,0.731896281,0.4819,6/3/23 22:00,2.813,
6/4/23 6:00,6/3/23 22:00,6/3/23 23:00,69.07355652,0.321959496,0.742523551,0.4925,6/3/23 23:00,2.892,
6/4/23 7:00,6/3/23 23:00,6/4/23 0:00,68.23370667,0.322561264,0.740482092,0.4905,6/4/23 0:00,2.877,
6/4/23 8:00,6/4/23 0:00,6/4/23 1:00,67.51421204,0.324881554,0.746896744,0.4969,6/4/23 1:00,2.925,
6/4/23 9:00,6/4/23 1:00,6/4/23 2:00,66.90232849,0.326886177,0.751133561,0.5011,6/4/23 2:00,2.957,
6/4/23 10:00,6/4/23 2:00,6/4/23 3:00,66.35262756,0.325662613,0.749395728,0.4994,6/4/23 3:00,2.944,
6/4/23 11:00,6/4/23 3:00,6/4/23 4:00,64.67825623,0.327847481,0.755170226,0.5052,6/4/23 4:00,2.987,
6/4/23 12:00,6/4/23 4:00,6/4/23 5:00,63.91838684,0.328437805,0.756798029,0.5068,6/4/23 5:00,3.000,
6/4/23 13:00,6/4/23 5:00,6/4/23 6:00,63.4611908,0.330080986,0.759261847,0.5093,6/4/23 6:00,3.018,
6/4/23 14:00,6/4/23 6:00,6/4/23 7:00,63.71986389,0.328018188,0.755634367,0.5056,6/4/23 7:00,2.991,
6/4/23 15:00,6/4/23 7:00,6/4/23 8:00,65.01490479,0.315508842,0.721885025,0.4719,6/4/23 8:00,2.738,
6/4/23 16:00,6/4/23 8:00,6/4/23 9:00,66.96220398,0.306904793,0.70622021,0.4562,6/4/23 9:00,2.623,
6/4/23 17:00,6/4/23 9:00,6/4/23 10:00,69.04106445,0.302946091,0.697374761,0.4474,6/4/23 10:00,2.558,
6/4/23 18:00,6/4/23 10:00,6/4/23 11:00,70.68769531,0.30017662,0.693252385,0.4433,6/4/23 11:00,2.528,
6/4/23 19:00,6/4/23 11:00,6/4/23 12:00,72.40433655,0.296747208,0.685548663,0.4355,6/4/23 12:00,2.472,
6/4/23 20:00,6/4/23 12:00,6/4/23 13:00,74.20367737,0.291810036,0.673212171,0.4232,6/4/23 13:00,2.383,
6/4/23 21:00,6/4/23 13:00,6/4/23 14:00,76.09560547,0.285917282,0.660565495,0.4106,6/4/23 14:00,2.292,
6/4/23 22:00,6/4/23 14:00,6/4/23 15:00,77.74069824,0.278749466,0.645835638,0.3958,6/4/23 15:00,2.187,
6/4/23 23:00,6/4/23 15:00,6/4/23 16:00,78.74984741,0.272150993,0.62625736,0.3763,6/4/23 16:00,2.050,
6/5/23 0:00,6/4/23 16:00,6/4/23 17:00,77.0455658,0.264116287,0.610673964,0.3607,6/4/23 17:00,1.942,
6/5/23 1:00,6/4/23 17:00,6/4/23 18:00,75.23919373,0.25620079,0.59472537,0.3447,6/4/23 18:00,1.833,
6/5/23 2:00,6/4/23 18:00,6/4/23 19:00,74.07557678,0.252351761,0.581337392,0.3313,6/4/23 19:00,1.743,
6/5/23 3:00,6/4/23 19:00,6/4/23 20:00,73.08169861,0.25042057,0.575712502,0.3257,6/4/23 20:00,1.705,
6/5/23 4:00,6/4/23 20:00,6/4/23 21:00,71.90157471,0.248781204,0.578442454,0.3284,6/4/23 21:00,1.723,
6/5/23 5:00,6/4/23 21:00,6/4/23 22:00,70.46838074,0.253097534,0.581764162,0.3318,6/4/23 22:00,1.746,
6/5/23 6:00,6/4/23 22:00,6/4/23 23:00,69.27106323,0.255783081,0.59125632,0.3413,6/4/23 23:00,1.810,
6/5/23 7:00,6/4/23 23:00,6/5/23 0:00,67.87857361,0.258905411,0.597107828,0.3471,6/5/23 0:00,1.849,
6/5/23 8:00,6/5/23 0:00,6/5/23 1:00,67.0416626,0.260811806,0.601500809,0.3515,6/5/23 1:00,1.879,
6/5/23 9:00,6/5/23 1:00,6/5/23 2:00,66.28618774,0.261884689,0.60446173,0.3545,6/5/23 2:00,1.900,
6/5/23 10:00,6/5/23 2:00,6/5/23 3:00,65.60964966,0.262660027,0.606058776,0.3561,6/5/23 3:00,1.911,
6/5/23 11:00,6/5/23 3:00,6/5/23 4:00,64.95489197,0.262932777,0.602244318,0.3522,6/5/23 4:00,1.884,
6/5/23 12:00,6/5/23 4:00,6/5/23 5:00,64.14692993,0.260274887,0.600741863,0.3507,6/5/23 5:00,1.874,
6/5/23 13:00,6/5/23 5:00,6/5/23 6:00,63.81651611,0.259588242,0.597585142,0.3476,6/5/23 6:00,1.853,
6/5/23 14:00,6/5/23 6:00,6/5/23 7:00,63.58269958,0.254763603,0.587703645,0.3377,6/5/23 7:00,1.786,
6/5/23 15:00,6/5/23 7:00,6/5/23 8:00,64.39371033,0.248016357,0.574810565,0.3248,6/5/23 8:00,1.699,
6/5/23 16:00,6/5/23 8:00,6/5/23 9:00,65.65529785,0.247656822,0.573715091,0.3237,6/5/23 9:00,1.692,
6/5/23 17:00,6/5/23 9:00,6/5/23 10:00,68.05550842,0.238515854,0.549891233,0.2999,6/5/23 10:00,1.534,
6/5/23 18:00,6/5/23 10:00,6/5/23 11:00,70.49304504,0.233135223,0.535616696,0.2856,6/5/23 11:00,1.441,
6/5/23 19:00,6/5/23 11:00,6/5/23 12:00,71.49447632,0.227436066,0.527002275,0.2770,6/5/23 12:00,1.386,
6/5/23 20:00,6/5/23 12:00,6/5/23 13:00,76.56809998,0.217246056,0.50093019,0.2509,6/5/23 13:00,1.222,
6/5/23 21:00,6/5/23 13:00,6/5/23 14:00,77.98179321,0.213259697,0.492113441,0.2421,6/5/23 14:00,1.167,
6/5/23 22:00,6/5/23 14:00,6/5/23 15:00,79.12080078,0.206570625,0.481138587,0.2311,6/5/23 15:00,1.100,
6/5/23 23:00,6/5/23 15:00,6/5/23 16:00,79.32684937,0.20374012,0.470315546,0.2203,6/5/23 16:00,1.034,
6/6/23 0:00,6/5/23 16:00,6/5/23 17:00,78.64805908,0.199157715,0.458328873,0.2083,6/5/23 17:00,0.963,
6/6/23 1:00,6/5/23 17:00,6/5/23 18:00,77.47768555,0.189123154,0.43555209,0.1856,6/5/23 18:00,0.831,
6/6/23 2:00,6/5/23 18:00,6/5/23 19:00,75.13323059,0.191586494,0.442314267,0.1923,6/5/23 19:00,0.870,
6/6/23 3:00,6/5/23 19:00,6/5/23 20:00,73.23317261,0.192481995,0.442056924,0.1921,6/5/23 20:00,0.868,
6/6/23 4:00,6/5/23 20:00,6/5/23 21:00,71.22476196,0.192168236,0.447648823,0.1976,6/5/23 21:00,0.900,
6/6/23 5:00,6/5/23 21:00,6/5/23 22:00,69.64262085,0.193293571,0.445141047,0.1951,6/5/23 22:00,0.886,
6/6/23 6:00,6/5/23 22:00,6/5/23 23:00,68.18816833,0.19233036,0.442796022,0.1928,6/5/23 23:00,0.872,
6/6/23 7:00,6/5/23 23:00,6/6/23 0:00,66.84893494,0.192188263,0.442246079,0.1922,6/6/23 0:00,0.869,
6/6/23 8:00,6/6/23 0:00,6/6/23 1:00,65.80784302,0.190811157,0.438816607,0.1888,6/6/23 1:00,0.849,
6/6/23 9:00,6/6/23 1:00,6/6/23 2:00,64.83744812,0.189138412,0.436465025,0.1865,6/6/23 2:00,0.836,
6/6/23 10:00,6/6/23 2:00,6/6/23 3:00,64.60385132,0.191161156,0.439346761,0.1893,6/6/23 3:00,0.852,
6/6/23 11:00,6/6/23 3:00,6/6/23 4:00,63.85570984,0.190154076,0.439852715,0.1899,6/6/23 4:00,0.855,
6/6/23 12:00,6/6/23 4:00,6/6/23 5:00,63.10309143,0.190428734,0.442362666,0.1924,6/6/23 5:00,0.870,
6/6/23 13:00,6/6/23 5:00,6/6/23 6:00,62.55001221,0.189519882,0.436977595,0.1870,6/6/23 6:00,0.839,
6/6/23 14:00,6/6/23 6:00,6/6/23 7:00,62.61540833,0.189332962,0.431748629,0.1817,6/6/23 7:00,0.809,
6/6/23 15:00,6/6/23 7:00,6/6/23 8:00,62.90701294,0.184791565,0.424931437,0.1749,6/6/23 8:00,0.770,
6/6/23 16:00,6/6/23 8:00,6/6/23 9:00,63.57355347,0.182004929,0.416970372,0.1670,6/6/23 9:00,0.726,
6/6/23 17:00,6/6/23 9:00,6/6/23 10:00,64.35844421,0.175208092,0.407524407,0.1575,6/6/23 10:00,0.674,
6/6/23 18:00,6/6/23 10:00,6/6/23 11:00,65.90427551,0.171730995,0.394318998,0.1443,6/6/23 11:00,0.602,
6/6/23 19:00,6/6/23 11:00,6/6/23 12:00,66.54804688,0.169114113,0.389763206,0.1398,6/6/23 12:00,0.578,
6/6/23 20:00,6/6/23 12:00,6/6/23 13:00,69.41009521,0.389548302,0.897081673,0.6471,6/6/23 13:00,4.099,
6/6/23 21:00,6/6/23 13:00,6/6/23 14:00,67.80048828,0.546361923,1.258181453,1.0082,6/6/23 14:00,7.347,
6/6/23 22:00,6/6/23 14:00,6/6/23 15:00,67.82391663,0.555315018,1.277361631,1.0274,6/6/23 15:00,7.773,
6/6/23 23:00,6/6/23 15:00,6/6/23 16:00,70.32429504,0.518993378,1.19577086,0.9458,6/6/23 16:00,6.658,
6/7/23 0:00,6/6/23 16:00,6/6/23 17:00,71.53207703,0.487652779,1.126160264,0.8762,6/6/23 17:00,6.038,
6/7/23 1:00,6/6/23 17:00,6/6/23 18:00,71.33888245,0.459401131,1.059635997,0.8096,6/6/23 18:00,5.459,
6/7/23 2:00,6/6/23 18:00,6/6/23 19:00,70.63188477,0.433057785,0.996228993,0.7462,6/6/23 19:00,4.919,
6/7/23 3:00,6/6/23 19:00,6/6/23 20:00,69.88679199,0.412848473,0.951443136,0.7014,6/6/23 20:00,4.544,
6/7/23 4:00,6/6/23 20:00,6/6/23 21:00,69.26848145,0.400255203,0.920791149,0.6708,6/6/23 21:00,4.292,
6/7/23 5:00,6/6/23 21:00,6/6/23 22:00,68.66928711,0.390967369,0.899771988,0.6498,6/6/23 22:00,4.121,
6/7/23 6:00,6/6/23 22:00,6/6/23 23:00,68.22329712,0.383234024,0.882640004,0.6326,6/6/23 23:00,3.983,
6/7/23 7:00,6/6/23 23:00,6/7/23 0:00,67.76928711,0.378211975,0.869012177,0.6190,6/7/23 0:00,3.873,
6/7/23 8:00,6/7/23 0:00,6/7/23 1:00,67.42310791,0.371900558,0.855793536,0.6058,6/7/23 1:00,3.768,
6/7/23 9:00,6/7/23 1:00,6/7/23 2:00,67.20049744,0.365558624,0.842260361,0.5923,6/7/23 2:00,3.661,
6/7/23 10:00,6/7/23 2:00,6/7/23 3:00,66.92575684,0.361979485,0.837099612,0.5871,6/7/23 3:00,3.620,
6/7/23 11:00,6/7/23 3:00,6/7/23 4:00,66.57669373,0.35865593,0.823007762,0.5730,6/7/23 4:00,3.509,
6/7/23 12:00,6/7/23 4:00,6/7/23 5:00,66.26663208,0.35498333,0.817070484,0.5671,6/7/23 5:00,3.463,
6/7/23 13:00,6/7/23 5:00,6/7/23 6:00,65.90427551,0.352813721,0.814210713,0.5642,6/7/23 6:00,3.441,
6/7/23 14:00,6/7/23 6:00,6/7/23 7:00,65.64225159,0.350097656,0.809098363,0.5591,6/7/23 7:00,3.401,
6/7/23 15:00,6/7/23 7:00,6/7/23 8:00,65.44537659,0.34313488,0.792766988,0.5428,6/7/23 8:00,3.274,
6/7/23 16:00,6/7/23 8:00,6/7/23 9:00,65.95124207,0.330461502,0.759356439,0.5094,6/7/23 9:00,3.019,
6/7/23 17:00,6/7/23 9:00,6/7/23 10:00,67.70941162,0.321721077,0.741309285,0.4913,6/7/23 10:00,2.883,
6/7/23 18:00,6/7/23 10:00,6/7/23 11:00,68.75121765,0.322125435,0.74119705,0.4912,6/7/23 11:00,2.882,
6/7/23 19:00,6/7/23 11:00,6/7/23 12:00,70.34247742,0.317592621,0.730868995,0.4809,6/7/23 12:00,2.805,
6/7/23 20:00,6/7/23 12:00,6/7/23 13:00,71.74598083,0.313063622,0.726768553,0.4768,6/7/23 13:00,2.774,
6/7/23 21:00,6/7/23 13:00,6/7/23 14:00,73.00918884,0.309104919,0.713200212,0.4632,6/7/23 14:00,2.674,
6/7/23 22:00,6/7/23 14:00,6/7/23 15:00,73.60203857,0.306402206,0.703411043,0.4534,6/7/23 15:00,2.602,
6/7/23 23:00,6/7/23 15:00,6/7/23 16:00,73.66548462,0.287735939,0.663583636,0.4136,6/7/23 16:00,2.314,
6/8/23 0:00,6/7/23 16:00,6/7/23 17:00,73.14511719,0.273619652,0.627462864,0.3775,6/7/23 17:00,2.059,
6/8/23 1:00,6/7/23 17:00,6/7/23 18:00,71.7265625,0.276179314,0.638952434,0.3890,6/7/23 18:00,2.139,
6/8/23 2:00,6/7/23 18:00,6/7/23 19:00,70.58390198,0.283163071,0.651304364,0.4013,6/7/23 19:00,2.226,
6/8/23 3:00,6/7/23 19:00,6/7/23 20:00,69.70755005,0.289843559,0.665433645,0.4154,6/7/23 20:00,2.327,
6/8/23 4:00,6/7/23 20:00,6/7/23 21:00,68.55360107,0.294821739,0.681212842,0.4312,6/7/23 21:00,2.440,
6/8/23 5:00,6/7/23 21:00,6/7/23 22:00,67.52984009,0.299458504,0.690128684,0.4401,6/7/23 22:00,2.505,
6/8/23 6:00,6/7/23 22:00,6/7/23 23:00,66.42818604,0.302290916,0.697383583,0.4474,6/7/23 23:00,2.558,
6/8/23 7:00,6/7/23 23:00,6/8/23 0:00,65.97730713,0.301636696,0.697403371,0.4474,6/8/23 0:00,2.558,
6/8/23 8:00,6/8/23 0:00,6/8/23 1:00,65.90691223,0.302060127,0.69432807,0.4443,6/8/23 1:00,2.536,
6/8/23 9:00,6/8/23 1:00,6/8/23 2:00,65.61879578,0.301613808,0.695520341,0.4455,6/8/23 2:00,2.544,
6/8/23 10:00,6/8/23 2:00,6/8/23 3:00,65.10361938,0.302188873,0.697753131,0.4478,6/8/23 3:00,2.561,
6/8/23 11:00,6/8/23 3:00,6/8/23 4:00,64.64691772,0.302539825,0.69220525,0.4422,6/8/23 4:00,2.520,
6/8/23 12:00,6/8/23 4:00,6/8/23 5:00,64.25791931,0.29874897,0.691492558,0.4415,6/8/23 5:00,2.515,
6/8/23 13:00,6/8/23 5:00,6/8/23 6:00,63.90534058,0.296369553,0.682699919,0.4327,6/8/23 6:00,2.451,
6/8/23 14:00,6/8/23 6:00,6/8/23 7:00,63.79693298,0.289288521,0.666089177,0.4161,6/8/23 7:00,2.331,
6/8/23 15:00,6/8/23 7:00,6/8/23 8:00,64.48638,0.276846886,0.639786124,0.3898,6/8/23 8:00,2.145,
6/8/23 16:00,6/8/23 8:00,6/8/23 9:00,65.99293518,0.262177467,0.602756917,0.3528,6/8/23 9:00,1.888,
6/8/23 17:00,6/8/23 9:00,6/8/23 10:00,66.88930969,0.256379128,0.588539541,0.3385,6/8/23 10:00,1.791,
6/8/23 18:00,6/8/23 10:00,6/8/23 11:00,68.51069946,0.24375248,0.560542703,0.3105,6/8/23 11:00,1.604,
6/8/23 19:00,6/8/23 11:00,6/8/23 12:00,71.2312439,0.232888222,0.538604021,0.2886,6/8/23 12:00,1.461,
6/8/23 20:00,6/8/23 12:00,6/8/23 13:00,73.05321655,0.225955009,0.525700033,0.2757,6/8/23 13:00,1.378,
6/8/23 21:00,6/8/23 13:00,6/8/23 14:00,75.54282837,0.217905998,0.505244076,0.2552,6/8/23 14:00,1.249,
6/8/23 22:00,6/8/23 14:00,6/8/23 15:00,76.3228302,0.211497307,0.486668885,0.2367,6/8/23 15:00,1.134,
6/8/23 23:00,6/8/23 15:00,6/8/23 16:00,75.88384399,0.206958771,0.478256881,0.2283,6/8/23 16:00,1.082,
6/9/23 0:00,6/8/23 16:00,6/8/23 17:00,74.51016846,0.202805519,0.463700771,0.2137,6/8/23 17:00,0.995,
6/9/23 1:00,6/8/23 17:00,6/8/23 18:00,73.12443542,0.198255539,0.455257952,0.2053,6/8/23 18:00,0.945,
6/9/23 2:00,6/8/23 18:00,6/8/23 19:00,72.02470398,0.195676804,0.45156005,0.2016,6/8/23 19:00,0.923,
6/9/23 3:00,6/8/23 19:00,6/8/23 20:00,70.87193604,0.196452141,0.453539878,0.2035,6/8/23 20:00,0.935,
6/9/23 4:00,6/8/23 20:00,6/8/23 21:00,69.56986389,0.197092056,0.453678459,0.2037,6/8/23 21:00,0.936,
6/9/23 5:00,6/8/23 21:00,6/8/23 22:00,68.10623779,0.19873333,0.458603829,0.2086,6/8/23 22:00,0.965,
6/9/23 6:00,6/8/23 22:00,6/8/23 23:00,66.37998352,0.20066452,0.464615911,0.2146,6/8/23 23:00,1.000,
6/9/23 7:00,6/8/23 23:00,6/9/23 0:00,65.73352051,0.204587936,0.473043323,0.2230,6/9/23 0:00,1.051,
6/9/23 8:00,6/9/23 0:00,6/9/23 1:00,65.00185852,0.205461502,0.473234713,0.2232,6/9/23 1:00,1.052,
6/9/23 9:00,6/9/23 1:00,6/9/23 2:00,64.37280884,0.208115578,0.478094071,0.2281,6/9/23 2:00,1.081,
6/9/23 10:00,6/9/23 2:00,6/9/23 3:00,64.01635742,0.208992958,0.480854839,0.2309,6/9/23 3:00,1.098,
6/9/23 11:00,6/9/23 3:00,6/9/23 4:00,63.36055603,0.209252357,0.482154906,0.2322,6/9/23 4:00,1.106,
6/9/23 12:00,6/9/23 4:00,6/9/23 5:00,62.77232056,0.209774017,0.481750131,0.2318,6/9/23 5:00,1.104,
6/9/23 13:00,6/9/23 5:00,6/9/23 6:00,62.188974,0.208399773,0.481468588,0.2315,6/9/23 6:00,1.102,
6/9/23 14:00,6/9/23 6:00,6/9/23 7:00,62.42575684,0.203782082,0.46923548,0.2192,6/9/23 7:00,1.028,
6/9/23 15:00,6/9/23 7:00,6/9/23 8:00,64.80223694,0.19021225,0.437870681,0.1879,6/9/23 8:00,0.844,
6/9/23 16:00,6/9/23 8:00,6/9/23 9:00,67.19140625,0.181040764,0.415848494,0.1658,6/9/23 9:00,0.720,
6/9/23 17:00,6/9/23 9:00,6/9/23 10:00,69.1489502,0.177473068,0.409917802,0.1599,6/9/23 10:00,0.687,
6/9/23 18:00,6/9/23 10:00,6/9/23 11:00,71.50873108,0.172524452,0.399308145,0.1493,6/9/23 11:00,0.629,
6/9/23 19:00,6/9/23 11:00,6/9/23 12:00,73.7094574,0.171504021,0.394961357,0.1450,6/9/23 12:00,0.606,
6/9/23 20:00,6/9/23 12:00,6/9/23 13:00,75.28055725,0.167590141,0.383203417,0.1332,6/9/23 13:00,0.544,
6/9/23 21:00,6/9/23 13:00,6/9/23 14:00,77.14746399,0.161712646,0.377431124,0.1274,6/9/23 14:00,0.514,
6/9/23 22:00,6/9/23 14:00,6/9/23 15:00,76.91911316,0.155990601,0.359238744,0.1092,6/9/23 15:00,0.422,
6/9/23 23:00,6/9/23 15:00,6/9/23 16:00,76.08917847,0.149830818,0.344757468,0.0948,6/9/23 16:00,0.352,
6/10/23 0:00,6/9/23 16:00,6/9/23 17:00,74.74288635,0.145186424,0.332317561,0.0823,6/9/23 17:00,0.294,
6/10/23 1:00,6/9/23 17:00,6/9/23 18:00,72.48464661,0.140856743,0.320498019,0.0705,6/9/23 18:00,0.241,
6/10/23 2:00,6/9/23 18:00,6/9/23 19:00,71.27532654,0.138781548,0.320674032,0.0707,6/9/23 19:00,0.242,
6/10/23 3:00,6/9/23 19:00,6/9/23 20:00,68.78760986,0.138600349,0.319153965,0.0692,6/9/23 20:00,0.235,
6/10/23 4:00,6/9/23 20:00,6/9/23 21:00,66.87368164,0.136940956,0.315394491,0.0654,6/9/23 21:00,0.219,
6/10/23 5:00,6/9/23 21:00,6/9/23 22:00,65.35537109,0.134962082,0.30683285,0.0568,6/9/23 22:00,0.183,
6/10/23 6:00,6/9/23 22:00,6/9/23 23:00,63.89358521,0.130943298,0.297782868,0.0478,6/9/23 23:00,0.147,
6/10/23 7:00,6/9/23 23:00,6/10/23 0:00,62.85600891,0.128555298,0.294498563,0.0445,6/10/23 0:00,0.134,
6/10/23 8:00,6/10/23 0:00,6/10/23 1:00,61.81865234,0.125340462,0.286671668,0.0367,6/10/23 1:00,0.105,
6/10/23 9:00,6/10/23 1:00,6/10/23 2:00,60.55484009,0.123382568,0.287386596,0.0374,6/10/23 2:00,0.107,
6/10/23 10:00,6/10/23 2:00,6/10/23 3:00,59.50852966,0.121628761,0.27766785,0.0277,6/10/23 3:00,0.073,
6/10/23 11:00,6/10/23 3:00,6/10/23 4:00,58.25224304,0.117024422,0.269412011,0.0194,6/10/23 4:00,0.046,
6/10/23 12:00,6/10/23 4:00,6/10/23 5:00,57.23499146,0.114100456,0.259900063,0.0099,6/10/23 5:00,0.020,
6/10/23 13:00,6/10/23 5:00,6/10/23 6:00,56.26009216,0.108181,0.250051558,0.0001,6/10/23 6:00,0.000,
6/10/23 14:00,6/10/23 6:00,6/10/23 7:00,57.30335388,0.103316307,0.23399739,-0.0160,6/10/23 7:00,0.000,
6/10/23 15:00,6/10/23 7:00,6/10/23 8:00,63.69503479,0.086963654,0.200965166,-0.0490,6/10/23 8:00,0.000,
6/10/23 16:00,6/10/23 8:00,6/10/23 9:00,70.69156799,0.068824768,0.161104739,-0.0889,6/10/23 9:00,0.000,
6/10/23 17:00,6/10/23 9:00,6/10/23 10:00,73.97469482,0.058721542,0.133906379,-0.1161,6/10/23 10:00,0.000,
6/10/23 18:00,6/10/23 10:00,6/10/23 11:00,76.95652161,0.045474052,0.105781905,-0.1442,6/10/23 11:00,0.000,
6/10/23 19:00,6/10/23 11:00,6/10/23 12:00,79.21352539,0.030605316,0.071852148,-0.1781,6/10/23 12:00,0.000,
6/10/23 20:00,6/10/23 12:00,6/10/23 13:00,81.27590637,0.017336845,0.045199342,-0.2048,6/10/23 13:00,0.000,
6/10/23 21:00,6/10/23 13:00,6/10/23 14:00,81.73985901,0.002224922,0.006210043,-0.2438,6/10/23 14:00,0.000,
6/10/23 22:00,6/10/23 14:00,6/10/23 15:00,82.7635376,-0.0193367,-0.039952815,-0.2900,6/10/23 15:00,0.000,
6/10/23 23:00,6/10/23 15:00,6/10/23 16:00,83.42966614,-0.005836487,-0.008772813,-0.2588,6/10/23 16:00,0.000,
6/11/23 0:00,6/10/23 16:00,6/10/23 17:00,80.23679199,-0.002662659,-0.013748766,-0.2637,6/10/23 17:00,0.000,
6/11/23 1:00,6/10/23 17:00,6/10/23 18:00,74.28124084,-0.003036499,-0.007382537,-0.2574,6/10/23 18:00,0.000,
6/11/23 2:00,6/10/23 18:00,6/10/23 19:00,73.02083435,-0.00106144,-0.00122969,-0.2512,6/10/23 19:00,0.000,
6/11/23 3:00,6/10/23 19:00,6/10/23 20:00,69.52311707,-5.72E-05,0.00412023,-0.2459,6/10/23 20:00,0.000,
6/11/23 4:00,6/10/23 20:00,6/10/23 21:00,64.83354797,0.004244804,0.012147309,-0.2379,6/10/23 21:00,0.000,
6/11/23 5:00,6/10/23 21:00,6/10/23 22:00,63.47813721,0.00719738,0.015532807,-0.2345,6/10/23 22:00,0.000,
6/11/23 6:00,6/10/23 22:00,6/10/23 23:00,61.79379578,0.006876945,0.017710609,-0.2323,6/10/23 23:00,0.000,
6/11/23 7:00,6/10/23 23:00,6/11/23 0:00,60.22980957,0.008291245,0.018557534,-0.2314,6/11/23 0:00,0.000,
6/11/23 8:00,6/11/23 0:00,6/11/23 1:00,58.55038452,0.010313034,0.021316087,-0.2287,6/11/23 1:00,0.000,
6/11/23 9:00,6/11/23 1:00,6/11/23 2:00,57.23762817,0.009431839,0.023119925,-0.2269,6/11/23 2:00,0.000,
6/11/23 10:00,6/11/23 2:00,6/11/23 3:00,56.11268311,0.009764671,0.025209736,-0.2248,6/11/23 3:00,0.000,
6/11/23 11:00,6/11/23 3:00,6/11/23 4:00,56.77727356,0.010308266,0.025896076,-0.2241,6/11/23 4:00,0.000,
6/11/23 12:00,6/11/23 4:00,6/11/23 5:00,58.16556091,0.010410309,0.023568684,-0.2264,6/11/23 5:00,0.000,
6/11/23 13:00,6/11/23 5:00,6/11/23 6:00,58.46106567,0.011832237,0.024358414,-0.2256,6/11/23 6:00,0.000,
6/11/23 14:00,6/11/23 6:00,6/11/23 7:00,61.06452332,0.009952545,0.02361488,-0.2264,6/11/23 7:00,0.000,
6/11/23 15:00,6/11/23 7:00,6/11/23 8:00,80.85161438,-0.004507065,-0.008088674,-0.2581,6/11/23 8:00,0.000,
6/11/23 16:00,6/11/23 8:00,6/11/23 9:00,90.36764221,-0.013250351,-0.024895165,-0.2749,6/11/23 9:00,0.000,
6/11/23 17:00,6/11/23 9:00,6/11/23 10:00,92.59393921,-0.013622284,-0.027554728,-0.2776,6/11/23 10:00,0.000,
6/11/23 18:00,6/11/23 10:00,6/11/23 11:00,95.50328369,-0.012623787,-0.026672605,-0.2767,6/11/23 11:00,0.000,
6/11/23 19:00,6/11/23 11:00,6/11/23 12:00,93.69935608,-0.007631302,-0.016718499,-0.2667,6/11/23 12:00,0.000,
6/11/23 20:00,6/11/23 12:00,6/11/23 13:00,94.20588074,-0.005750656,-0.013669573,-0.2637,6/11/23 13:00,0.000,
6/11/23 21:00,6/11/23 13:00,6/11/23 14:00,96.25955505,-0.007117271,-0.015414016,-0.2654,6/11/23 14:00,0.000,
6/11/23 22:00,6/11/23 14:00,6/11/23 15:00,94.83311768,-0.006922722,-0.014474701,-0.2645,6/11/23 15:00,0.000,
6/11/23 23:00,6/11/23 15:00,6/11/23 16:00,93.66370544,-0.003868103,-0.010453461,-0.2605,6/11/23 16:00,0.000,
6/12/23 0:00,6/11/23 16:00,6/11/23 17:00,84.81083984,-0.005541801,-0.008449442,-0.2584,6/11/23 17:00,0.000,
6/12/23 1:00,6/11/23 17:00,6/11/23 18:00,80.16219482,-0.005350113,-0.007483729,-0.2575,6/11/23 18:00,0.000,
6/12/23 2:00,6/11/23 18:00,6/11/23 19:00,74.96261292,-6.60E-04,-0.00133308,-0.2513,6/11/23 19:00,0.000,
6/12/23 3:00,6/11/23 19:00,6/11/23 20:00,71.36481018,0.002152443,0.006865584,-0.2431,6/11/23 20:00,0.000,
6/12/23 4:00,6/11/23 20:00,6/11/23 21:00,68.15954895,0.003062248,0.01314602,-0.2369,6/11/23 21:00,0.000,
6/12/23 5:00,6/11/23 21:00,6/11/23 22:00,65.30582275,0.005390167,0.017963586,-0.2320,6/11/23 22:00,0.000,
6/12/23 6:00,6/11/23 22:00,6/11/23 23:00,64.76567993,0.006496429,0.017888794,-0.2321,6/11/23 23:00,0.000,
6/12/23 7:00,6/11/23 23:00,6/12/23 0:00,63.39584961,0.008788109,0.020581352,-0.2294,6/12/23 0:00,0.000,
6/12/23 8:00,6/12/23 0:00,6/12/23 1:00,61.94691772,0.008979797,0.024250623,-0.2257,6/12/23 1:00,0.000,
6/12/23 9:00,6/12/23 1:00,6/12/23 2:00,60.09871521,0.009284973,0.024697183,-0.2253,6/12/23 2:00,0.000,
6/12/23 10:00,6/12/23 2:00,6/12/23 3:00,58.76307983,0.011025429,0.026254643,-0.2237,6/12/23 3:00,0.000,
6/12/23 11:00,6/12/23 3:00,6/12/23 4:00,57.22318115,0.01128006,0.027391942,-0.2226,6/12/23 4:00,0.000,
6/12/23 12:00,6/12/23 4:00,6/12/23 5:00,56.9101532,0.013067245,0.027996887,-0.2220,6/12/23 5:00,0.000,
6/12/23 13:00,6/12/23 5:00,6/12/23 6:00,56.39700928,0.013702393,0.031780545,-0.2182,6/12/23 6:00,0.000,
6/12/23 14:00,6/12/23 6:00,6/12/23 7:00,57.58075867,0.012784004,0.030126296,-0.2199,6/12/23 7:00,0.000,
6/12/23 15:00,6/12/23 7:00,6/12/23 8:00,66.72649231,0.00706768,0.01881931,-0.2312,6/12/23 8:00,0.000,
6/12/23 16:00,6/12/23 8:00,6/12/23 9:00,87.08767395,-0.007354736,-0.013355001,-0.2634,6/12/23 9:00,0.000,
6/12/23 17:00,6/12/23 9:00,6/12/23 10:00,91.50675964,-0.010087967,-0.018194566,-0.2682,6/12/23 10:00,0.000,
6/12/23 18:00,6/12/23 10:00,6/12/23 11:00,91.96315918,-0.007225037,-0.01726405,-0.2673,6/12/23 11:00,0.000,
6/12/23 19:00,6/12/23 11:00,6/12/23 12:00,90.6190094,-0.004778862,-0.010424864,-0.2604,6/12/23 12:00,0.000,
6/12/23 20:00,6/12/23 12:00,6/12/23 13:00,93.17349548,-0.00617981,-0.011949327,-0.2619,6/12/23 13:00,0.000,
6/12/23 21:00,6/12/23 13:00,6/12/23 14:00,95.77154236,-0.005189896,-0.008447242,-0.2584,6/12/23 14:00,0.000,
6/12/23 22:00,6/12/23 14:00,6/12/23 15:00,95.03023987,-3.03E-04,-0.001381476,-0.2514,6/12/23 15:00,0.000,
6/12/23 23:00,6/12/23 15:00,6/12/23 16:00,90.38041382,-0.001696587,-0.001733444,-0.2517,6/12/23 16:00,0.000,
6/13/23 0:00,6/12/23 16:00,6/12/23 17:00,80.5146637,-6.57E-04,0.001396875,-0.2486,6/12/23 17:00,0.000,
6/13/23 1:00,6/12/23 17:00,6/12/23 18:00,75.75854492,-0.001605034,0.001062505,-0.2489,6/12/23 18:00,0.000,
6/13/23 2:00,6/12/23 18:00,6/12/23 19:00,73.12701721,0.003417969,0.010790031,-0.2392,6/12/23 19:00,0.000,
6/13/23 3:00,6/12/23 19:00,6/12/23 20:00,70.74737854,0.0038414,0.015785784,-0.2342,6/12/23 20:00,0.000,
6/13/23 4:00,6/12/23 20:00,6/12/23 21:00,66.58323059,0.00801754,0.020337176,-0.2297,6/12/23 21:00,0.000,
6/13/23 5:00,6/12/23 21:00,6/12/23 22:00,63.98372803,0.008341789,0.023874458,-0.2261,6/12/23 22:00,0.000,
6/13/23 6:00,6/12/23 22:00,6/12/23 23:00,62.51076355,0.010256767,0.026023665,-0.2240,6/12/23 23:00,0.000,
6/13/23 7:00,6/12/23 23:00,6/13/23 0:00,60.40806274,0.012061119,0.029560946,-0.2204,6/13/23 0:00,0.000,
6/13/23 8:00,6/13/23 0:00,6/13/23 1:00,59.55840759,0.0135746,0.029255174,-0.2207,6/13/23 1:00,0.000,
6/13/23 9:00,6/13/23 1:00,6/13/23 2:00,58.47814941,0.012812614,0.035597205,-0.2144,6/13/23 2:00,0.000,
6/13/23 10:00,6/13/23 2:00,6/13/23 3:00,57.28627014,0.013701439,0.030920424,-0.2191,6/13/23 3:00,0.000,
6/13/23 11:00,6/13/23 3:00,6/13/23 4:00,56.45883484,0.01335907,0.033170823,-0.2168,6/13/23 4:00,0.000,
6/13/23 12:00,6/13/23 4:00,6/13/23 5:00,56.18379211,0.015761375,0.036928087,-0.2131,6/13/23 5:00,0.000,
6/13/23 13:00,6/13/23 5:00,6/13/23 6:00,55.40675659,0.015081406,0.036012966,-0.2140,6/13/23 6:00,0.000,
6/13/23 14:00,6/13/23 6:00,6/13/23 7:00,62.0084137,0.013362885,0.031195398,-0.2188,6/13/23 7:00,0.000,
6/13/23 15:00,6/13/23 7:00,6/13/23 8:00,79.89709473,1.53E-05,0.003706667,-0.2463,6/13/23 8:00,0.000,
6/13/23 16:00,6/13/23 8:00,6/13/23 9:00,88.73699646,-0.006772995,-0.012318893,-0.2623,6/13/23 9:00,0.000,
6/13/23 17:00,6/13/23 9:00,6/13/23 10:00,90.57819519,-0.005138397,-0.010004701,-0.2600,6/13/23 10:00,0.000,
6/13/23 18:00,6/13/23 10:00,6/13/23 11:00,93.1492981,-0.006343842,-0.013612378,-0.2636,6/13/23 11:00,0.000,
6/13/23 19:00,6/13/23 11:00,6/13/23 12:00,93.22315369,-0.00454998,-0.010284076,-0.2603,6/13/23 12:00,0.000,
6/13/23 20:00,6/13/23 12:00,6/13/23 13:00,97.19446411,-0.006976128,-0.011669952,-0.2617,6/13/23 13:00,0.000,
6/13/23 21:00,6/13/23 13:00,6/13/23 14:00,96.57464294,-0.002498627,-0.004023439,-0.2540,6/13/23 14:00,0.000,
6/13/23 22:00,6/13/23 14:00,6/13/23 15:00,93.77062988,-0.003645897,-0.006262837,-0.2563,6/13/23 15:00,0.000,
6/13/23 23:00,6/13/23 15:00,6/13/23 16:00,93.89790649,-0.001883507,-0.005101342,-0.2551,6/13/23 16:00,0.000,
6/14/23 0:00,6/13/23 16:00,6/13/23 17:00,87.95353394,-0.001961708,-0.004997951,-0.2550,6/13/23 17:00,0.000,
6/14/23 1:00,6/13/23 17:00,6/13/23 18:00,80.04637146,-0.001235962,-0.001858833,-0.2519,6/13/23 18:00,0.000,
6/14/23 2:00,6/13/23 18:00,6/13/23 19:00,76.07495117,0.001864433,0.009456951,-0.2405,6/13/23 19:00,0.000,
6/14/23 3:00,6/13/23 19:00,6/13/23 20:00,74.67955017,0.003723145,0.008781612,-0.2412,6/13/23 20:00,0.000,
6/14/23 4:00,6/13/23 20:00,6/13/23 21:00,68.71350708,0.005160332,0.0111398,-0.2389,6/13/23 21:00,0.000,
6/14/23 5:00,6/13/23 21:00,6/13/23 22:00,65.99686279,0.007264137,0.021085106,-0.2289,6/13/23 22:00,0.000,
6/14/23 6:00,6/13/23 22:00,6/13/23 23:00,63.15535889,0.009177208,0.025315328,-0.2247,6/13/23 23:00,0.000,
6/14/23 7:00,6/13/23 23:00,6/14/23 0:00,61.42462769,0.010759354,0.024998555,-0.2250,6/14/23 0:00,0.000,
6/14/23 8:00,6/14/23 0:00,6/14/23 1:00,60.21799927,0.012114525,0.030282483,-0.2197,6/14/23 1:00,0.000,
6/14/23 9:00,6/14/23 1:00,6/14/23 2:00,58.83135986,0.012990952,0.032389894,-0.2176,6/14/23 2:00,0.000,
6/14/23 10:00,6/14/23 2:00,6/14/23 3:00,57.72141113,0.01322937,0.032752857,-0.2172,6/14/23 3:00,0.000,
6/14/23 11:00,6/14/23 3:00,6/14/23 4:00,56.78386536,0.014614105,0.033670176,-0.2163,6/14/23 4:00,0.000,
6/14/23 12:00,6/14/23 4:00,6/14/23 5:00,56.20219421,0.013522148,0.032526281,-0.2175,6/14/23 5:00,0.000,
6/14/23 13:00,6/14/23 5:00,6/14/23 6:00,55.64518738,0.014812469,0.039323669,-0.2107,6/14/23 6:00,0.000,
6/14/23 14:00,6/14/23 6:00,6/14/23 7:00,62.14711609,0.013419151,0.033472195,-0.2165,6/14/23 7:00,0.000,
6/14/23 15:00,6/14/23 7:00,6/14/23 8:00,81.43015442,-7.87E-04,-0.001176894,-0.2512,6/14/23 8:00,0.000,
6/14/23 16:00,6/14/23 8:00,6/14/23 9:00,90.04601746,-0.00662899,-0.012270498,-0.2623,6/14/23 9:00,0.000,
6/14/23 17:00,6/14/23 9:00,6/14/23 10:00,95.82490845,-0.009676933,-0.019294469,-0.2693,6/14/23 10:00,0.000,
6/14/23 18:00,6/14/23 10:00,6/14/23 11:00,97.77215271,-0.010338783,-0.019180078,-0.2692,6/14/23 11:00,0.000,
6/14/23 19:00,6/14/23 11:00,6/14/23 12:00,96.71947021,-0.006274223,-0.01425912,-0.2643,6/14/23 12:00,0.000,
6/14/23 20:00,6/14/23 12:00,6/14/23 13:00,97.43701477,-0.006705284,-0.01146977,-0.2615,6/14/23 13:00,0.000,
